time,node_time,node_seq,boot_id,effective_time,clock_source,mac,esp_id,batch_id,experiment_id,trial_type,trial_position,raw_room,raw_rssi,ground_truth_room,ground_truth_scenario,baseline_room,baseline_changed,median_room,median_changed,median_hysteresis_room,median_hysteresis_changed,median_hysteresis_rejected,median_hysteresis_persistence_room,median_hysteresis_persistence_changed,baseline_agrees_with_final,median_agrees_with_final,median_hysteresis_agrees_with_final
2026-08-25 12:46:15,2026-08-25 12:46:10,392,1151497274,2026-08-25 12:46:15,server,c3:00:00:13:3b:b7,ESP-02,a4c1cf36-f720-4fe7-b083-c55fe6dbdf9c,DIN-AB-R1,dynamic,AB,Sala A,-72,,,Sala A,True,Sala A,True,Sala A,True,False,,False,False,False,False
2026-08-25 12:46:17,2026-08-25 12:46:16,1082,1690126268,2026-08-25 12:46:17,server,c3:00:00:13:3b:b7,ESP-03,370f0298-0319-4e6e-ae4f-0b09f210608a,DIN-AB-R1,dynamic,AB,Sala B,-83,,,Sala B,True,Sala A,False,Sala A,False,False,,False,False,False,False
2026-08-25 12:46:24,2026-08-25 12:46:23,1033,2239514506,2026-08-25 12:46:24,server,c3:00:00:13:3b:b7,ESP-01,d19900ee-982a-4aba-a447-139bee1d1e0d,DIN-AB-R1,dynamic,AB,Corredor,-87,,,Corredor,True,Sala A,False,Sala A,False,False,Sala A,True,False,True,True
2026-08-25 12:46:29,2026-08-25 12:46:28,1083,1690126268,2026-08-25 12:46:29,server,c3:00:00:13:3b:b7,ESP-03,3e703e5d-892d-4cc1-bd3f-e8af8321f301,DIN-AB-R1,dynamic,AB,Sala B,-82,,,Sala B,True,Sala A,False,Sala A,False,False,Sala A,False,False,True,True
2026-08-25 12:46:30,2026-08-25 12:46:26,393,1151497274,2026-08-25 12:46:30,server,c3:00:00:13:3b:b7,ESP-02,1ba2cdfd-4c58-4ffa-8423-25ea8588f97b,DIN-AB-R1,dynamic,AB,Sala A,-76,,,Sala A,True,Sala A,False,Sala A,False,False,Sala A,False,True,True,True
2026-08-25 12:46:48,2026-08-25 12:46:48,1035,2239514506,2026-08-25 12:46:48,server,c3:00:00:13:3b:b7,ESP-01,3d8a0ec3-177a-4c75-aebc-a32312367a1c,DIN-AB-R1,dynamic,AB,Corredor,-76,Sala A,movimento,Corredor,True,Sala A,False,Sala A,False,False,Sala A,False,False,True,True
2026-08-25 12:46:54,2026-08-25 12:46:53,1085,1690126268,2026-08-25 12:46:54,server,c3:00:00:13:3b:b7,ESP-03,4036fb11-8fb9-4e0c-a7c7-0707fd079d06,DIN-AB-R1,dynamic,AB,Sala B,-99,Sala A,movimento,Sala B,True,Sala A,False,Sala A,False,False,Sala A,False,False,True,True
2026-08-25 12:47:01,2026-08-25 12:47:00,1036,2239514506,2026-08-25 12:47:01,server,c3:00:00:13:3b:b7,ESP-01,64c47e27-c461-48a9-bb44-7cd82f7cc49a,DIN-AB-R1,dynamic,AB,Corredor,-86,Sala A,movimento,Corredor,True,Sala A,False,Sala A,False,False,Sala A,False,False,True,True
2026-08-25 12:47:06,2026-08-25 12:47:05,1086,1690126268,2026-08-25 12:47:06,server,c3:00:00:13:3b:b7,ESP-03,091f1589-e2b2-4fab-9465-5ed5f6eccce0,DIN-AB-R1,dynamic,AB,Sala B,-85,Corredor,movimento,Sala B,True,Sala A,False,Sala A,False,False,Sala A,False,False,True,True
2026-08-25 12:47:07,2026-08-25 12:47:05,396,1151497274,2026-08-25 12:47:07,server,c3:00:00:13:3b:b7,ESP-02,a9e3f4c9-25b0-4e7e-9d82-d3e3db4efa6f,DIN-AB-R1,dynamic,AB,Sala A,-50,Corredor,movimento,Sala A,True,Sala A,False,Sala A,False,False,Sala A,False,True,True,True
2026-08-25 12:47:13,2026-08-25 12:47:12,1037,2239514506,2026-08-25 12:47:13,server,c3:00:00:13:3b:b7,ESP-01,d4162deb-f115-461f-9ffc-7d0e2d2e044b,DIN-AB-R1,dynamic,AB,Corredor,-47,Corredor,movimento,Corredor,True,Sala A,False,Sala A,False,False,Sala A,False,False,True,True
2026-08-25 12:47:18,2026-08-25 12:47:17,1087,1690126268,2026-08-25 12:47:18,server,c3:00:00:13:3b:b7,ESP-03,87d75573-aed7-4298-a3d6-3db799cb1cd2,DIN-AB-R1,dynamic,AB,Sala B,-67,Sala B,movimento,Sala B,True,Sala A,False,Sala A,False,False,Sala A,False,False,True,True
2026-08-25 12:47:19,2026-08-25 12:47:18,397,1151497274,2026-08-25 12:47:19,server,c3:00:00:13:3b:b7,ESP-02,01d22895-9fbb-41a1-9553-f230b9c8b1c6,DIN-AB-R1,dynamic,AB,Sala A,-88,Sala B,movimento,Sala A,True,Corredor,True,Sala A,False,True,Sala A,False,True,False,True
2026-08-25 13:08:51,2026-08-25 13:08:51,1190,1690126268,2026-08-25 13:08:51,server,c3:00:00:13:3b:b7,ESP-03,c2f81693-07e8-43a6-9dc1-836a15b66932,DIN-AB-R10,dynamic,AB,Sala B,-90,Sala A,movimento,Sala B,True,Sala B,True,Sala B,True,False,,False,False,False,False
2026-08-25 13:08:53,2026-08-25 13:08:52,1141,2239514506,2026-08-25 13:08:53,server,c3:00:00:13:3b:b7,ESP-01,5f9d41ae-58d7-4759-9091-429f5d8f2319,DIN-AB-R10,dynamic,AB,Corredor,-89,Sala A,movimento,Corredor,True,Corredor,True,Sala B,False,True,,False,False,False,False
2026-08-25 13:08:55,2026-08-25 13:08:54,3,3224482206,2026-08-25 13:08:55,server,c3:00:00:13:3b:b7,ESP-02,3b7b6a15-e4d6-4861-9d26-bbccf1103281,DIN-AB-R10,dynamic,AB,Sala A,-56,Sala A,movimento,Sala A,True,Sala A,True,Sala A,True,False,,False,False,False,False
2026-08-25 13:09:04,2026-08-25 13:09:03,1191,1690126268,2026-08-25 13:09:04,server,c3:00:00:13:3b:b7,ESP-03,1f4ccafa-b5c3-42ea-b27a-9d8456257a97,DIN-AB-R10,dynamic,AB,Sala B,-85,Sala A,movimento,Sala B,True,Sala A,False,Sala A,False,False,,False,False,False,False
2026-08-25 13:09:05,2026-08-25 13:09:04,1142,2239514506,2026-08-25 13:09:05,server,c3:00:00:13:3b:b7,ESP-01,8d5cef7b-62e9-430f-a9a3-0950fc335273,DIN-AB-R10,dynamic,AB,Corredor,-77,Sala A,movimento,Corredor,True,Sala A,False,Sala A,False,False,Sala A,True,False,True,True
2026-08-25 13:09:08,2026-08-25 13:09:07,4,3224482206,2026-08-25 13:09:08,server,c3:00:00:13:3b:b7,ESP-02,d5b35cc0-69bb-4a91-88c8-d3485baee656,DIN-AB-R10,dynamic,AB,Sala A,-57,Corredor,movimento,Sala A,True,Sala A,False,Sala A,False,False,Sala A,False,True,True,True
2026-08-25 13:09:16,2026-08-25 13:09:15,1192,1690126268,2026-08-25 13:09:16,server,c3:00:00:13:3b:b7,ESP-03,1b45e3bb-7922-431e-b8b6-0f4916968265,DIN-AB-R10,dynamic,AB,Sala B,-75,Sala B,movimento,Sala B,True,Sala A,False,Sala A,False,False,Sala A,False,False,True,True
2026-08-25 13:09:17,2026-08-25 13:09:16,1143,2239514506,2026-08-25 13:09:17,server,c3:00:00:13:3b:b7,ESP-01,33625b11-0b7f-472a-ae53-de90766ab281,DIN-AB-R10,dynamic,AB,Corredor,-76,Sala B,movimento,Corredor,True,Sala A,False,Sala A,False,False,Sala A,False,False,True,True
2026-08-25 13:09:20,2026-08-25 13:09:19,5,3224482206,2026-08-25 13:09:20,server,c3:00:00:13:3b:b7,ESP-02,ede1af2c-cacf-40ae-af0d-b0b8d167ea4a,DIN-AB-R10,dynamic,AB,Sala A,-91,Sala B,movimento,Sala A,True,Sala A,False,Sala A,False,False,Sala A,False,True,True,True
2026-08-25 12:48:45,2026-08-25 12:48:44,1094,1690126268,2026-08-25 12:48:45,server,c3:00:00:13:3b:b7,ESP-03,5102ff6f-fbc1-451f-8f16-2e74a9781a67,DIN-AB-R2,dynamic,AB,Sala B,-90,Sala A,movimento,Sala B,True,Sala B,True,Sala B,True,False,,False,False,False,False
2026-08-25 12:48:48,2026-08-25 12:48:45,404,1151497274,2026-08-25 12:48:48,server,c3:00:00:13:3b:b7,ESP-02,947ae5f2-042c-4a93-b6d3-58214eb99ce6,DIN-AB-R2,dynamic,AB,Sala A,-61,Sala A,movimento,Sala A,True,Sala A,True,Sala A,True,False,,False,False,False,False
2026-08-25 12:48:52,2026-08-25 12:48:51,1045,2239514506,2026-08-25 12:48:52,server,c3:00:00:13:3b:b7,ESP-01,c32af841-6293-4fa8-b193-ba4ea261cf94,DIN-AB-R2,dynamic,AB,Corredor,-81,Sala A,movimento,Corredor,True,Sala A,False,Sala A,False,False,,False,False,False,False
2026-08-25 12:48:57,2026-08-25 12:48:56,1095,1690126268,2026-08-25 12:48:57,server,c3:00:00:13:3b:b7,ESP-03,d9b1003e-282f-49c0-9373-5daf588be769,DIN-AB-R2,dynamic,AB,Sala B,-86,Sala A,movimento,Sala B,True,Sala A,False,Sala A,False,False,Sala A,True,False,True,True
2026-08-25 12:49:01,2026-08-25 12:49:00,405,1151497274,2026-08-25 12:49:01,server,c3:00:00:13:3b:b7,ESP-02,ce742b31-8813-4a8a-b357-c0a5776565c8,DIN-AB-R2,dynamic,AB,Sala A,-61,Sala A,movimento,Sala A,True,Sala A,False,Sala A,False,False,Sala A,False,True,True,True
2026-08-25 12:49:04,2026-08-25 12:49:03,1046,2239514506,2026-08-25 12:49:04,server,c3:00:00:13:3b:b7,ESP-01,9ecbaac2-a8ab-471e-b74b-65a74b0892e3,DIN-AB-R2,dynamic,AB,Corredor,-81,Sala A,movimento,Corredor,True,Sala A,False,Sala A,False,False,Sala A,False,False,True,True
2026-08-25 12:49:09,2026-08-25 12:49:08,1096,1690126268,2026-08-25 12:49:09,server,c3:00:00:13:3b:b7,ESP-03,e97b09df-26d7-4c46-9769-2d5bf8135d90,DIN-AB-R2,dynamic,AB,Sala B,-89,Corredor,movimento,Sala B,True,Sala A,False,Sala A,False,False,Sala A,False,False,True,True
2026-08-25 12:49:13,2026-08-25 12:49:13,406,1151497274,2026-08-25 12:49:13,server,c3:00:00:13:3b:b7,ESP-02,4094b71e-63ad-4e13-b85c-637a4300c1b1,DIN-AB-R2,dynamic,AB,Sala A,-92,Sala B,movimento,Sala A,True,Sala A,False,Sala A,False,False,Sala A,False,True,True,True
2026-08-25 12:49:16,2026-08-25 12:49:16,1047,2239514506,2026-08-25 12:49:16,server,c3:00:00:13:3b:b7,ESP-01,20b71a3e-c5ff-4ce5-807e-91d0e347201e,DIN-AB-R2,dynamic,AB,Corredor,-78,Sala B,movimento,Corredor,True,Sala A,False,Sala A,False,False,Sala A,False,False,True,True
2026-08-25 12:49:22,2026-08-25 12:49:21,1097,1690126268,2026-08-25 12:49:22,server,c3:00:00:13:3b:b7,ESP-03,1f8bfc8d-54c9-465e-8c2c-b029208d6ee0,DIN-AB-R2,dynamic,AB,Sala B,-72,Sala B,movimento,Sala B,True,Corredor,True,Sala A,False,True,Sala A,False,False,False,True
2026-08-25 12:49:29,2026-08-25 12:49:28,1048,2239514506,2026-08-25 12:49:29,server,c3:00:00:13:3b:b7,ESP-01,8a4615c4-d68e-4c17-858f-f6e44633c2fc,DIN-AB-R2,dynamic,AB,Corredor,-97,Sala B,movimento,Corredor,True,Sala B,True,Sala A,False,True,Sala A,False,False,False,True
2026-08-25 12:51:00,2026-08-25 12:50:59,1105,1690126268,2026-08-25 12:51:00,server,c3:00:00:13:3b:b7,ESP-03,d3957a50-7a98-4521-b571-995eab3cac53,DIN-AB-R3,dynamic,AB,Sala B,-77,,,Sala B,True,Sala B,True,Sala B,True,False,,False,False,False,False
2026-08-25 12:51:08,2026-08-25 12:51:07,1056,2239514506,2026-08-25 12:51:08,server,c3:00:00:13:3b:b7,ESP-01,141d55ef-a5fc-4e68-8cc0-678d04b94c2d,DIN-AB-R3,dynamic,AB,Corredor,-81,Sala A,movimento,Corredor,True,Sala B,False,Sala B,False,False,,False,False,False,False
2026-08-25 12:51:08,2026-08-25 12:51:03,415,1151497274,2026-08-25 12:51:08,server,c3:00:00:13:3b:b7,ESP-02,eca95ad0-d746-43b4-8e9b-720e24711887,DIN-AB-R3,dynamic,AB,Sala A,-71,Sala A,movimento,Sala A,True,Sala A,True,Sala A,True,False,,False,False,False,False
2026-08-25 12:51:12,2026-08-25 12:51:11,1106,1690126268,2026-08-25 12:51:12,server,c3:00:00:13:3b:b7,ESP-03,f17eb084-a1d8-42e3-a339-42c24591b6f5,DIN-AB-R3,dynamic,AB,Sala B,-92,Sala A,movimento,Sala B,True,Sala A,False,Sala A,False,False,,False,False,False,False
2026-08-25 12:51:20,2026-08-25 12:51:20,1057,2239514506,2026-08-25 12:51:20,server,c3:00:00:13:3b:b7,ESP-01,3bcee67f-c1ee-4628-b654-c3c3059b0420,DIN-AB-R3,dynamic,AB,Corredor,-84,Sala A,movimento,Corredor,True,Sala A,False,Sala A,False,False,Sala A,True,False,True,True
2026-08-25 12:51:24,2026-08-25 12:51:24,1107,1690126268,2026-08-25 12:51:24,server,c3:00:00:13:3b:b7,ESP-03,6e3fc89b-214c-4f8a-8cb1-1a3ab90d3cf6,DIN-AB-R3,dynamic,AB,Sala B,-95,Sala A,movimento,Sala B,True,Sala A,False,Sala A,False,False,Sala A,False,False,True,True
2026-08-25 12:51:27,2026-08-25 12:51:25,417,1151497274,2026-08-25 12:51:27,server,c3:00:00:13:3b:b7,ESP-02,15189602-6861-4b45-bfcd-36c264d5998c,DIN-AB-R3,dynamic,AB,Sala A,-56,Corredor,movimento,Sala A,True,Sala A,False,Sala A,False,False,Sala A,False,True,True,True
2026-08-25 12:51:33,2026-08-25 12:51:32,1058,2239514506,2026-08-25 12:51:33,server,c3:00:00:13:3b:b7,ESP-01,015f341d-ae04-4cc7-8b53-5fd1da6453a4,DIN-AB-R3,dynamic,AB,Corredor,-70,Sala B,movimento,Corredor,True,Sala A,False,Sala A,False,False,Sala A,False,False,True,True
2026-08-25 12:51:37,2026-08-25 12:51:36,1108,1690126268,2026-08-25 12:51:37,server,c3:00:00:13:3b:b7,ESP-03,e277b228-cecc-42e4-af60-c6e78469be14,DIN-AB-R3,dynamic,AB,Sala B,-84,Sala B,movimento,Sala B,True,Sala A,False,Sala A,False,False,Sala A,False,False,True,True
2026-08-25 12:51:40,2026-08-25 12:51:13,416,1151497274,2026-08-25 12:51:40,server,c3:00:00:13:3b:b7,ESP-02,24cc0e1d-f1f5-4166-be28-6e8eeb9c9ceb,DIN-AB-R3,dynamic,AB,Sala A,-65,Sala B,movimento,Sala A,True,Sala A,False,Sala A,False,False,Sala A,False,True,True,True
2026-08-25 12:51:43,2026-08-25 12:51:38,418,1151497274,2026-08-25 12:51:43,server,c3:00:00:13:3b:b7,ESP-02,ce14e436-9397-404c-ac3e-5c2ba4b33036,DIN-AB-R3,dynamic,AB,Sala A,-98,Sala B,movimento,Sala A,False,Sala A,False,Sala A,False,False,Sala A,False,True,True,True
2026-08-25 12:51:45,2026-08-25 12:51:44,1059,2239514506,2026-08-25 12:51:45,server,c3:00:00:13:3b:b7,ESP-01,3b78541c-d2ee-44a6-b1b7-dfa19a864ce4,DIN-AB-R3,dynamic,AB,Corredor,-88,Sala B,movimento,Corredor,True,Corredor,True,Sala A,False,True,Sala A,False,False,False,True
2026-08-25 12:51:49,2026-08-25 12:51:48,1109,1690126268,2026-08-25 12:51:49,server,c3:00:00:13:3b:b7,ESP-03,ce6397ad-ffdc-41bb-bc7c-f2651b1f9e69,DIN-AB-R3,dynamic,AB,Sala B,-71,Sala B,movimento,Sala B,True,Sala B,True,Sala A,False,True,Sala A,False,False,False,True
2026-08-25 12:54:04,2026-08-25 12:54:03,1120,1690126268,2026-08-25 12:54:04,server,c3:00:00:13:3b:b7,ESP-03,8c9b2bfc-7e64-4913-b090-a1fd851cb25c,DIN-AB-R4,dynamic,AB,Sala B,-81,Sala A,movimento,Sala B,True,Sala B,True,Sala B,True,False,,False,False,False,False
2026-08-25 12:54:12,2026-08-25 12:54:12,1071,2239514506,2026-08-25 12:54:12,server,c3:00:00:13:3b:b7,ESP-01,54c8e94d-45c9-48c3-8187-b5e381f92b41,DIN-AB-R4,dynamic,AB,Corredor,-86,Sala A,movimento,Corredor,True,Sala B,False,Sala B,False,False,,False,False,False,False
2026-08-25 12:54:16,2026-08-25 12:54:16,1121,1690126268,2026-08-25 12:54:16,server,c3:00:00:13:3b:b7,ESP-03,921c4876-e07f-4209-bceb-06a123bf83d2,DIN-AB-R4,dynamic,AB,Sala B,-85,Sala A,movimento,Sala B,True,Sala B,False,Sala B,False,False,Sala B,True,True,True,True
2026-08-25 12:54:23,2026-08-25 12:53:58,429,1151497274,2026-08-25 12:54:23,server,c3:00:00:13:3b:b7,ESP-02,efbc777a-d624-4b90-bb44-c5d827c792cc,DIN-AB-R4,dynamic,AB,Sala A,-74,Corredor,movimento,Sala A,True,Sala A,True,Sala A,True,False,Sala B,False,False,False,False
2026-08-25 12:54:25,2026-08-25 12:54:24,1072,2239514506,2026-08-25 12:54:25,server,c3:00:00:13:3b:b7,ESP-01,e3c91960-5ecd-4d88-ad15-2411a394335e,DIN-AB-R4,dynamic,AB,Corredor,-84,Corredor,movimento,Corredor,True,Sala A,False,Sala A,False,False,Sala B,False,False,False,False
2026-08-25 12:54:25,2026-08-25 12:54:20,431,1151497274,2026-08-25 12:54:25,server,c3:00:00:13:3b:b7,ESP-02,6b8703fb-e94f-41dc-9015-c513156c5eaf,DIN-AB-R4,dynamic,AB,Sala A,-61,Corredor,movimento,Sala A,True,Sala A,False,Sala A,False,False,Sala A,True,True,True,True
2026-08-25 12:54:28,2026-08-25 12:54:09,430,1151497274,2026-08-25 12:54:28,server,c3:00:00:13:3b:b7,ESP-02,ebea5df6-5d8a-4571-8289-549f20fb33e2,DIN-AB-R4,dynamic,AB,Sala A,-59,Corredor,movimento,Sala A,False,Sala A,False,Sala A,False,False,Sala A,False,True,True,True
2026-08-25 12:54:29,2026-08-25 12:54:28,1122,1690126268,2026-08-25 12:54:29,server,c3:00:00:13:3b:b7,ESP-03,7b3b707f-2cb0-486a-87a2-9a2dd8b275f1,DIN-AB-R4,dynamic,AB,Sala B,-96,Sala B,movimento,Sala B,True,Sala A,False,Sala A,False,False,Sala A,False,False,True,True
2026-08-25 12:54:37,2026-08-25 12:54:36,1073,2239514506,2026-08-25 12:54:37,server,c3:00:00:13:3b:b7,ESP-01,a9f42978-6039-42b3-a90c-2732ea3fcdfd,DIN-AB-R4,dynamic,AB,Corredor,-86,Sala B,movimento,Corredor,True,Sala A,False,Sala A,False,False,Sala A,False,False,True,True
2026-08-25 12:54:39,2026-08-25 12:54:31,432,1151497274,2026-08-25 12:54:39,server,c3:00:00:13:3b:b7,ESP-02,15aeab5a-1538-4ac8-831f-d20cb996dbe5,DIN-AB-R4,dynamic,AB,Sala A,-94,Sala B,movimento,Sala A,True,Sala A,False,Sala A,False,False,Sala A,False,True,True,True
2026-08-25 12:54:41,2026-08-25 12:54:40,1123,1690126268,2026-08-25 12:54:41,server,c3:00:00:13:3b:b7,ESP-03,349a47fa-4d08-4497-9eb9-2188b243bde3,DIN-AB-R4,dynamic,AB,Sala B,-77,Sala B,movimento,Sala B,True,Sala A,False,Sala A,False,False,Sala A,False,False,True,True
2026-08-25 12:54:43,2026-08-25 12:54:42,433,1151497274,2026-08-25 12:54:43,server,c3:00:00:13:3b:b7,ESP-02,11f4b825-1422-463c-bcf4-cb07d867e187,DIN-AB-R4,dynamic,AB,Sala A,-99,Sala B,movimento,Sala A,True,Corredor,True,Sala A,False,True,Sala A,False,True,False,True
2026-08-25 12:55:55,2026-08-25 12:55:54,1129,1690126268,2026-08-25 12:55:55,server,c3:00:00:13:3b:b7,ESP-03,c2ec516b-23d7-4c13-8c10-afcc1f49229b,DIN-AB-R5,dynamic,AB,Sala B,-95,Sala A,movimento,Sala B,True,Sala B,True,Sala B,True,False,,False,False,False,False
2026-08-25 12:56:03,2026-08-25 12:56:02,1080,2239514506,2026-08-25 12:56:03,server,c3:00:00:13:3b:b7,ESP-01,9b0caab0-e295-489f-ba9d-c1663260bc9d,DIN-AB-R5,dynamic,AB,Corredor,-79,Sala A,movimento,Corredor,True,Corredor,True,Corredor,True,False,,False,False,False,False
2026-08-25 12:56:03,2026-08-25 12:56:02,439,1151497274,2026-08-25 12:56:03,server,c3:00:00:13:3b:b7,ESP-02,76b439b9-7f38-415a-bc1b-69dae32e06ab,DIN-AB-R5,dynamic,AB,Sala A,-54,Sala A,movimento,Sala A,True,Sala A,True,Sala A,True,False,,False,False,False,False
2026-08-25 12:56:07,2026-08-25 12:56:06,1130,1690126268,2026-08-25 12:56:07,server,c3:00:00:13:3b:b7,ESP-03,51f223ea-f8fd-45a2-9b02-876edc2c663c,DIN-AB-R5,dynamic,AB,Sala B,-92,Sala A,movimento,Sala B,True,Sala A,False,Sala A,False,False,,False,False,False,False
2026-08-25 12:56:15,2026-08-25 12:56:14,1081,2239514506,2026-08-25 12:56:15,server,c3:00:00:13:3b:b7,ESP-01,8cd2873f-6301-44d6-ae1d-799dffda9f9e,DIN-AB-R5,dynamic,AB,Corredor,-72,Sala A,movimento,Corredor,True,Sala A,False,Sala A,False,False,Sala A,True,False,True,True
2026-08-25 12:56:19,2026-08-25 12:56:14,440,1151497274,2026-08-25 12:56:19,server,c3:00:00:13:3b:b7,ESP-02,efaa7956-617a-4657-b5b6-2f712e52df74,DIN-AB-R5,dynamic,AB,Sala A,-57,Corredor,movimento,Sala A,True,Sala A,False,Sala A,False,False,Sala A,False,True,True,True
2026-08-25 12:56:19,2026-08-25 12:56:18,1131,1690126268,2026-08-25 12:56:19,server,c3:00:00:13:3b:b7,ESP-03,569dde50-7911-4225-80e2-83a8487d9d87,DIN-AB-R5,dynamic,AB,Sala B,-88,Corredor,movimento,Sala B,True,Sala A,False,Sala A,False,False,Sala A,False,False,True,True
2026-08-25 12:56:28,2026-08-25 12:56:27,1082,2239514506,2026-08-25 12:56:28,server,c3:00:00:13:3b:b7,ESP-01,b3d4b348-dfae-4557-b08b-a72b4f5b52c0,DIN-AB-R5,dynamic,AB,Corredor,-60,Sala B,movimento,Corredor,True,Sala A,False,Sala A,False,False,Sala A,False,False,True,True
2026-08-25 12:56:31,2026-08-25 12:56:30,441,1151497274,2026-08-25 12:56:31,server,c3:00:00:13:3b:b7,ESP-02,59660376-caf9-445b-a33a-dfe5732da8dd,DIN-AB-R5,dynamic,AB,Sala A,-82,Sala B,movimento,Sala A,True,Corredor,True,Sala A,False,True,Sala A,False,True,False,True
2026-08-25 12:56:32,2026-08-25 12:56:31,1132,1690126268,2026-08-25 12:56:32,server,c3:00:00:13:3b:b7,ESP-03,93c8bf92-76fe-45ab-aadf-0b9c5f7c7390,DIN-AB-R5,dynamic,AB,Sala B,-58,Sala B,movimento,Sala B,True,Corredor,False,Sala A,False,True,Sala A,False,False,False,True
2026-08-25 12:56:40,2026-08-25 12:56:39,1083,2239514506,2026-08-25 12:56:40,server,c3:00:00:13:3b:b7,ESP-01,36be2239-7bbc-44bd-b07f-e9f6f52a173b,DIN-AB-R5,dynamic,AB,Corredor,-85,Sala B,movimento,Corredor,True,Corredor,False,Sala A,False,True,Sala A,False,False,False,True
2026-08-25 12:58:06,2026-08-25 12:58:06,1090,2239514506,2026-08-25 12:58:06,server,c3:00:00:13:3b:b7,ESP-01,3615853a-fe0e-41dc-8c6c-97a83ba23ff6,DIN-AB-R6,dynamic,AB,Corredor,-74,Sala A,movimento,Corredor,True,Corredor,True,Corredor,True,False,,False,False,False,False
2026-08-25 12:58:08,2026-08-25 12:58:07,449,1151497274,2026-08-25 12:58:08,server,c3:00:00:13:3b:b7,ESP-02,16796fda-3e95-4eca-b72c-f12512e6cdc0,DIN-AB-R6,dynamic,AB,Sala A,-65,Sala A,movimento,Sala A,True,Sala A,True,Sala A,True,False,,False,False,False,False
2026-08-25 12:58:09,2026-08-25 12:57:56,448,1151497274,2026-08-25 12:58:09,server,c3:00:00:13:3b:b7,ESP-02,7e76e7cc-f17e-4eaa-9fc6-7c132bbdef68,DIN-AB-R6,dynamic,AB,Sala A,-68,Sala A,movimento,Sala A,False,Sala A,False,Sala A,False,False,,False,False,False,False
2026-08-25 12:58:10,2026-08-25 12:58:09,1140,1690126268,2026-08-25 12:58:10,server,c3:00:00:13:3b:b7,ESP-03,41bab428-64cd-486c-b160-303cac8673c2,DIN-AB-R6,dynamic,AB,Sala B,-86,Sala A,movimento,Sala B,True,Sala A,False,Sala A,False,False,Sala A,True,False,True,True
2026-08-25 12:58:19,2026-08-25 12:58:18,1091,2239514506,2026-08-25 12:58:19,server,c3:00:00:13:3b:b7,ESP-01,1bb41310-6a35-4cef-beeb-3bcec66da0b0,DIN-AB-R6,dynamic,AB,Corredor,-74,Corredor,movimento,Corredor,True,Sala A,False,Sala A,False,False,Sala A,False,False,True,True
2026-08-25 12:58:22,2026-08-25 12:58:21,1141,1690126268,2026-08-25 12:58:22,server,c3:00:00:13:3b:b7,ESP-03,0a43d014-62ff-4457-9a8a-b8f8dcab91fe,DIN-AB-R6,dynamic,AB,Sala B,-78,Corredor,movimento,Sala B,True,Sala A,False,Sala A,False,False,Sala A,False,False,True,True
2026-08-25 12:58:24,2026-08-25 12:58:20,450,1151497274,2026-08-25 12:58:24,server,c3:00:00:13:3b:b7,ESP-02,62a4eb71-513c-4a43-8635-acdd070674f1,DIN-AB-R6,dynamic,AB,Sala A,-57,Sala B,movimento,Sala A,True,Sala A,False,Sala A,False,False,Sala A,False,True,True,True
2026-08-25 12:58:26,2026-08-25 12:57:45,447,1151497274,2026-08-25 12:58:26,server,c3:00:00:13:3b:b7,ESP-02,7074d06b-32f3-4aee-96b4-db8068a002c8,DIN-AB-R6,dynamic,AB,Sala A,-65,Sala B,movimento,Sala A,False,Sala A,False,Sala A,False,False,Sala A,False,True,True,True
2026-08-25 12:58:31,2026-08-25 12:58:31,1092,2239514506,2026-08-25 12:58:31,server,c3:00:00:13:3b:b7,ESP-01,6dd0709c-9a26-4410-8f62-ccae60d03e16,DIN-AB-R6,dynamic,AB,Corredor,-89,Sala B,movimento,Corredor,True,Sala A,False,Sala A,False,False,Sala A,False,False,True,True
2026-08-25 12:58:35,2026-08-25 12:58:34,1142,1690126268,2026-08-25 12:58:35,server,c3:00:00:13:3b:b7,ESP-03,e90d0905-95f2-4cf4-a014-20d2472a54fc,DIN-AB-R6,dynamic,AB,Sala B,-62,Sala B,movimento,Sala B,True,Sala A,False,Sala A,False,False,Sala A,False,False,True,True
2026-08-25 12:58:37,2026-08-25 12:58:36,451,1151497274,2026-08-25 12:58:37,server,c3:00:00:13:3b:b7,ESP-02,f3187519-121c-4b7e-a63e-409d68ecfbac,DIN-AB-R6,dynamic,AB,Sala A,-84,Sala B,movimento,Sala A,True,Sala B,True,Sala A,False,True,Sala A,False,True,False,True
2026-08-25 12:58:44,2026-08-25 12:58:43,1093,2239514506,2026-08-25 12:58:44,server,c3:00:00:13:3b:b7,ESP-01,3939bb07-1b16-4479-b1b4-b4318f59e652,DIN-AB-R6,dynamic,AB,Corredor,-91,Sala B,movimento,Corredor,True,Sala B,False,Sala A,False,True,Sala A,False,False,False,True
2026-08-25 13:00:13,2026-08-25 13:00:12,1100,2239514506,2026-08-25 13:00:13,server,c3:00:00:13:3b:b7,ESP-01,f70857b3-1583-4e86-a520-e31be62292b0,DIN-AB-R7,dynamic,AB,Corredor,-81,Sala A,movimento,Corredor,True,Corredor,True,Corredor,True,False,,False,False,False,False
2026-08-25 13:00:19,2026-08-25 13:00:18,1150,1690126268,2026-08-25 13:00:19,server,c3:00:00:13:3b:b7,ESP-03,e84e8efa-6929-4e45-9347-0127345651d2,DIN-AB-R7,dynamic,AB,Sala B,-87,Sala A,movimento,Sala B,True,Corredor,False,Corredor,False,False,,False,False,False,False
2026-08-25 13:00:23,2026-08-25 13:00:19,459,1151497274,2026-08-25 13:00:23,server,c3:00:00:13:3b:b7,ESP-02,f9b997c7-9267-4e84-843a-55236f592e94,DIN-AB-R7,dynamic,AB,Sala A,-61,Sala A,movimento,Sala A,True,Sala A,True,Sala A,True,False,,False,False,False,False
2026-08-25 13:00:25,2026-08-25 13:00:24,1101,2239514506,2026-08-25 13:00:25,server,c3:00:00:13:3b:b7,ESP-01,0dff5eda-4174-4bc8-a59c-dc54a0e03fda,DIN-AB-R7,dynamic,AB,Corredor,-96,Sala A,movimento,Corredor,True,Sala A,False,Sala A,False,False,,False,False,False,False
2026-08-25 13:00:30,2026-08-25 13:00:08,458,1151497274,2026-08-25 13:00:30,server,c3:00:00:13:3b:b7,ESP-02,cc6e5143-df89-4fe7-ab98-a9fc369579bc,DIN-AB-R7,dynamic,AB,Sala A,-69,Corredor,movimento,Sala A,True,Sala A,False,Sala A,False,False,Sala A,True,True,True,True
2026-08-25 13:00:31,2026-08-25 13:00:30,1151,1690126268,2026-08-25 13:00:31,server,c3:00:00:13:3b:b7,ESP-03,38a9c9d0-8c5a-40d7-a215-b3ef3066db4b,DIN-AB-R7,dynamic,AB,Sala B,-87,Corredor,movimento,Sala B,True,Sala A,False,Sala A,False,False,Sala A,False,False,True,True
2026-08-25 13:00:35,2026-08-25 13:00:35,460,1151497274,2026-08-25 13:00:35,server,c3:00:00:13:3b:b7,ESP-02,676d54e2-b716-496a-adf2-291d9c9e60ec,DIN-AB-R7,dynamic,AB,Sala A,-78,Sala B,movimento,Sala A,True,Sala A,False,Sala A,False,False,Sala A,False,True,True,True
2026-08-25 13:00:37,2026-08-25 13:00:37,1102,2239514506,2026-08-25 13:00:37,server,c3:00:00:13:3b:b7,ESP-01,5c9a925b-9264-4fa0-ab21-5d005d105753,DIN-AB-R7,dynamic,AB,Corredor,-63,Sala B,movimento,Corredor,True,Sala A,False,Sala A,False,False,Sala A,False,False,True,True
2026-08-25 13:00:43,2026-08-25 13:00:42,1152,1690126268,2026-08-25 13:00:43,server,c3:00:00:13:3b:b7,ESP-03,e1f87784-51ae-46b8-a808-2ce3ab669dbe,DIN-AB-R7,dynamic,AB,Sala B,-63,Sala B,movimento,Sala B,True,Corredor,True,Corredor,True,False,Sala A,False,False,False,False
2026-08-25 13:00:51,2026-08-25 13:00:47,461,1151497274,2026-08-25 13:00:51,server,c3:00:00:13:3b:b7,ESP-02,e84bfcb0-9a44-4123-8e9c-7e5de61e4a48,DIN-AB-R7,dynamic,AB,Sala A,-83,Sala B,movimento,Sala A,True,Corredor,False,Corredor,False,False,Sala A,False,True,False,False
2026-08-25 13:02:46,2026-08-25 13:02:27,469,1151497274,2026-08-25 13:02:46,server,c3:00:00:13:3b:b7,ESP-02,9d75759e-d291-45e5-8f51-49f4e0577c0e,DIN-AB-R8,dynamic,AB,Sala A,-66,Sala A,movimento,Sala A,True,Sala A,True,Sala A,True,False,,False,False,False,False
2026-08-25 13:02:50,2026-08-25 13:02:49,1112,2239514506,2026-08-25 13:02:50,server,c3:00:00:13:3b:b7,ESP-01,12bfc8b7-ae45-443f-94a8-04c42be9ef57,DIN-AB-R8,dynamic,AB,Corredor,-85,Sala A,movimento,Corredor,True,Sala A,False,Sala A,False,False,,False,False,False,False
2026-08-25 13:02:54,2026-08-25 13:02:53,1162,1690126268,2026-08-25 13:02:54,server,c3:00:00:13:3b:b7,ESP-03,db6de602-0d0c-47b9-8cfd-45ae465c910f,DIN-AB-R8,dynamic,AB,Sala B,-99,Sala A,movimento,Sala B,True,Sala A,False,Sala A,False,False,Sala A,True,False,True,True
2026-08-25 13:02:57,2026-08-25 13:02:54,471,1151497274,2026-08-25 13:02:57,server,c3:00:00:13:3b:b7,ESP-02,800c62b1-889a-4b71-b815-4438d47629a2,DIN-AB-R8,dynamic,AB,Sala A,-63,Sala A,movimento,Sala A,True,Sala A,False,Sala A,False,False,Sala A,False,True,True,True
2026-08-25 13:03:02,2026-08-25 13:03:01,1113,2239514506,2026-08-25 13:03:02,server,c3:00:00:13:3b:b7,ESP-01,6de95ccc-e05d-48ec-a070-9df6cc0ff2c9,DIN-AB-R8,dynamic,AB,Corredor,-66,Sala A,movimento,Corredor,True,Sala A,False,Sala A,False,False,Sala A,False,False,True,True
2026-08-25 13:03:07,2026-08-25 13:03:06,1163,1690126268,2026-08-25 13:03:07,server,c3:00:00:13:3b:b7,ESP-03,fc4c68a3-f9d0-4225-9a51-f5a76c124152,DIN-AB-R8,dynamic,AB,Sala B,-82,Corredor,movimento,Sala B,True,Sala A,False,Sala A,False,False,Sala A,False,False,True,True
2026-08-25 13:03:10,2026-08-25 13:03:09,472,1151497274,2026-08-25 13:03:10,server,c3:00:00:13:3b:b7,ESP-02,e4825bb2-1cc2-4569-bd18-5368485cddf8,DIN-AB-R8,dynamic,AB,Sala A,-60,Corredor,movimento,Sala A,True,Sala A,False,Sala A,False,False,Sala A,False,True,True,True
2026-08-25 13:03:15,2026-08-25 13:03:14,1114,2239514506,2026-08-25 13:03:15,server,c3:00:00:13:3b:b7,ESP-01,8808ec76-dc7a-4a49-91e6-e8164b17e114,DIN-AB-R8,dynamic,AB,Corredor,-60,Sala B,movimento,Corredor,True,Sala A,False,Sala A,False,False,Sala A,False,False,True,True
2026-08-25 13:03:19,2026-08-25 13:03:18,1164,1690126268,2026-08-25 13:03:19,server,c3:00:00:13:3b:b7,ESP-03,291fadfe-3af8-4900-a35c-8db6ff048351,DIN-AB-R8,dynamic,AB,Sala B,-64,Sala B,movimento,Sala B,True,Sala A,False,Sala A,False,False,Sala A,False,False,True,True
2026-08-25 13:03:27,2026-08-25 13:03:26,1115,2239514506,2026-08-25 13:03:27,server,c3:00:00:13:3b:b7,ESP-01,b11e56de-1d72-4ff7-9ab7-24fffa77521d,DIN-AB-R8,dynamic,AB,Corredor,-77,Sala B,movimento,Corredor,True,Sala A,False,Sala A,False,False,Sala A,False,False,True,True
2026-08-25 13:04:49,2026-08-25 13:04:48,480,1151497274,2026-08-25 13:04:49,server,c3:00:00:13:3b:b7,ESP-02,d5d1ba42-c020-48a1-b35b-611d81c6488b,DIN-AB-R9,dynamic,AB,Sala A,-63,Sala A,movimento,Sala A,True,Sala A,True,Sala A,True,False,,False,False,False,False
2026-08-25 13:04:49,2026-08-25 13:04:48,1171,1690126268,2026-08-25 13:04:49,server,c3:00:00:13:3b:b7,ESP-03,9f93e377-760a-4648-be8a-c305e4625dec,DIN-AB-R9,dynamic,AB,Sala B,-93,Sala A,movimento,Sala B,True,Sala A,False,Sala A,False,False,,False,False,False,False
2026-08-25 13:04:51,2026-08-25 13:04:25,478,1151497274,2026-08-25 13:04:51,server,c3:00:00:13:3b:b7,ESP-02,4ccd8827-2397-4457-a3e5-0549402a368a,DIN-AB-R9,dynamic,AB,Sala A,-60,Sala A,movimento,Sala A,True,Sala A,False,Sala A,False,False,Sala A,True,True,True,True
2026-08-25 13:04:55,2026-08-25 13:04:52,1122,2239514506,2026-08-25 13:04:55,server,c3:00:00:13:3b:b7,ESP-01,8fe12c10-e7c3-4ae1-9922-f386d6d7d6ef,DIN-AB-R9,dynamic,AB,Corredor,-71,Sala A,movimento,Corredor,True,Sala A,False,Sala A,False,False,Sala A,False,False,True,True
2026-08-25 13:05:01,2026-08-25 13:05:00,1172,1690126268,2026-08-25 13:05:01,server,c3:00:00:13:3b:b7,ESP-03,26543f89-1709-49e1-b827-1151eed93f85,DIN-AB-R9,dynamic,AB,Sala B,-91,Sala A,movimento,Sala B,True,Sala A,False,Sala A,False,False,Sala A,False,False,True,True
2026-08-25 13:05:08,2026-08-25 13:05:07,1123,2239514506,2026-08-25 13:05:08,server,c3:00:00:13:3b:b7,ESP-01,977c4173-97fa-4b4c-8c82-034ddaac0ae6,DIN-AB-R9,dynamic,AB,Corredor,-85,Corredor,movimento,Corredor,True,Sala A,False,Sala A,False,False,Sala A,False,False,True,True
2026-08-25 13:05:09,2026-08-25 13:05:00,481,1151497274,2026-08-25 13:05:09,server,c3:00:00:13:3b:b7,ESP-02,6bb954e4-8baf-455e-b1de-fa85e6d0f72c,DIN-AB-R9,dynamic,AB,Sala A,-57,Corredor,movimento,Sala A,True,Sala A,False,Sala A,False,False,Sala A,False,True,True,True
2026-08-25 13:05:13,2026-08-25 13:05:13,1173,1690126268,2026-08-25 13:05:13,server,c3:00:00:13:3b:b7,ESP-03,ab723700-257a-4392-b0cc-2c499368df3f,DIN-AB-R9,dynamic,AB,Sala B,-73,Sala B,movimento,Sala B,True,Sala A,False,Sala A,False,False,Sala A,False,False,True,True
2026-08-25 13:05:15,2026-08-25 13:05:14,482,1151497274,2026-08-25 13:05:15,server,c3:00:00:13:3b:b7,ESP-02,a6174ec5-9b33-4ca6-bd00-0629d43ff55d,DIN-AB-R9,dynamic,AB,Sala A,-87,Sala B,movimento,Sala A,True,Sala A,False,Sala A,False,False,Sala A,False,True,True,True
2026-08-25 13:05:20,2026-08-25 13:05:19,1124,2239514506,2026-08-25 13:05:20,server,c3:00:00:13:3b:b7,ESP-01,669af6d7-80dc-4f5d-89a0-8711cc604045,DIN-AB-R9,dynamic,AB,Corredor,-77,Sala B,movimento,Corredor,True,Sala A,False,Sala A,False,False,Sala A,False,False,True,True
2026-08-25 13:05:26,2026-08-25 13:05:25,1174,1690126268,2026-08-25 13:05:26,server,c3:00:00:13:3b:b7,ESP-03,e34c8338-2a42-4e55-a602-3bd9a198511c,DIN-AB-R9,dynamic,AB,Sala B,-63,Sala B,movimento,Sala B,True,Sala B,True,Sala A,False,True,Sala A,False,False,False,True
2026-08-25 13:05:28,2026-08-25 13:05:27,483,1151497274,2026-08-25 13:05:28,server,c3:00:00:13:3b:b7,ESP-02,16593d13-f8fd-49e3-b5e1-5805ba1d987a,DIN-AB-R9,dynamic,AB,Sala A,-79,Sala B,movimento,Sala A,True,Sala B,False,Sala A,False,True,Sala A,False,True,False,True
2026-08-25 12:47:50,2026-08-25 12:47:49,1040,2239514506,2026-08-25 12:47:50,server,c3:00:00:13:3b:b7,ESP-01,e6c5e0ea-b789-457e-a786-c1aefa19c4ab,DIN-BA-R1,dynamic,BA,Corredor,-82,Sala B,movimento,Corredor,True,Corredor,True,Corredor,True,False,,False,False,False,False
2026-08-25 12:47:55,2026-08-25 12:47:54,400,1151497274,2026-08-25 12:47:55,server,c3:00:00:13:3b:b7,ESP-02,f29f7531-74bf-4c5f-b3b3-274eaae3b45f,DIN-BA-R1,dynamic,BA,Sala A,-90,Sala B,movimento,Sala A,True,Corredor,False,Corredor,False,False,,False,False,False,False
2026-08-25 12:47:56,2026-08-25 12:47:55,1090,1690126268,2026-08-25 12:47:56,server,c3:00:00:13:3b:b7,ESP-03,16544dd7-7145-4df8-b41b-12535a239065,DIN-BA-R1,dynamic,BA,Sala B,-74,Sala B,movimento,Sala B,True,Sala B,True,Sala B,True,False,,False,False,False,False
2026-08-25 12:48:02,2026-08-25 12:48:01,1041,2239514506,2026-08-25 12:48:02,server,c3:00:00:13:3b:b7,ESP-01,2f62356c-589e-48ad-8fe0-e72a01b1ac23,DIN-BA-R1,dynamic,BA,Corredor,-89,Sala B,movimento,Corredor,True,Sala B,False,Sala B,False,False,,False,False,False,False
2026-08-25 12:48:08,2026-08-25 12:48:07,1091,1690126268,2026-08-25 12:48:08,server,c3:00:00:13:3b:b7,ESP-03,667db825-c7fb-48fb-95c3-e9c589829808,DIN-BA-R1,dynamic,BA,Sala B,-78,Corredor,movimento,Sala B,True,Sala B,False,Sala B,False,False,Sala B,True,True,True,True
2026-08-25 12:48:10,2026-08-25 12:48:07,401,1151497274,2026-08-25 12:48:10,server,c3:00:00:13:3b:b7,ESP-02,91422285-3cd4-4966-91b0-4fa5e2330bba,DIN-BA-R1,dynamic,BA,Sala A,-89,Corredor,movimento,Sala A,True,Sala B,False,Sala B,False,False,Sala B,False,False,True,True
2026-08-25 12:48:14,2026-08-25 12:48:14,1042,2239514506,2026-08-25 12:48:14,server,c3:00:00:13:3b:b7,ESP-01,414b7f0a-c25b-417c-9d1c-449bd73a0bb8,DIN-BA-R1,dynamic,BA,Corredor,-49,Sala A,movimento,Corredor,True,Corredor,True,Corredor,True,False,Sala B,False,False,False,False
2026-08-25 12:48:20,2026-08-25 12:48:19,1092,1690126268,2026-08-25 12:48:20,server,c3:00:00:13:3b:b7,ESP-03,7dfdde9d-e59f-40e9-b6c7-e871579701b7,DIN-BA-R1,dynamic,BA,Sala B,-93,Sala A,movimento,Sala B,True,Corredor,False,Corredor,False,False,Sala B,False,True,False,False
2026-08-25 12:48:27,2026-08-25 12:48:26,1043,2239514506,2026-08-25 12:48:27,server,c3:00:00:13:3b:b7,ESP-01,d4034227-0816-49c2-a9c3-6749a55b3870,DIN-BA-R1,dynamic,BA,Corredor,-78,Sala A,movimento,Corredor,True,Corredor,False,Corredor,False,False,Corredor,True,True,True,True
2026-08-25 13:09:45,2026-08-25 13:09:45,7,3224482206,2026-08-25 13:09:45,server,c3:00:00:13:3b:b7,ESP-02,d8f749d0-b4e5-4e6d-b43e-63e60538e3c9,DIN-BA-R10,dynamic,BA,Sala A,-88,,,Sala A,True,Sala A,True,Sala A,True,False,,False,False,False,False
2026-08-25 13:09:54,2026-08-25 13:09:53,1146,2239514506,2026-08-25 13:09:54,server,c3:00:00:13:3b:b7,ESP-01,e3415f2d-ec7e-450b-b51d-281231149c7c,DIN-BA-R10,dynamic,BA,Corredor,-77,Sala B,movimento,Corredor,True,Corredor,True,Corredor,True,False,,False,False,False,False
2026-08-25 13:09:58,2026-08-25 13:09:57,8,3224482206,2026-08-25 13:09:58,server,c3:00:00:13:3b:b7,ESP-02,d42b1445-1fb6-45c0-bc77-d9144cc75988,DIN-BA-R10,dynamic,BA,Sala A,-99,Sala B,movimento,Sala A,True,Corredor,False,Corredor,False,False,,False,False,False,False
2026-08-25 13:09:58,2026-08-25 13:09:55,1195,1690126268,2026-08-25 13:09:58,server,c3:00:00:13:3b:b7,ESP-03,ce031748-c7bf-42c6-89b7-3c58b98c1398,DIN-BA-R10,dynamic,BA,Sala B,-56,Sala B,movimento,Sala B,True,Sala B,True,Sala B,True,False,,False,False,False,False
2026-08-25 13:10:06,2026-08-25 13:10:05,1147,2239514506,2026-08-25 13:10:06,server,c3:00:00:13:3b:b7,ESP-01,adde69ac-31a9-463f-b1ec-57329dcd4900,DIN-BA-R10,dynamic,BA,Corredor,-76,Corredor,movimento,Corredor,True,Sala B,False,Sala B,False,False,,False,False,False,False
2026-08-25 13:10:10,2026-08-25 13:10:09,9,3224482206,2026-08-25 13:10:10,server,c3:00:00:13:3b:b7,ESP-02,471c679f-887c-46f7-894f-87f5738e65e5,DIN-BA-R10,dynamic,BA,Sala A,-90,Corredor,movimento,Sala A,True,Sala B,False,Sala B,False,False,Sala B,True,False,True,True
2026-08-25 13:10:11,2026-08-25 13:10:10,1196,1690126268,2026-08-25 13:10:11,server,c3:00:00:13:3b:b7,ESP-03,26b6bd9f-3921-4c19-82a5-60c9c00dbb10,DIN-BA-R10,dynamic,BA,Sala B,-84,Corredor,movimento,Sala B,True,Sala B,False,Sala B,False,False,Sala B,False,True,True,True
2026-08-25 13:10:18,2026-08-25 13:10:18,1148,2239514506,2026-08-25 13:10:18,server,c3:00:00:13:3b:b7,ESP-01,d86a8fd8-f3ad-43c8-a3d4-7a6813a819da,DIN-BA-R10,dynamic,BA,Corredor,-73,Sala A,movimento,Corredor,True,Sala B,False,Sala B,False,False,Sala B,False,False,True,True
2026-08-25 13:10:23,2026-08-25 13:10:22,10,3224482206,2026-08-25 13:10:23,server,c3:00:00:13:3b:b7,ESP-02,853b4643-335c-48a7-8135-af99af945daa,DIN-BA-R10,dynamic,BA,Sala A,-63,Sala A,movimento,Sala A,True,Corredor,True,Sala B,False,True,Sala B,False,False,False,True
2026-08-25 13:10:23,2026-08-25 13:10:22,1197,1690126268,2026-08-25 13:10:23,server,c3:00:00:13:3b:b7,ESP-03,89e4145e-c691-4774-bbd5-05b7c330608c,DIN-BA-R10,dynamic,BA,Sala B,-84,Sala A,movimento,Sala B,True,Corredor,False,Sala B,False,True,Sala B,False,True,False,True
2026-08-25 13:10:31,2026-08-25 13:10:30,1149,2239514506,2026-08-25 13:10:31,server,c3:00:00:13:3b:b7,ESP-01,10507e7f-1400-4cde-885a-a97c7918acce,DIN-BA-R10,dynamic,BA,Corredor,-82,Sala A,movimento,Corredor,True,Sala A,True,Sala A,True,False,Sala B,False,False,False,False
2026-08-25 13:10:35,2026-08-25 13:10:35,1198,1690126268,2026-08-25 13:10:35,server,c3:00:00:13:3b:b7,ESP-03,a725cff9-5794-47ce-9e93-5d59014b9b66,DIN-BA-R10,dynamic,BA,Sala B,-82,Sala A,movimento,Sala B,True,Sala A,False,Sala A,False,False,Sala B,False,True,False,False
2026-08-25 12:49:51,2026-08-25 12:49:50,409,1151497274,2026-08-25 12:49:51,server,c3:00:00:13:3b:b7,ESP-02,1af8eb26-ad39-47f8-b319-649ff1e287f4,DIN-BA-R2,dynamic,BA,Sala A,-98,Sala B,movimento,Sala A,True,Sala A,True,Sala A,True,False,,False,False,False,False
2026-08-25 12:49:53,2026-08-25 12:49:52,1050,2239514506,2026-08-25 12:49:53,server,c3:00:00:13:3b:b7,ESP-01,2e887878-d57f-4497-b7c9-5e3b535e640a,DIN-BA-R2,dynamic,BA,Corredor,-93,Sala B,movimento,Corredor,True,Corredor,True,Corredor,True,False,,False,False,False,False
2026-08-25 12:49:58,2026-08-25 12:49:58,1100,1690126268,2026-08-25 12:49:58,server,c3:00:00:13:3b:b7,ESP-03,7d3019dd-0659-4a9b-868e-79bcc69151bc,DIN-BA-R2,dynamic,BA,Sala B,-77,Sala B,movimento,Sala B,True,Sala B,True,Sala B,True,False,,False,False,False,False
2026-08-25 12:50:03,2026-08-25 12:50:02,410,1151497274,2026-08-25 12:50:03,server,c3:00:00:13:3b:b7,ESP-02,f7ce4e01-3da5-4115-a6b8-ea109970e9a1,DIN-BA-R2,dynamic,BA,Sala A,-100,Sala B,movimento,Sala A,True,Sala B,False,Sala B,False,False,,False,False,False,False
2026-08-25 12:50:05,2026-08-25 12:50:05,1051,2239514506,2026-08-25 12:50:05,server,c3:00:00:13:3b:b7,ESP-01,d1b56a4d-5463-4843-a66f-8d6cef1b8969,DIN-BA-R2,dynamic,BA,Corredor,-88,Corredor,movimento,Corredor,True,Sala B,False,Sala B,False,False,Sala B,True,False,True,True
2026-08-25 12:50:11,2026-08-25 12:50:10,1101,1690126268,2026-08-25 12:50:11,server,c3:00:00:13:3b:b7,ESP-03,ddb86388-c4e3-4c41-993b-94dc2d7bc5ba,DIN-BA-R2,dynamic,BA,Sala B,-102,Corredor,movimento,Sala B,True,Sala B,False,Sala B,False,False,Sala B,False,True,True,True
2026-08-25 12:50:18,2026-08-25 12:50:17,1052,2239514506,2026-08-25 12:50:18,server,c3:00:00:13:3b:b7,ESP-01,dff194bd-04db-4e5a-9701-6386b29b3b73,DIN-BA-R2,dynamic,BA,Corredor,-73,Sala A,movimento,Corredor,True,Corredor,True,Corredor,True,False,Sala B,False,False,False,False
2026-08-25 12:50:20,2026-08-25 12:50:15,411,1151497274,2026-08-25 12:50:20,server,c3:00:00:13:3b:b7,ESP-02,8887624c-3455-435b-9eae-3356e6c76852,DIN-BA-R2,dynamic,BA,Sala A,-66,Sala A,movimento,Sala A,True,Corredor,False,Corredor,False,False,Sala B,False,False,False,False
2026-08-25 12:50:23,2026-08-25 12:50:22,1102,1690126268,2026-08-25 12:50:23,server,c3:00:00:13:3b:b7,ESP-03,e529803f-0810-448a-9188-606dfc44ec57,DIN-BA-R2,dynamic,BA,Sala B,-94,Sala A,movimento,Sala B,True,Sala A,True,Sala A,True,False,Sala B,False,True,False,False
2026-08-25 12:50:29,2026-08-25 12:50:25,412,1151497274,2026-08-25 12:50:29,server,c3:00:00:13:3b:b7,ESP-02,e8a3ee8d-3883-42cf-9098-73d29a5b69c4,DIN-BA-R2,dynamic,BA,Sala A,-65,Sala A,movimento,Sala A,True,Sala A,False,Sala A,False,False,Sala B,False,False,False,False
2026-08-25 12:52:07,2026-08-25 12:52:04,420,1151497274,2026-08-25 12:52:07,server,c3:00:00:13:3b:b7,ESP-02,2dd2e8ce-1712-4968-ab5d-19a067b3824c,DIN-BA-R3,dynamic,BA,Sala A,-90,Sala B,movimento,Sala A,True,Sala A,True,Sala A,True,False,,False,False,False,False
2026-08-25 12:52:09,2026-08-25 12:52:09,1061,2239514506,2026-08-25 12:52:09,server,c3:00:00:13:3b:b7,ESP-01,e51c8c5a-c1ad-4d3e-badd-98af07dc4ac7,DIN-BA-R3,dynamic,BA,Corredor,-87,Sala B,movimento,Corredor,True,Corredor,True,Sala A,False,True,,False,False,False,False
2026-08-25 12:52:14,2026-08-25 12:52:13,1111,1690126268,2026-08-25 12:52:14,server,c3:00:00:13:3b:b7,ESP-03,77f399ce-034e-41b2-9c07-48bbc6ee12e0,DIN-BA-R3,dynamic,BA,Sala B,-69,Sala B,movimento,Sala B,True,Sala B,True,Sala B,True,False,,False,False,False,False
2026-08-25 12:52:20,2026-08-25 12:52:19,421,1151497274,2026-08-25 12:52:20,server,c3:00:00:13:3b:b7,ESP-02,fbb70dc5-f4f8-409f-8fc1-d8184124c51a,DIN-BA-R3,dynamic,BA,Sala A,-84,Sala B,movimento,Sala A,True,Sala B,False,Sala B,False,False,,False,False,False,False
2026-08-25 12:52:22,2026-08-25 12:52:21,1062,2239514506,2026-08-25 12:52:22,server,c3:00:00:13:3b:b7,ESP-01,cc59fdeb-4492-4da2-91e1-99fb7359d772,DIN-BA-R3,dynamic,BA,Corredor,-74,Sala B,movimento,Corredor,True,Sala B,False,Sala B,False,False,Sala B,True,False,True,True
2026-08-25 12:52:26,2026-08-25 12:52:25,1112,1690126268,2026-08-25 12:52:26,server,c3:00:00:13:3b:b7,ESP-03,fe02cdce-05dd-438c-8c4c-408cc14c4c5b,DIN-BA-R3,dynamic,BA,Sala B,-71,Corredor,movimento,Sala B,True,Sala B,False,Sala B,False,False,Sala B,False,True,True,True
2026-08-25 12:52:34,2026-08-25 12:52:33,1063,2239514506,2026-08-25 12:52:34,server,c3:00:00:13:3b:b7,ESP-01,0829439b-7ec4-4fb5-944a-36fc6de79468,DIN-BA-R3,dynamic,BA,Corredor,-69,Sala A,movimento,Corredor,True,Sala B,False,Sala B,False,False,Sala B,False,False,True,True
2026-08-25 12:52:38,2026-08-25 12:52:37,1113,1690126268,2026-08-25 12:52:38,server,c3:00:00:13:3b:b7,ESP-03,d1cccb56-925c-4568-9760-eb7c1f6e0ca2,DIN-BA-R3,dynamic,BA,Sala B,-87,Sala A,movimento,Sala B,True,Corredor,True,Sala B,False,True,Sala B,False,True,False,True
2026-08-25 12:52:40,2026-08-25 12:52:31,422,1151497274,2026-08-25 12:52:40,server,c3:00:00:13:3b:b7,ESP-02,f3134fd4-2365-431e-aed0-4c5b7c4f263f,DIN-BA-R3,dynamic,BA,Sala A,-90,Sala A,movimento,Sala A,True,Corredor,False,Sala B,False,True,Sala B,False,False,False,True
2026-08-25 12:52:43,2026-08-25 12:52:43,423,1151497274,2026-08-25 12:52:43,server,c3:00:00:13:3b:b7,ESP-02,c7c714d3-e7ab-438c-ad88-1e4b67c1f0c6,DIN-BA-R3,dynamic,BA,Sala A,-72,Sala A,movimento,Sala A,False,Corredor,False,Sala B,False,True,Sala B,False,False,False,True
2026-08-25 12:52:46,2026-08-25 12:52:46,1064,2239514506,2026-08-25 12:52:46,server,c3:00:00:13:3b:b7,ESP-01,479ce653-99f4-4790-af9d-8119176bcd77,DIN-BA-R3,dynamic,BA,Corredor,-97,Sala A,movimento,Corredor,True,Sala A,True,Sala B,False,True,Sala B,False,False,False,True
2026-08-25 12:52:50,2026-08-25 12:52:50,1114,1690126268,2026-08-25 12:52:50,server,c3:00:00:13:3b:b7,ESP-03,974ac59c-1950-43a9-a03a-7161aade30d8,DIN-BA-R3,dynamic,BA,Sala B,-89,Sala A,movimento,Sala B,True,Sala A,False,Sala B,False,True,Sala B,False,True,False,True
2026-08-25 12:55:02,2026-08-25 12:55:01,1075,2239514506,2026-08-25 12:55:02,server,c3:00:00:13:3b:b7,ESP-01,94a17a06-3997-433d-95dc-907144a94968,DIN-BA-R4,dynamic,BA,Corredor,-83,Sala B,movimento,Corredor,True,Corredor,True,Corredor,True,False,,False,False,False,False
2026-08-25 12:55:06,2026-08-25 12:55:05,1125,1690126268,2026-08-25 12:55:06,server,c3:00:00:13:3b:b7,ESP-03,014a02fa-7506-45dd-9ff5-8e4581567ab5,DIN-BA-R4,dynamic,BA,Sala B,-65,Sala B,movimento,Sala B,True,Sala B,True,Sala B,True,False,,False,False,False,False
2026-08-25 12:55:13,2026-08-25 12:55:09,435,1151497274,2026-08-25 12:55:13,server,c3:00:00:13:3b:b7,ESP-02,83b51f5e-350f-4d9d-b198-1f479bd2f6ec,DIN-BA-R4,dynamic,BA,Sala A,-93,Sala B,movimento,Sala A,True,Sala B,False,Sala B,False,False,,False,False,False,False
2026-08-25 12:55:14,2026-08-25 12:55:13,1076,2239514506,2026-08-25 12:55:14,server,c3:00:00:13:3b:b7,ESP-01,7f65dcbd-0995-4942-bb4f-e317eb6b8cbf,DIN-BA-R4,dynamic,BA,Corredor,-95,Sala B,movimento,Corredor,True,Sala B,False,Sala B,False,False,Sala B,True,False,True,True
2026-08-25 12:55:18,2026-08-25 12:55:17,1126,1690126268,2026-08-25 12:55:18,server,c3:00:00:13:3b:b7,ESP-03,916c217b-982f-4f68-9892-eef98e5c6821,DIN-BA-R4,dynamic,BA,Sala B,-75,Sala B,movimento,Sala B,True,Sala B,False,Sala B,False,False,Sala B,False,True,True,True
2026-08-25 12:55:26,2026-08-25 12:55:25,1077,2239514506,2026-08-25 12:55:26,server,c3:00:00:13:3b:b7,ESP-01,8487ea6b-d653-4ea2-8348-d0fca6059296,DIN-BA-R4,dynamic,BA,Corredor,-63,Corredor,movimento,Corredor,True,Sala B,False,Sala B,False,False,Sala B,False,False,True,True
2026-08-25 12:55:30,2026-08-25 12:55:29,1127,1690126268,2026-08-25 12:55:30,server,c3:00:00:13:3b:b7,ESP-03,32cd1170-54d8-4983-a18a-fee39de271ff,DIN-BA-R4,dynamic,BA,Sala B,-88,Sala A,movimento,Sala B,True,Corredor,True,Sala B,False,True,Sala B,False,True,False,True
2026-08-25 12:55:31,2026-08-25 12:55:25,436,1151497274,2026-08-25 12:55:31,server,c3:00:00:13:3b:b7,ESP-02,a1e6cfec-be21-4d6e-b08e-d0fc34943c12,DIN-BA-R4,dynamic,BA,Sala A,-96,Sala A,movimento,Sala A,True,Corredor,False,Sala B,False,True,Sala B,False,False,False,True
2026-08-25 12:55:38,2026-08-25 12:55:36,437,1151497274,2026-08-25 12:55:38,server,c3:00:00:13:3b:b7,ESP-02,a2e78217-6fd8-4510-8fe0-f5e35ba74c94,DIN-BA-R4,dynamic,BA,Sala A,-57,Sala A,movimento,Sala A,False,Corredor,False,Corredor,True,False,Sala B,False,False,False,False
2026-08-25 12:55:38,2026-08-25 12:55:38,1078,2239514506,2026-08-25 12:55:38,server,c3:00:00:13:3b:b7,ESP-01,af960ab1-41ec-43e2-b95c-6f7169fe1634,DIN-BA-R4,dynamic,BA,Corredor,-75,Sala A,movimento,Corredor,True,Corredor,False,Corredor,False,False,Sala B,False,False,False,False
2026-08-25 12:55:42,2026-08-25 12:55:42,1128,1690126268,2026-08-25 12:55:42,server,c3:00:00:13:3b:b7,ESP-03,75d1d72c-6ffb-4446-b0bd-0113a19a6b7e,DIN-BA-R4,dynamic,BA,Sala B,-94,Sala A,movimento,Sala B,True,Corredor,False,Corredor,False,False,Corredor,True,False,True,True
2026-08-25 12:56:52,2026-08-25 12:56:51,1084,2239514506,2026-08-25 12:56:52,server,c3:00:00:13:3b:b7,ESP-01,f1dc29b4-1257-4b27-b5cd-c02e66d3b30b,DIN-BA-R5,dynamic,BA,Corredor,-82,,,Corredor,True,Corredor,True,Corredor,True,False,,False,False,False,False
2026-08-25 12:56:56,2026-08-25 12:56:55,1134,1690126268,2026-08-25 12:56:56,server,c3:00:00:13:3b:b7,ESP-03,f55ee2c7-4472-4fe9-8dc8-41e635b3398e,DIN-BA-R5,dynamic,BA,Sala B,-51,Sala B,movimento,Sala B,True,Sala B,True,Sala B,True,False,,False,False,False,False
2026-08-25 12:57:04,2026-08-25 12:57:04,1085,2239514506,2026-08-25 12:57:04,server,c3:00:00:13:3b:b7,ESP-01,28cf85ad-a66f-4a2c-bef9-dcc2984fdf58,DIN-BA-R5,dynamic,BA,Corredor,-83,Sala B,movimento,Corredor,True,Sala B,False,Sala B,False,False,,False,False,False,False
2026-08-25 12:57:08,2026-08-25 12:57:08,1135,1690126268,2026-08-25 12:57:08,server,c3:00:00:13:3b:b7,ESP-03,9b091cb1-ef5f-48ac-b068-0fb28d366980,DIN-BA-R5,dynamic,BA,Sala B,-67,Corredor,movimento,Sala B,True,Sala B,False,Sala B,False,False,Sala B,True,True,True,True
2026-08-25 12:57:17,2026-08-25 12:57:16,1086,2239514506,2026-08-25 12:57:17,server,c3:00:00:13:3b:b7,ESP-01,f951ec5a-d085-4947-a3d1-db3032a31cb3,DIN-BA-R5,dynamic,BA,Corredor,-49,Sala A,movimento,Corredor,True,Sala B,False,Sala B,False,False,Sala B,False,False,True,True
2026-08-25 12:57:20,2026-08-25 12:56:58,443,1151497274,2026-08-25 12:57:20,server,c3:00:00:13:3b:b7,ESP-02,8a0a9223-68d4-4f15-b3e8-ea61f95b7865,DIN-BA-R5,dynamic,BA,Sala A,-82,Sala A,movimento,Sala A,True,Sala B,False,Sala B,False,False,Sala B,False,False,True,True
2026-08-25 12:57:21,2026-08-25 12:57:20,1136,1690126268,2026-08-25 12:57:21,server,c3:00:00:13:3b:b7,ESP-03,85df77f0-df3b-4e00-9472-c80a5a366425,DIN-BA-R5,dynamic,BA,Sala B,-95,Sala A,movimento,Sala B,True,Corredor,True,Sala B,False,True,Sala B,False,True,False,True
2026-08-25 12:57:27,2026-08-25 12:57:20,445,1151497274,2026-08-25 12:57:27,server,c3:00:00:13:3b:b7,ESP-02,6eb2b4f4-b582-4f0a-bd2a-275f9eed0792,DIN-BA-R5,dynamic,BA,Sala A,-66,Sala A,movimento,Sala A,True,Corredor,False,Corredor,True,False,Sala B,False,False,False,False
2026-08-25 12:57:29,2026-08-25 12:57:29,1087,2239514506,2026-08-25 12:57:29,server,c3:00:00:13:3b:b7,ESP-01,cba07191-205a-4937-b1cd-95e81099a721,DIN-BA-R5,dynamic,BA,Corredor,-74,Sala A,movimento,Corredor,True,Corredor,False,Corredor,False,False,Sala B,False,False,False,False
2026-08-25 12:57:33,2026-08-25 12:57:31,446,1151497274,2026-08-25 12:57:33,server,c3:00:00:13:3b:b7,ESP-02,ee3ea8a0-ec64-4b4c-b3c7-1014839f34d4,DIN-BA-R5,dynamic,BA,Sala A,-55,Sala A,movimento,Sala A,True,Sala A,True,Corredor,False,True,Corredor,True,False,False,True
2026-08-25 12:57:33,2026-08-25 12:57:32,1137,1690126268,2026-08-25 12:57:33,server,c3:00:00:13:3b:b7,ESP-03,0fcfb72f-ef6e-4eca-8234-7e260ed8aa67,DIN-BA-R5,dynamic,BA,Sala B,-87,Sala A,movimento,Sala B,True,Sala A,False,Corredor,False,True,Corredor,False,False,False,True
2026-08-25 12:58:59,2026-08-25 12:58:58,1144,1690126268,2026-08-25 12:58:59,server,c3:00:00:13:3b:b7,ESP-03,82ba2390-2b5f-4121-a25d-49b54c895fd5,DIN-BA-R6,dynamic,BA,Sala B,-75,,,Sala B,True,Sala B,True,Sala B,True,False,,False,False,False,False
2026-08-25 12:59:04,2026-08-25 12:59:03,453,1151497274,2026-08-25 12:59:04,server,c3:00:00:13:3b:b7,ESP-02,d9a2cc70-e2e1-4697-bb1d-264587a4d29b,DIN-BA-R6,dynamic,BA,Sala A,-93,Sala B,movimento,Sala A,True,Sala B,False,Sala B,False,False,,False,False,False,False
2026-08-25 12:59:08,2026-08-25 12:59:07,1095,2239514506,2026-08-25 12:59:08,server,c3:00:00:13:3b:b7,ESP-01,67812fae-af03-41bf-97c3-07da3b13d00b,DIN-BA-R6,dynamic,BA,Corredor,-93,Sala B,movimento,Corredor,True,Sala B,False,Sala B,False,False,Sala B,True,False,True,True
2026-08-25 12:59:14,2026-08-25 12:59:11,1145,1690126268,2026-08-25 12:59:14,server,c3:00:00:13:3b:b7,ESP-03,6e8d4c58-7223-4b05-8b34-6175ad7d918a,DIN-BA-R6,dynamic,BA,Sala B,-63,Sala B,movimento,Sala B,True,Sala B,False,Sala B,False,False,Sala B,False,True,True,True
2026-08-25 12:59:17,2026-08-25 12:59:16,454,1151497274,2026-08-25 12:59:17,server,c3:00:00:13:3b:b7,ESP-02,ee3042db-971d-42e5-b6ec-6c044cc2a50d,DIN-BA-R6,dynamic,BA,Sala A,-89,Corredor,movimento,Sala A,True,Sala B,False,Sala B,False,False,Sala B,False,False,True,True
2026-08-25 12:59:21,2026-08-25 12:59:20,1096,2239514506,2026-08-25 12:59:21,server,c3:00:00:13:3b:b7,ESP-01,c3d7921e-d423-4de7-aec4-59f7a335811a,DIN-BA-R6,dynamic,BA,Corredor,-68,Corredor,movimento,Corredor,True,Sala B,False,Sala B,False,False,Sala B,False,False,True,True
2026-08-25 12:59:27,2026-08-25 12:59:26,1146,1690126268,2026-08-25 12:59:27,server,c3:00:00:13:3b:b7,ESP-03,049fed0d-640f-4a98-a17b-48f6e928a159,DIN-BA-R6,dynamic,BA,Sala B,-92,Sala A,movimento,Sala B,True,Sala B,False,Sala B,False,False,Sala B,False,True,True,True
2026-08-25 12:59:36,2026-08-25 12:59:32,1097,2239514506,2026-08-25 12:59:36,server,c3:00:00:13:3b:b7,ESP-01,590fa1c1-1f7b-4c89-8e66-2b7c7c145b1f,DIN-BA-R6,dynamic,BA,Corredor,-80,Sala A,movimento,Corredor,True,Corredor,True,Sala B,False,True,Sala B,False,False,False,True
2026-08-25 12:59:39,2026-08-25 12:59:28,455,1151497274,2026-08-25 12:59:39,server,c3:00:00:13:3b:b7,ESP-02,3cf7b3a7-4b80-4058-a617-2dd3015672e5,DIN-BA-R6,dynamic,BA,Sala A,-70,Sala A,movimento,Sala A,True,Corredor,False,Sala B,False,True,Sala B,False,False,False,True
2026-08-25 12:59:39,2026-08-25 12:59:38,1147,1690126268,2026-08-25 12:59:39,server,c3:00:00:13:3b:b7,ESP-03,02d23c20-b918-4869-a396-89768e48781a,DIN-BA-R6,dynamic,BA,Sala B,-83,Sala A,movimento,Sala B,True,Sala A,True,Sala A,True,False,Sala B,False,True,False,False
2026-08-25 13:01:10,2026-08-25 13:01:07,1154,1690126268,2026-08-25 13:01:10,server,c3:00:00:13:3b:b7,ESP-03,fd6ced7b-ea13-4115-8120-68550676667d,DIN-BA-R7,dynamic,BA,Sala B,-80,Sala B,movimento,Sala B,True,Sala B,True,Sala B,True,False,,False,False,False,False
2026-08-25 13:01:17,2026-08-25 13:01:16,1105,2239514506,2026-08-25 13:01:17,server,c3:00:00:13:3b:b7,ESP-01,c3859452-25ff-44c8-b0a8-ea2bab5bf210,DIN-BA-R7,dynamic,BA,Corredor,-81,Sala B,movimento,Corredor,True,Sala B,False,Sala B,False,False,,False,False,False,False
2026-08-25 13:01:23,2026-08-25 13:01:22,1155,1690126268,2026-08-25 13:01:23,server,c3:00:00:13:3b:b7,ESP-03,c8a9a108-e0dc-41ea-b73d-012474484f98,DIN-BA-R7,dynamic,BA,Sala B,-68,Sala B,movimento,Sala B,True,Sala B,False,Sala B,False,False,Sala B,True,True,True,True
2026-08-25 13:01:30,2026-08-25 13:01:29,1106,2239514506,2026-08-25 13:01:30,server,c3:00:00:13:3b:b7,ESP-01,efb7ca46-14c7-4604-a18c-ac93a605a0a7,DIN-BA-R7,dynamic,BA,Corredor,-74,Corredor,movimento,Corredor,True,Sala B,False,Sala B,False,False,Sala B,False,False,True,True
2026-08-25 13:01:35,2026-08-25 13:01:34,1156,1690126268,2026-08-25 13:01:35,server,c3:00:00:13:3b:b7,ESP-03,286b8c79-6d5a-4a85-ad94-a3a088e9c29e,DIN-BA-R7,dynamic,BA,Sala B,-87,Sala A,movimento,Sala B,True,Corredor,True,Sala B,False,True,Sala B,False,True,False,True
2026-08-25 13:01:37,2026-08-25 13:01:28,464,1151497274,2026-08-25 13:01:37,server,c3:00:00:13:3b:b7,ESP-02,6647045b-e152-41a0-a96f-485857add086,DIN-BA-R7,dynamic,BA,Sala A,-85,Sala A,movimento,Sala A,True,Corredor,False,Sala B,False,True,Sala B,False,False,False,True
2026-08-25 13:01:45,2026-08-25 13:01:41,1107,2239514506,2026-08-25 13:01:45,server,c3:00:00:13:3b:b7,ESP-01,b77e80c5-b8c4-4795-aee7-eefed80af7e8,DIN-BA-R7,dynamic,BA,Corredor,-77,Sala A,movimento,Corredor,True,Corredor,False,Sala B,False,True,Sala B,False,False,False,True
2026-08-25 13:01:46,2026-08-25 13:01:39,465,1151497274,2026-08-25 13:01:46,server,c3:00:00:13:3b:b7,ESP-02,f9129350-1b55-449f-8774-7321a310dc9b,DIN-BA-R7,dynamic,BA,Sala A,-62,Sala A,movimento,Sala A,True,Sala A,True,Sala B,False,True,Sala B,False,False,False,True
2026-08-25 13:01:48,2026-08-25 13:01:47,1157,1690126268,2026-08-25 13:01:48,server,c3:00:00:13:3b:b7,ESP-03,5e0e12ec-9f9a-48e8-84b3-098549619e24,DIN-BA-R7,dynamic,BA,Sala B,-96,Sala A,movimento,Sala B,True,Sala A,False,Sala B,False,True,Sala B,False,True,False,True
2026-08-25 13:03:44,2026-08-25 13:03:43,1166,1690126268,2026-08-25 13:03:44,server,c3:00:00:13:3b:b7,ESP-03,8fe9e347-1d93-4b44-9992-d85ff2159a1b,DIN-BA-R8,dynamic,BA,Sala B,-79,Sala B,movimento,Sala B,True,Sala B,True,Sala B,True,False,,False,False,False,False
2026-08-25 13:03:46,2026-08-25 13:03:45,475,1151497274,2026-08-25 13:03:46,server,c3:00:00:13:3b:b7,ESP-02,be5e3696-12a2-4efa-8045-4aefac5a41f7,DIN-BA-R8,dynamic,BA,Sala A,-88,Sala B,movimento,Sala A,True,Sala B,False,Sala B,False,False,,False,False,False,False
2026-08-25 13:03:51,2026-08-25 13:03:51,1117,2239514506,2026-08-25 13:03:51,server,c3:00:00:13:3b:b7,ESP-01,b09c0985-b16f-46f6-a5ad-256085c35109,DIN-BA-R8,dynamic,BA,Corredor,-75,Sala B,movimento,Corredor,True,Corredor,True,Sala B,False,True,Sala B,True,False,False,True
2026-08-25 13:03:57,2026-08-25 13:03:56,1167,1690126268,2026-08-25 13:03:57,server,c3:00:00:13:3b:b7,ESP-03,0ac05721-8fda-437e-9506-1769db67428a,DIN-BA-R8,dynamic,BA,Sala B,-78,Sala B,movimento,Sala B,True,Corredor,False,Sala B,False,True,Sala B,False,True,False,True
2026-08-25 13:03:59,2026-08-25 13:03:57,476,1151497274,2026-08-25 13:03:59,server,c3:00:00:13:3b:b7,ESP-02,8e2dcf7c-b6e6-4286-aabc-7fc6a84b697e,DIN-BA-R8,dynamic,BA,Sala A,-83,Sala B,movimento,Sala A,True,Corredor,False,Sala B,False,True,Sala B,False,False,False,True
2026-08-25 13:04:04,2026-08-25 13:04:03,1118,2239514506,2026-08-25 13:04:04,server,c3:00:00:13:3b:b7,ESP-01,3a7b2bfb-46c4-408c-9da1-9bc04e84bdf7,DIN-BA-R8,dynamic,BA,Corredor,-77,Corredor,movimento,Corredor,True,Corredor,False,Sala B,False,True,Sala B,False,False,False,True
2026-08-25 13:04:09,2026-08-25 13:04:08,1168,1690126268,2026-08-25 13:04:09,server,c3:00:00:13:3b:b7,ESP-03,2d2e2e2b-a2b6-4045-b8c4-66f06d43fa49,DIN-BA-R8,dynamic,BA,Sala B,-78,Sala A,movimento,Sala B,True,Corredor,False,Sala B,False,True,Sala B,False,True,False,True
2026-08-25 13:04:14,2026-08-25 13:04:10,477,1151497274,2026-08-25 13:04:14,server,c3:00:00:13:3b:b7,ESP-02,8270bc16-9a1e-4407-aa0d-8bfb0dfc4d6c,DIN-BA-R8,dynamic,BA,Sala A,-69,Sala A,movimento,Sala A,True,Sala A,True,Sala B,False,True,Sala B,False,False,False,True
2026-08-25 13:04:16,2026-08-25 13:04:15,1119,2239514506,2026-08-25 13:04:16,server,c3:00:00:13:3b:b7,ESP-01,8ed6e334-7e9f-446e-bee6-ddf68941b333,DIN-BA-R8,dynamic,BA,Corredor,-71,Sala A,movimento,Corredor,True,Corredor,True,Corredor,True,False,Sala B,False,False,False,False
2026-08-25 13:04:21,2026-08-25 13:04:20,1169,1690126268,2026-08-25 13:04:21,server,c3:00:00:13:3b:b7,ESP-03,ec45c946-7ec4-49a8-8131-4db53271e314,DIN-BA-R8,dynamic,BA,Sala B,-89,Sala A,movimento,Sala B,True,Sala A,True,Sala A,True,False,Sala B,False,True,False,False
2026-08-25 13:04:28,2026-08-25 13:04:27,1120,2239514506,2026-08-25 13:04:28,server,c3:00:00:13:3b:b7,ESP-01,a793e4ec-cde9-4507-b1df-54b0b8c3ab6f,DIN-BA-R8,dynamic,BA,Corredor,-81,Sala A,movimento,Corredor,True,Sala A,False,Sala A,False,False,Sala B,False,False,False,False
2026-08-25 13:05:45,2026-08-25 13:05:44,1126,2239514506,2026-08-25 13:05:45,server,c3:00:00:13:3b:b7,ESP-01,f1b64a40-95fa-4381-9b47-0b472c8f5a1b,DIN-BA-R9,dynamic,BA,Corredor,-83,Sala B,movimento,Corredor,True,Corredor,True,Corredor,True,False,,False,False,False,False
2026-08-25 13:05:50,2026-08-25 13:05:49,1176,1690126268,2026-08-25 13:05:50,server,c3:00:00:13:3b:b7,ESP-03,efc21e9a-ab32-47d6-aed4-ae0b0e72881d,DIN-BA-R9,dynamic,BA,Sala B,-58,Sala B,movimento,Sala B,True,Sala B,True,Sala B,True,False,,False,False,False,False
2026-08-25 13:05:57,2026-08-25 13:05:52,485,1151497274,2026-08-25 13:05:57,server,c3:00:00:13:3b:b7,ESP-02,7e2da719-1bf9-4e98-9ecf-9ece456d51ee,DIN-BA-R9,dynamic,BA,Sala A,-82,Sala B,movimento,Sala A,True,Sala B,False,Sala B,False,False,,False,False,False,False
2026-08-25 13:05:57,2026-08-25 13:05:57,1127,2239514506,2026-08-25 13:05:57,server,c3:00:00:13:3b:b7,ESP-01,5dfca93c-965e-463b-bf1d-a108f96aa2cf,DIN-BA-R9,dynamic,BA,Corredor,-77,Sala B,movimento,Corredor,True,Sala B,False,Sala B,False,False,Sala B,True,False,True,True
2026-08-25 13:06:02,2026-08-25 13:06:02,1177,1690126268,2026-08-25 13:06:02,server,c3:00:00:13:3b:b7,ESP-03,01b6fc48-ea76-4ef4-89be-abc0032e4627,DIN-BA-R9,dynamic,BA,Sala B,-74,Sala B,movimento,Sala B,True,Sala B,False,Sala B,False,False,Sala B,False,True,True,True
2026-08-25 13:06:03,2026-08-25 13:06:02,486,1151497274,2026-08-25 13:06:03,server,c3:00:00:13:3b:b7,ESP-02,ba679e8c-aae0-45a0-bea9-e31082699772,DIN-BA-R9,dynamic,BA,Sala A,-105,Corredor,movimento,Sala A,True,Sala B,False,Sala B,False,False,Sala B,False,False,True,True
2026-08-25 13:06:10,2026-08-25 13:06:09,1128,2239514506,2026-08-25 13:06:10,server,c3:00:00:13:3b:b7,ESP-01,184605d6-932e-4596-ba63-6c2231b5f7ee,DIN-BA-R9,dynamic,BA,Corredor,-69,Sala A,movimento,Corredor,True,Corredor,True,Sala B,False,True,Sala B,False,False,False,True
2026-08-25 13:06:16,2026-08-25 13:06:15,487,1151497274,2026-08-25 13:06:16,server,c3:00:00:13:3b:b7,ESP-02,a235e152-1d3c-424b-941f-7ee48f1bc3c6,DIN-BA-R9,dynamic,BA,Sala A,-61,Sala A,movimento,Sala A,True,Corredor,False,Sala B,False,True,Sala B,False,False,False,True
2026-08-25 13:06:18,2026-08-25 13:06:14,1178,1690126268,2026-08-25 13:06:18,server,c3:00:00:13:3b:b7,ESP-03,d3510f63-6d60-47be-9c22-9a7cf1972985,DIN-BA-R9,dynamic,BA,Sala B,-84,Sala A,movimento,Sala B,True,Corredor,False,Sala B,False,True,Sala B,False,True,False,True
2026-08-25 13:06:22,2026-08-25 13:06:21,1129,2239514506,2026-08-25 13:06:22,server,c3:00:00:13:3b:b7,ESP-01,68ad7bd2-4800-458d-af84-8dcd8386b553,DIN-BA-R9,dynamic,BA,Corredor,-74,Sala A,movimento,Corredor,True,Corredor,False,Sala B,False,True,Sala B,False,False,False,True
2026-08-25 13:06:28,2026-08-25 13:06:27,488,1151497274,2026-08-25 13:06:28,server,c3:00:00:13:3b:b7,ESP-02,2d568668-a922-4cd9-91be-76f3b44d9fc4,DIN-BA-R9,dynamic,BA,Sala A,-65,Sala A,movimento,Sala A,True,Sala A,True,Sala B,False,True,Sala B,False,False,False,True
2026-08-25 09:37:05,2026-08-25 09:37:04,67,3069185015,2026-08-25 09:37:05,server,c3:00:00:13:3b:b7,ESP-02,d8bdf279-102e-447b-8f10-b3c16f430ab4,EST-A1-R1,static,A1,Sala A,-55,,,Sala A,True,Sala A,True,Sala A,True,False,,False,False,False,False
2026-08-25 09:37:06,2026-08-25 09:37:05,111,2239514506,2026-08-25 09:37:06,server,c3:00:00:13:3b:b7,ESP-01,e8153e4d-c1eb-4468-92ff-56752b2b94d7,EST-A1-R1,static,A1,Corredor,-81,,,Corredor,True,Sala A,False,Sala A,False,False,,False,False,False,False
2026-08-25 09:37:09,2026-08-25 09:37:08,162,1690126268,2026-08-25 09:37:09,server,c3:00:00:13:3b:b7,ESP-03,0377e1d0-be2e-49c7-b12f-0b461dd4e65e,EST-A1-R1,static,A1,Sala B,-90,,,Sala B,True,Sala A,False,Sala A,False,False,Sala A,True,False,True,True
2026-08-25 09:37:17,2026-08-25 09:37:16,68,3069185015,2026-08-25 09:37:17,server,c3:00:00:13:3b:b7,ESP-02,f4dad9c6-065d-46bd-96e1-656dbe4422e1,EST-A1-R1,static,A1,Sala A,-56,,,Sala A,True,Sala A,False,Sala A,False,False,Sala A,False,True,True,True
2026-08-25 09:37:18,2026-08-25 09:37:18,112,2239514506,2026-08-25 09:37:18,server,c3:00:00:13:3b:b7,ESP-01,fa69bc50-32b1-4373-9426-dd7cb0263413,EST-A1-R1,static,A1,Corredor,-85,,,Corredor,True,Sala A,False,Sala A,False,False,Sala A,False,False,True,True
2026-08-25 09:37:24,2026-08-25 09:37:20,163,1690126268,2026-08-25 09:37:24,server,c3:00:00:13:3b:b7,ESP-03,19081412-ea77-47fe-b726-efc0f18add8d,EST-A1-R1,static,A1,Sala B,-88,,,Sala B,True,Sala A,False,Sala A,False,False,Sala A,False,False,True,True
2026-08-25 09:37:29,2026-08-25 09:37:29,69,3069185015,2026-08-25 09:37:29,server,c3:00:00:13:3b:b7,ESP-02,d349f9d7-c1bb-453f-826b-855f75b86e63,EST-A1-R1,static,A1,Sala A,-55,,,Sala A,True,Sala A,False,Sala A,False,False,Sala A,False,True,True,True
2026-08-25 09:37:34,2026-08-25 09:37:30,113,2239514506,2026-08-25 09:37:34,server,c3:00:00:13:3b:b7,ESP-01,7814f606-e5f6-4935-a488-e9e6cd9476eb,EST-A1-R1,static,A1,Corredor,-82,,,Corredor,True,Sala A,False,Sala A,False,False,Sala A,False,False,True,True
2026-08-25 09:37:39,2026-08-25 09:37:36,164,1690126268,2026-08-25 09:37:39,server,c3:00:00:13:3b:b7,ESP-03,5a917858-8b57-4934-b1ae-cef6bae11739,EST-A1-R1,static,A1,Sala B,-88,,,Sala B,True,Sala A,False,Sala A,False,False,Sala A,False,False,True,True
2026-08-25 09:37:44,2026-08-25 09:37:41,70,3069185015,2026-08-25 09:37:44,server,c3:00:00:13:3b:b7,ESP-02,44d4c942-4371-4fa1-a7b5-c143ff1b3d3d,EST-A1-R1,static,A1,Sala A,-56,,,Sala A,True,Sala A,False,Sala A,False,False,Sala A,False,True,True,True
2026-08-25 09:37:50,2026-08-25 09:37:46,114,2239514506,2026-08-25 09:37:50,server,c3:00:00:13:3b:b7,ESP-01,8e25b145-044d-43be-9b9f-b86bd1c525a3,EST-A1-R1,static,A1,Corredor,-77,,,Corredor,True,Sala A,False,Sala A,False,False,Sala A,False,False,True,True
2026-08-25 09:37:52,2026-08-25 09:37:51,165,1690126268,2026-08-25 09:37:52,server,c3:00:00:13:3b:b7,ESP-03,35dc7d9e-c44f-483b-97a7-bdc800cf1fdb,EST-A1-R1,static,A1,Sala B,-88,,,Sala B,True,Sala A,False,Sala A,False,False,Sala A,False,False,True,True
2026-08-25 09:37:56,2026-08-25 09:37:56,115,2239514506,2026-08-25 09:37:56,server,c3:00:00:13:3b:b7,ESP-01,07c3d843-4561-4f9a-9d02-3115ae566a83,EST-A1-R1,static,A1,Corredor,-89,,,Corredor,True,Sala A,False,Sala A,False,False,Sala A,False,False,True,True
2026-08-25 09:38:27,2026-08-25 09:38:24,117,2239514506,2026-08-25 09:38:27,server,c3:00:00:13:3b:b7,ESP-01,dd649c2f-c448-4418-8204-97471b875e77,EST-A1-R1,static,A1,Corredor,-87,Sala A,centro_sala,Corredor,False,Sala A,False,Sala A,False,False,Sala A,False,False,True,True
2026-08-25 09:38:31,2026-08-25 09:38:27,73,3069185015,2026-08-25 09:38:31,server,c3:00:00:13:3b:b7,ESP-02,0284d1b6-e3f5-42ae-a0c7-c955a246b848,EST-A1-R1,static,A1,Sala A,-59,Sala A,centro_sala,Sala A,True,Sala A,False,Sala A,False,False,Sala A,False,True,True,True
2026-08-25 09:38:38,2026-08-25 09:38:34,168,1690126268,2026-08-25 09:38:38,server,c3:00:00:13:3b:b7,ESP-03,b14ea9c5-f3c4-42ad-a8fe-b6aec558bb34,EST-A1-R1,static,A1,Sala B,-89,Sala A,centro_sala,Sala B,True,Sala A,False,Sala A,False,False,Sala A,False,False,True,True
2026-08-25 09:38:40,2026-08-25 09:38:39,118,2239514506,2026-08-25 09:38:40,server,c3:00:00:13:3b:b7,ESP-01,a35a900c-7a88-4252-a590-d58d7b6ec38c,EST-A1-R1,static,A1,Corredor,-85,Sala A,centro_sala,Corredor,True,Sala A,False,Sala A,False,False,Sala A,False,False,True,True
2026-08-25 09:38:46,2026-08-25 09:38:42,74,3069185015,2026-08-25 09:38:46,server,c3:00:00:13:3b:b7,ESP-02,06bfc9b9-df8c-468f-bc48-3aaf74bca958,EST-A1-R1,static,A1,Sala A,-56,Sala A,centro_sala,Sala A,True,Sala A,False,Sala A,False,False,Sala A,False,True,True,True
2026-08-25 09:38:50,2026-08-25 09:38:50,169,1690126268,2026-08-25 09:38:50,server,c3:00:00:13:3b:b7,ESP-03,78f9a574-8dc7-43d1-8983-a35c505097a3,EST-A1-R1,static,A1,Sala B,-86,Sala A,centro_sala,Sala B,True,Sala A,False,Sala A,False,False,Sala A,False,False,True,True
2026-08-25 09:39:01,2026-08-25 09:38:58,75,3069185015,2026-08-25 09:39:01,server,c3:00:00:13:3b:b7,ESP-02,39657ac2-76a6-4c72-94e2-461e36431af8,EST-A1-R1,static,A1,Sala A,-59,Sala A,centro_sala,Sala A,True,Sala A,False,Sala A,False,False,Sala A,False,True,True,True
2026-08-25 09:39:02,2026-08-25 09:38:52,119,2239514506,2026-08-25 09:39:02,server,c3:00:00:13:3b:b7,ESP-01,d4110170-f269-43d1-aa02-39fc0a154f74,EST-A1-R1,static,A1,Corredor,-70,Sala A,centro_sala,Corredor,True,Sala A,False,Sala A,False,False,Sala A,False,False,True,True
2026-08-25 09:39:03,2026-08-25 09:39:02,170,1690126268,2026-08-25 09:39:03,server,c3:00:00:13:3b:b7,ESP-03,8ef4a1cd-3c88-414b-91a9-878df1c05054,EST-A1-R1,static,A1,Sala B,-85,Sala A,centro_sala,Sala B,True,Sala A,False,Sala A,False,False,Sala A,False,False,True,True
2026-08-25 09:39:06,2026-08-25 09:39:03,120,2239514506,2026-08-25 09:39:06,server,c3:00:00:13:3b:b7,ESP-01,470b4fcd-2ea7-4c3a-b8a4-18f382e24d47,EST-A1-R1,static,A1,Corredor,-76,Sala A,centro_sala,Corredor,True,Sala A,False,Sala A,False,False,Sala A,False,False,True,True
2026-08-25 09:39:15,2026-08-25 09:39:14,171,1690126268,2026-08-25 09:39:15,server,c3:00:00:13:3b:b7,ESP-03,42920d41-1b9c-427c-8fc6-966a67ec36ce,EST-A1-R1,static,A1,Sala B,-86,Sala A,centro_sala,Sala B,True,Sala A,False,Sala A,False,False,Sala A,False,False,True,True
2026-08-25 09:39:21,2026-08-25 09:39:18,121,2239514506,2026-08-25 09:39:21,server,c3:00:00:13:3b:b7,ESP-01,d5df6081-3a73-4946-9fb5-51b0df136fd0,EST-A1-R1,static,A1,Corredor,-69,Sala A,centro_sala,Corredor,True,Corredor,True,Sala A,False,True,Sala A,False,False,False,True
2026-08-25 09:39:22,2026-08-25 09:39:13,76,3069185015,2026-08-25 09:39:22,server,c3:00:00:13:3b:b7,ESP-02,562e5655-fa76-49c4-b4e4-c402ccbbfad5,EST-A1-R1,static,A1,Sala A,-60,Sala A,centro_sala,Sala A,True,Sala A,True,Sala A,False,False,Sala A,False,True,True,True
2026-08-25 09:39:27,2026-08-25 09:39:24,77,3069185015,2026-08-25 09:39:27,server,c3:00:00:13:3b:b7,ESP-02,f005d6ea-e90a-4cc0-9ebd-877ebb8b3f1a,EST-A1-R1,static,A1,Sala A,-55,Sala A,centro_sala,Sala A,False,Sala A,False,Sala A,False,False,Sala A,False,True,True,True
2026-08-25 09:39:31,2026-08-25 09:39:27,172,1690126268,2026-08-25 09:39:31,server,c3:00:00:13:3b:b7,ESP-03,ec812381-0924-4d37-b414-6af5245e9141,EST-A1-R1,static,A1,Sala B,-90,Sala A,centro_sala,Sala B,True,Sala A,False,Sala A,False,False,Sala A,False,False,True,True
2026-08-25 09:44:17,2026-08-25 09:44:16,194,1690126268,2026-08-25 09:44:17,server,c3:00:00:13:3b:b7,ESP-03,5f9a34df-27ac-4e8c-beab-fc42be28fa61,EST-A1-R2,static,A1,Sala B,-86,Sala A,centro_sala,Sala B,True,Sala B,True,Sala B,True,False,,False,False,False,False
2026-08-25 09:44:23,2026-08-25 09:44:22,144,2239514506,2026-08-25 09:44:23,server,c3:00:00:13:3b:b7,ESP-01,ddd6fa22-e27d-4b1b-8868-9c34857f61ae,EST-A1-R2,static,A1,Corredor,-77,Sala A,centro_sala,Corredor,True,Corredor,True,Corredor,True,False,,False,False,False,False
2026-08-25 09:44:25,2026-08-25 09:44:25,100,3069185015,2026-08-25 09:44:25,server,c3:00:00:13:3b:b7,ESP-02,db88cc21-d1a4-4fcb-94fe-5bdce4bc3857,EST-A1-R2,static,A1,Sala A,-56,Sala A,centro_sala,Sala A,True,Sala A,True,Sala A,True,False,,False,False,False,False
2026-08-25 09:44:29,2026-08-25 09:44:29,195,1690126268,2026-08-25 09:44:29,server,c3:00:00:13:3b:b7,ESP-03,f36ea51d-399d-44ac-9cf4-a3a14302de94,EST-A1-R2,static,A1,Sala B,-89,Sala A,centro_sala,Sala B,True,Sala A,False,Sala A,False,False,,False,False,False,False
2026-08-25 09:44:36,2026-08-25 09:44:35,145,2239514506,2026-08-25 09:44:36,server,c3:00:00:13:3b:b7,ESP-01,bb2877c3-5fea-4b80-b971-7b91d81aadf4,EST-A1-R2,static,A1,Corredor,-79,Sala A,centro_sala,Corredor,True,Sala A,False,Sala A,False,False,Sala A,True,False,True,True
2026-08-25 09:44:37,2026-08-25 09:44:37,101,3069185015,2026-08-25 09:44:37,server,c3:00:00:13:3b:b7,ESP-02,2a7d80e8-ec1e-484e-a6ac-9c88dab6820c,EST-A1-R2,static,A1,Sala A,-57,Sala A,centro_sala,Sala A,True,Sala A,False,Sala A,False,False,Sala A,False,True,True,True
2026-08-25 09:44:42,2026-08-25 09:44:41,196,1690126268,2026-08-25 09:44:42,server,c3:00:00:13:3b:b7,ESP-03,302c1f74-14c6-4421-a440-8114ed22132b,EST-A1-R2,static,A1,Sala B,-85,Sala A,centro_sala,Sala B,True,Sala A,False,Sala A,False,False,Sala A,False,False,True,True
2026-08-25 09:44:48,2026-08-25 09:44:48,146,2239514506,2026-08-25 09:44:48,server,c3:00:00:13:3b:b7,ESP-01,b2f598a1-33b2-425d-b35c-36e04ecaeed7,EST-A1-R2,static,A1,Corredor,-80,Sala A,centro_sala,Corredor,True,Sala A,False,Sala A,False,False,Sala A,False,False,True,True
2026-08-25 09:44:50,2026-08-25 09:44:49,102,3069185015,2026-08-25 09:44:50,server,c3:00:00:13:3b:b7,ESP-02,7f9805b7-460e-498b-a9c3-1c35b5592001,EST-A1-R2,static,A1,Sala A,-57,Sala A,centro_sala,Sala A,True,Sala A,False,Sala A,False,False,Sala A,False,True,True,True
2026-08-25 09:44:54,2026-08-25 09:44:54,197,1690126268,2026-08-25 09:44:54,server,c3:00:00:13:3b:b7,ESP-03,5a0810aa-f6df-4e7a-abde-a420d29fc2f7,EST-A1-R2,static,A1,Sala B,-85,Sala A,centro_sala,Sala B,True,Sala A,False,Sala A,False,False,Sala A,False,False,True,True
2026-08-25 09:45:01,2026-08-25 09:45:00,147,2239514506,2026-08-25 09:45:01,server,c3:00:00:13:3b:b7,ESP-01,0a2913f0-1682-49d4-ad68-a24a6c3199e8,EST-A1-R2,static,A1,Corredor,-79,Sala A,centro_sala,Corredor,True,Sala A,False,Sala A,False,False,Sala A,False,False,True,True
2026-08-25 09:45:02,2026-08-25 09:45:02,103,3069185015,2026-08-25 09:45:02,server,c3:00:00:13:3b:b7,ESP-02,1db4fb7b-1a9f-49a5-a200-1bf2dadea549,EST-A1-R2,static,A1,Sala A,-57,Sala A,centro_sala,Sala A,True,Sala A,False,Sala A,False,False,Sala A,False,True,True,True
2026-08-25 09:45:07,2026-08-25 09:45:06,198,1690126268,2026-08-25 09:45:07,server,c3:00:00:13:3b:b7,ESP-03,639d32dc-e5ba-4a72-8449-b1851cb4c7ad,EST-A1-R2,static,A1,Sala B,-87,Sala A,centro_sala,Sala B,True,Sala A,False,Sala A,False,False,Sala A,False,False,True,True
2026-08-25 09:45:13,2026-08-25 09:45:13,148,2239514506,2026-08-25 09:45:13,server,c3:00:00:13:3b:b7,ESP-01,97538067-3f3e-4220-8ad8-d7166c016250,EST-A1-R2,static,A1,Corredor,-72,Sala A,centro_sala,Corredor,True,Sala A,False,Sala A,False,False,Sala A,False,False,True,True
2026-08-25 09:45:15,2026-08-25 09:45:14,104,3069185015,2026-08-25 09:45:15,server,c3:00:00:13:3b:b7,ESP-02,0d78b7f1-957c-4a4a-911e-7bb73401c3bf,EST-A1-R2,static,A1,Sala A,-57,Sala A,centro_sala,Sala A,True,Sala A,False,Sala A,False,False,Sala A,False,True,True,True
2026-08-25 09:45:19,2026-08-25 09:45:19,199,1690126268,2026-08-25 09:45:19,server,c3:00:00:13:3b:b7,ESP-03,3fd0e460-1b91-4f69-acc9-7e66fe461974,EST-A1-R2,static,A1,Sala B,-84,Sala A,centro_sala,Sala B,True,Sala A,False,Sala A,False,False,Sala A,False,False,True,True
2026-08-25 09:45:26,2026-08-25 09:45:25,149,2239514506,2026-08-25 09:45:26,server,c3:00:00:13:3b:b7,ESP-01,af6879a5-1ced-4ddf-a3c2-ba3ad823bddf,EST-A1-R2,static,A1,Corredor,-69,Sala A,centro_sala,Corredor,True,Sala A,False,Sala A,False,False,Sala A,False,False,True,True
2026-08-25 09:50:21,2026-08-25 09:50:20,223,1690126268,2026-08-25 09:50:21,server,c3:00:00:13:3b:b7,ESP-03,8aa73f9d-a28b-4a6a-8a25-c6b0c66009e8,EST-A1-R3,static,A1,Sala B,-85,,,Sala B,True,Sala B,True,Sala B,True,False,,False,False,False,False
2026-08-25 09:50:25,2026-08-25 09:50:24,129,3069185015,2026-08-25 09:50:25,server,c3:00:00:13:3b:b7,ESP-02,d7a633e1-e165-4709-b448-b749e1a31afd,EST-A1-R3,static,A1,Sala A,-57,Sala A,centro_sala,Sala A,True,Sala A,True,Sala A,True,False,,False,False,False,False
2026-08-25 09:50:32,2026-08-25 09:50:31,173,2239514506,2026-08-25 09:50:32,server,c3:00:00:13:3b:b7,ESP-01,ce52b623-59f1-48f8-ad9a-52cdf69f3913,EST-A1-R3,static,A1,Corredor,-70,Sala A,centro_sala,Corredor,True,Sala A,False,Sala A,False,False,,False,False,False,False
2026-08-25 09:50:34,2026-08-25 09:50:33,224,1690126268,2026-08-25 09:50:34,server,c3:00:00:13:3b:b7,ESP-03,745c12ba-99d7-4cbb-b5c1-1cf83f07c5e4,EST-A1-R3,static,A1,Sala B,-88,Sala A,centro_sala,Sala B,True,Sala A,False,Sala A,False,False,Sala A,True,False,True,True
2026-08-25 09:50:38,2026-08-25 09:50:37,130,3069185015,2026-08-25 09:50:38,server,c3:00:00:13:3b:b7,ESP-02,f5f10168-a8b0-4deb-8dee-8c659e74cbe6,EST-A1-R3,static,A1,Sala A,-61,Sala A,centro_sala,Sala A,True,Sala A,False,Sala A,False,False,Sala A,False,True,True,True
2026-08-25 09:50:44,2026-08-25 09:50:44,174,2239514506,2026-08-25 09:50:44,server,c3:00:00:13:3b:b7,ESP-01,f105b37e-18b7-4ea9-b988-9ddeec0dc3b2,EST-A1-R3,static,A1,Corredor,-77,Sala A,centro_sala,Corredor,True,Sala A,False,Sala A,False,False,Sala A,False,False,True,True
2026-08-25 09:50:46,2026-08-25 09:50:45,225,1690126268,2026-08-25 09:50:46,server,c3:00:00:13:3b:b7,ESP-03,0f1c928b-a66e-4584-ab54-e5b697f4fd97,EST-A1-R3,static,A1,Sala B,-86,Sala A,centro_sala,Sala B,True,Sala A,False,Sala A,False,False,Sala A,False,False,True,True
2026-08-25 09:50:50,2026-08-25 09:50:50,131,3069185015,2026-08-25 09:50:50,server,c3:00:00:13:3b:b7,ESP-02,bd82e1da-d76c-488e-aab2-05ea28cc6129,EST-A1-R3,static,A1,Sala A,-57,Sala A,centro_sala,Sala A,True,Sala A,False,Sala A,False,False,Sala A,False,True,True,True
2026-08-25 09:50:57,2026-08-25 09:50:56,175,2239514506,2026-08-25 09:50:57,server,c3:00:00:13:3b:b7,ESP-01,db35724d-a073-4986-a244-8e0a5601ba9d,EST-A1-R3,static,A1,Corredor,-76,Sala A,centro_sala,Corredor,True,Sala A,False,Sala A,False,False,Sala A,False,False,True,True
2026-08-25 09:50:59,2026-08-25 09:50:58,226,1690126268,2026-08-25 09:50:59,server,c3:00:00:13:3b:b7,ESP-03,c9a335dc-7641-4eb2-b975-bdf00820bfcf,EST-A1-R3,static,A1,Sala B,-82,Sala A,centro_sala,Sala B,True,Sala A,False,Sala A,False,False,Sala A,False,False,True,True
2026-08-25 09:51:03,2026-08-25 09:51:02,132,3069185015,2026-08-25 09:51:03,server,c3:00:00:13:3b:b7,ESP-02,b7d79a62-5ca6-49e7-84f8-c2316d1d92dd,EST-A1-R3,static,A1,Sala A,-62,Sala A,centro_sala,Sala A,True,Sala A,False,Sala A,False,False,Sala A,False,True,True,True
2026-08-25 09:51:09,2026-08-25 09:51:08,176,2239514506,2026-08-25 09:51:09,server,c3:00:00:13:3b:b7,ESP-01,11d73f1e-c950-4c9f-a113-adc1eed2f887,EST-A1-R3,static,A1,Corredor,-76,Sala A,centro_sala,Corredor,True,Sala A,False,Sala A,False,False,Sala A,False,False,True,True
2026-08-25 09:51:11,2026-08-25 09:51:11,227,1690126268,2026-08-25 09:51:11,server,c3:00:00:13:3b:b7,ESP-03,24ecaaf1-0c68-4f4c-9572-6f39f48d456e,EST-A1-R3,static,A1,Sala B,-86,Sala A,centro_sala,Sala B,True,Sala A,False,Sala A,False,False,Sala A,False,False,True,True
2026-08-25 09:51:15,2026-08-25 09:51:14,133,3069185015,2026-08-25 09:51:15,server,c3:00:00:13:3b:b7,ESP-02,6de4d354-10b2-4b0e-8d99-5b346c623fcf,EST-A1-R3,static,A1,Sala A,-61,Sala A,centro_sala,Sala A,True,Sala A,False,Sala A,False,False,Sala A,False,True,True,True
2026-08-25 09:51:22,2026-08-25 09:51:21,177,2239514506,2026-08-25 09:51:22,server,c3:00:00:13:3b:b7,ESP-01,604d3c59-b059-4609-a006-b17762ff25ca,EST-A1-R3,static,A1,Corredor,-78,Sala A,centro_sala,Corredor,True,Sala A,False,Sala A,False,False,Sala A,False,False,True,True
2026-08-25 09:55:35,2026-08-25 09:55:34,154,3069185015,2026-08-25 09:55:35,server,c3:00:00:13:3b:b7,ESP-02,0bca312d-9eef-4c85-a7a8-c15d7e490b54,EST-A1-R4,static,A1,Sala A,-60,Sala A,centro_sala,Sala A,True,Sala A,True,Sala A,True,False,,False,False,False,False
2026-08-25 09:55:37,2026-08-25 09:55:36,248,1690126268,2026-08-25 09:55:37,server,c3:00:00:13:3b:b7,ESP-03,dcb1a057-7226-4760-b6cf-73671f7e1d20,EST-A1-R4,static,A1,Sala B,-86,Sala A,centro_sala,Sala B,True,Sala A,False,Sala A,False,False,,False,False,False,False
2026-08-25 09:55:37,2026-08-25 09:55:36,197,2239514506,2026-08-25 09:55:37,server,c3:00:00:13:3b:b7,ESP-01,40227873-d087-419c-b727-947d944bad70,EST-A1-R4,static,A1,Corredor,-75,Sala A,centro_sala,Corredor,True,Sala A,False,Sala A,False,False,Sala A,True,False,True,True
2026-08-25 09:55:47,2026-08-25 09:55:46,155,3069185015,2026-08-25 09:55:47,server,c3:00:00:13:3b:b7,ESP-02,89f00871-b5b5-4741-8e6b-604ff84b404a,EST-A1-R4,static,A1,Sala A,-58,Sala A,centro_sala,Sala A,True,Sala A,False,Sala A,False,False,Sala A,False,True,True,True
2026-08-25 09:55:49,2026-08-25 09:55:48,249,1690126268,2026-08-25 09:55:49,server,c3:00:00:13:3b:b7,ESP-03,daa0765b-7535-4374-9d6a-30331bf3512b,EST-A1-R4,static,A1,Sala B,-85,Sala A,centro_sala,Sala B,True,Sala A,False,Sala A,False,False,Sala A,False,False,True,True
2026-08-25 09:55:49,2026-08-25 09:55:49,198,2239514506,2026-08-25 09:55:49,server,c3:00:00:13:3b:b7,ESP-01,d8b9f66d-2c4b-4948-b4ad-9685cbeff946,EST-A1-R4,static,A1,Corredor,-70,Sala A,centro_sala,Corredor,True,Sala A,False,Sala A,False,False,Sala A,False,False,True,True
2026-08-25 09:55:59,2026-08-25 09:55:59,156,3069185015,2026-08-25 09:55:59,server,c3:00:00:13:3b:b7,ESP-02,2bb7f242-55b6-4cf1-8b8d-56081744c08c,EST-A1-R4,static,A1,Sala A,-63,Sala A,centro_sala,Sala A,True,Sala A,False,Sala A,False,False,Sala A,False,True,True,True
2026-08-25 09:56:01,2026-08-25 09:56:00,250,1690126268,2026-08-25 09:56:01,server,c3:00:00:13:3b:b7,ESP-03,22fbfd56-a142-45ba-8944-7434a7a21a41,EST-A1-R4,static,A1,Sala B,-86,Sala A,centro_sala,Sala B,True,Sala A,False,Sala A,False,False,Sala A,False,False,True,True
2026-08-25 09:56:02,2026-08-25 09:56:01,199,2239514506,2026-08-25 09:56:02,server,c3:00:00:13:3b:b7,ESP-01,2f5e9c22-a0f5-4b52-89d6-0c3cefe6b8fd,EST-A1-R4,static,A1,Corredor,-76,Sala A,centro_sala,Corredor,True,Sala A,False,Sala A,False,False,Sala A,False,False,True,True
2026-08-25 09:56:12,2026-08-25 09:56:11,157,3069185015,2026-08-25 09:56:12,server,c3:00:00:13:3b:b7,ESP-02,7fa36003-69be-4aa1-a068-80c0c180040f,EST-A1-R4,static,A1,Sala A,-62,Sala A,centro_sala,Sala A,True,Sala A,False,Sala A,False,False,Sala A,False,True,True,True
2026-08-25 09:56:14,2026-08-25 09:56:13,251,1690126268,2026-08-25 09:56:14,server,c3:00:00:13:3b:b7,ESP-03,d2a40e9a-7228-4dc4-aec6-6f9c0c99c973,EST-A1-R4,static,A1,Sala B,-90,Sala A,centro_sala,Sala B,True,Sala A,False,Sala A,False,False,Sala A,False,False,True,True
2026-08-25 09:56:14,2026-08-25 09:56:14,200,2239514506,2026-08-25 09:56:14,server,c3:00:00:13:3b:b7,ESP-01,5ffb712e-1623-4ad4-aaa7-e3c159ff5147,EST-A1-R4,static,A1,Corredor,-76,Sala A,centro_sala,Corredor,True,Sala A,False,Sala A,False,False,Sala A,False,False,True,True
2026-08-25 09:56:24,2026-08-25 09:56:23,158,3069185015,2026-08-25 09:56:24,server,c3:00:00:13:3b:b7,ESP-02,3d79379d-872f-44f2-8cd8-8d2df7720f36,EST-A1-R4,static,A1,Sala A,-61,Sala A,centro_sala,Sala A,True,Sala A,False,Sala A,False,False,Sala A,False,True,True,True
2026-08-25 09:56:26,2026-08-25 09:56:25,252,1690126268,2026-08-25 09:56:26,server,c3:00:00:13:3b:b7,ESP-03,b9ec3315-1ce7-4d3e-80df-9195a8aaefba,EST-A1-R4,static,A1,Sala B,-85,Sala A,centro_sala,Sala B,True,Sala A,False,Sala A,False,False,Sala A,False,False,True,True
2026-08-25 09:56:27,2026-08-25 09:56:26,201,2239514506,2026-08-25 09:56:27,server,c3:00:00:13:3b:b7,ESP-01,335da41d-1eca-4f3b-a91d-63e23a26db5a,EST-A1-R4,static,A1,Corredor,-76,Sala A,centro_sala,Corredor,True,Sala A,False,Sala A,False,False,Sala A,False,False,True,True
2026-08-25 10:00:23,2026-08-25 10:00:22,271,1690126268,2026-08-25 10:00:23,server,c3:00:00:13:3b:b7,ESP-03,859dddd8-bef3-4c95-973e-dc950e42a6ae,EST-A1-R5,static,A1,Sala B,-84,Sala A,centro_sala,Sala B,True,Sala B,True,Sala B,True,False,,False,False,False,False
2026-08-25 10:00:27,2026-08-25 10:00:26,220,2239514506,2026-08-25 10:00:27,server,c3:00:00:13:3b:b7,ESP-01,5fc808ce-7b05-4079-9d42-f9783f8c3569,EST-A1-R5,static,A1,Corredor,-69,Sala A,centro_sala,Corredor,True,Corredor,True,Corredor,True,False,,False,False,False,False
2026-08-25 10:00:30,2026-08-25 10:00:30,178,3069185015,2026-08-25 10:00:30,server,c3:00:00:13:3b:b7,ESP-02,ed5e848a-7b23-4bd5-80d4-31a74af8b919,EST-A1-R5,static,A1,Sala A,-62,Sala A,centro_sala,Sala A,True,Sala A,True,Sala A,True,False,,False,False,False,False
2026-08-25 10:00:36,2026-08-25 10:00:35,272,1690126268,2026-08-25 10:00:36,server,c3:00:00:13:3b:b7,ESP-03,0721086a-55f7-46e9-a5de-64530eb62c72,EST-A1-R5,static,A1,Sala B,-89,Sala A,centro_sala,Sala B,True,Sala A,False,Sala A,False,False,,False,False,False,False
2026-08-25 10:00:39,2026-08-25 10:00:38,221,2239514506,2026-08-25 10:00:39,server,c3:00:00:13:3b:b7,ESP-01,4c0aad27-9f34-4200-b389-5ea21ca680f0,EST-A1-R5,static,A1,Corredor,-75,Sala A,centro_sala,Corredor,True,Sala A,False,Sala A,False,False,Sala A,True,False,True,True
2026-08-25 10:00:43,2026-08-25 10:00:42,179,3069185015,2026-08-25 10:00:43,server,c3:00:00:13:3b:b7,ESP-02,343ed0ba-0024-4866-93e5-77d4577986b7,EST-A1-R5,static,A1,Sala A,-63,Sala A,centro_sala,Sala A,True,Sala A,False,Sala A,False,False,Sala A,False,True,True,True
2026-08-25 10:00:48,2026-08-25 10:00:47,273,1690126268,2026-08-25 10:00:48,server,c3:00:00:13:3b:b7,ESP-03,2bf509ba-851b-431c-b31a-d21023f53bb9,EST-A1-R5,static,A1,Sala B,-84,Sala A,centro_sala,Sala B,True,Sala A,False,Sala A,False,False,Sala A,False,False,True,True
2026-08-25 10:00:52,2026-08-25 10:00:51,222,2239514506,2026-08-25 10:00:52,server,c3:00:00:13:3b:b7,ESP-01,55ba0845-caea-49e0-af07-62eba38cf203,EST-A1-R5,static,A1,Corredor,-69,Sala A,centro_sala,Corredor,True,Sala A,False,Sala A,False,False,Sala A,False,False,True,True
2026-08-25 10:00:55,2026-08-25 10:00:54,180,3069185015,2026-08-25 10:00:55,server,c3:00:00:13:3b:b7,ESP-02,6d68a6bc-be61-4620-848e-b0f01c5d6c98,EST-A1-R5,static,A1,Sala A,-63,Sala A,centro_sala,Sala A,True,Sala A,False,Sala A,False,False,Sala A,False,True,True,True
2026-08-25 10:01:01,2026-08-25 10:01:00,274,1690126268,2026-08-25 10:01:01,server,c3:00:00:13:3b:b7,ESP-03,63e6918f-3d57-49b0-a88c-4a1246ef1714,EST-A1-R5,static,A1,Sala B,-88,Sala A,centro_sala,Sala B,True,Sala A,False,Sala A,False,False,Sala A,False,False,True,True
2026-08-25 10:01:04,2026-08-25 10:01:03,223,2239514506,2026-08-25 10:01:04,server,c3:00:00:13:3b:b7,ESP-01,2494da44-4e9f-4e01-a697-3aea8648d53f,EST-A1-R5,static,A1,Corredor,-68,Sala A,centro_sala,Corredor,True,Sala A,False,Sala A,False,False,Sala A,False,False,True,True
2026-08-25 10:01:07,2026-08-25 10:01:06,181,3069185015,2026-08-25 10:01:07,server,c3:00:00:13:3b:b7,ESP-02,4c37b52c-257a-4fa0-8031-4b6e46a290a9,EST-A1-R5,static,A1,Sala A,-62,Sala A,centro_sala,Sala A,True,Sala A,False,Sala A,False,False,Sala A,False,True,True,True
2026-08-25 10:01:13,2026-08-25 10:01:12,275,1690126268,2026-08-25 10:01:13,server,c3:00:00:13:3b:b7,ESP-03,3c5dfc06-42a3-4173-9f22-5bd3d63d590c,EST-A1-R5,static,A1,Sala B,-85,Sala A,centro_sala,Sala B,True,Sala A,False,Sala A,False,False,Sala A,False,False,True,True
2026-08-25 10:01:17,2026-08-25 10:01:16,224,2239514506,2026-08-25 10:01:17,server,c3:00:00:13:3b:b7,ESP-01,d6853aa3-ca71-45f1-8e79-0f97ed5888a0,EST-A1-R5,static,A1,Corredor,-70,Sala A,centro_sala,Corredor,True,Sala A,False,Sala A,False,False,Sala A,False,False,True,True
2026-08-25 10:01:19,2026-08-25 10:01:19,182,3069185015,2026-08-25 10:01:19,server,c3:00:00:13:3b:b7,ESP-02,e336314b-1d61-4a8b-bc2c-dd9d7a8c0311,EST-A1-R5,static,A1,Sala A,-62,Sala A,centro_sala,Sala A,True,Sala A,False,Sala A,False,False,Sala A,False,True,True,True
2026-08-25 09:40:46,2026-08-25 09:40:44,127,2239514506,2026-08-25 09:40:46,server,c3:00:00:13:3b:b7,ESP-01,36b10c05-2e47-46f7-88d9-e43566a5e09e,EST-A2-R1,static,A2,Corredor,-85,,,Corredor,True,Corredor,True,Corredor,True,False,,False,False,False,False
2026-08-25 09:40:50,2026-08-25 09:40:49,178,1690126268,2026-08-25 09:40:50,server,c3:00:00:13:3b:b7,ESP-03,214e1cbe-754a-4a40-aec4-1a41bb976129,EST-A2-R1,static,A2,Sala B,-84,Sala A,junto_porta,Sala B,True,Sala B,True,Corredor,False,True,,False,False,False,False
2026-08-25 09:40:52,2026-08-25 09:40:49,83,3069185015,2026-08-25 09:40:52,server,c3:00:00:13:3b:b7,ESP-02,0d9773f1-d50f-4bbd-a64b-159631cad572,EST-A2-R1,static,A2,Sala A,-76,Sala A,junto_porta,Sala A,True,Sala A,True,Sala A,True,False,,False,False,False,False
2026-08-25 09:40:58,2026-08-25 09:40:58,128,2239514506,2026-08-25 09:40:58,server,c3:00:00:13:3b:b7,ESP-01,d8230214-8d0a-4090-b324-9e5fd33e8ed9,EST-A2-R1,static,A2,Corredor,-74,Sala A,junto_porta,Corredor,True,Sala A,False,Sala A,False,False,,False,False,False,False
2026-08-25 09:41:05,2026-08-25 09:41:02,179,1690126268,2026-08-25 09:41:05,server,c3:00:00:13:3b:b7,ESP-03,35b1ee6c-5ba1-41ec-8133-3d9aba3e363b,EST-A2-R1,static,A2,Sala B,-89,Sala A,junto_porta,Sala B,True,Sala A,False,Sala A,False,False,Sala A,True,False,True,True
2026-08-25 09:41:07,2026-08-25 09:41:04,84,3069185015,2026-08-25 09:41:07,server,c3:00:00:13:3b:b7,ESP-02,f5147cb1-4cea-4cbf-bc69-d48182e447cc,EST-A2-R1,static,A2,Sala A,-79,Sala A,junto_porta,Sala A,True,Corredor,True,Sala A,False,True,Sala A,False,True,False,True
2026-08-25 09:41:14,2026-08-25 09:41:11,129,2239514506,2026-08-25 09:41:14,server,c3:00:00:13:3b:b7,ESP-01,e2d2e032-aa2e-4645-b12f-0b7ee1d36610,EST-A2-R1,static,A2,Corredor,-74,Sala A,junto_porta,Corredor,True,Corredor,False,Sala A,False,True,Sala A,False,False,False,True
2026-08-25 09:41:18,2026-08-25 09:41:17,180,1690126268,2026-08-25 09:41:18,server,c3:00:00:13:3b:b7,ESP-03,24b29652-aa09-4469-8296-d0435f6624d1,EST-A2-R1,static,A2,Sala B,-84,Sala A,junto_porta,Sala B,True,Corredor,False,Sala A,False,True,Sala A,False,False,False,True
2026-08-25 09:41:20,2026-08-25 09:41:19,85,3069185015,2026-08-25 09:41:20,server,c3:00:00:13:3b:b7,ESP-02,cee08d30-ce87-4ac1-b7a2-56ef6e5b0bee,EST-A2-R1,static,A2,Sala A,-70,Sala A,junto_porta,Sala A,True,Corredor,False,Sala A,False,True,Sala A,False,True,False,True
2026-08-25 09:41:27,2026-08-25 09:41:26,130,2239514506,2026-08-25 09:41:27,server,c3:00:00:13:3b:b7,ESP-01,8b546b46-a1f5-4bc1-9128-e2950819b9c0,EST-A2-R1,static,A2,Corredor,-70,Sala A,junto_porta,Corredor,True,Corredor,False,Sala A,False,True,Sala A,False,False,False,True
2026-08-25 09:41:31,2026-08-25 09:41:30,181,1690126268,2026-08-25 09:41:31,server,c3:00:00:13:3b:b7,ESP-03,3ac7ac3c-350f-42c0-a3fe-1c26b474f771,EST-A2-R1,static,A2,Sala B,-90,Sala A,junto_porta,Sala B,True,Sala A,True,Sala A,False,False,Sala A,False,False,True,True
2026-08-25 09:41:32,2026-08-25 09:41:31,86,3069185015,2026-08-25 09:41:32,server,c3:00:00:13:3b:b7,ESP-02,d3cf46ab-de29-4999-a982-8863cf694837,EST-A2-R1,static,A2,Sala A,-70,Sala A,junto_porta,Sala A,True,Sala A,False,Sala A,False,False,Sala A,False,True,True,True
2026-08-25 09:41:39,2026-08-25 09:41:39,131,2239514506,2026-08-25 09:41:39,server,c3:00:00:13:3b:b7,ESP-01,0d97d19f-f717-481b-8746-d6c230ddb299,EST-A2-R1,static,A2,Corredor,-74,Sala A,junto_porta,Corredor,True,Sala A,False,Sala A,False,False,Sala A,False,False,True,True
2026-08-25 09:41:43,2026-08-25 09:41:43,182,1690126268,2026-08-25 09:41:43,server,c3:00:00:13:3b:b7,ESP-03,17c39245-a4a6-4e78-8e4c-789e2b309a28,EST-A2-R1,static,A2,Sala B,-86,Sala A,junto_porta,Sala B,True,Sala A,False,Sala A,False,False,Sala A,False,False,True,True
2026-08-25 09:41:44,2026-08-25 09:41:44,87,3069185015,2026-08-25 09:41:44,server,c3:00:00:13:3b:b7,ESP-02,70ba9250-e2af-42d1-b670-494912685780,EST-A2-R1,static,A2,Sala A,-70,Sala A,junto_porta,Sala A,True,Sala A,False,Sala A,False,False,Sala A,False,True,True,True
2026-08-25 09:41:52,2026-08-25 09:41:51,132,2239514506,2026-08-25 09:41:52,server,c3:00:00:13:3b:b7,ESP-01,22e5d5fb-e43b-46e8-b287-31e7533d962e,EST-A2-R1,static,A2,Corredor,-74,Sala A,junto_porta,Corredor,True,Sala A,False,Sala A,False,False,Sala A,False,False,True,True
2026-08-25 09:41:56,2026-08-25 09:41:55,183,1690126268,2026-08-25 09:41:56,server,c3:00:00:13:3b:b7,ESP-03,9d3b0c8d-7e4a-42c5-8f46-3143ea6623b1,EST-A2-R1,static,A2,Sala B,-86,Sala A,junto_porta,Sala B,True,Sala A,False,Sala A,False,False,Sala A,False,False,True,True
2026-08-25 09:41:57,2026-08-25 09:41:56,88,3069185015,2026-08-25 09:41:57,server,c3:00:00:13:3b:b7,ESP-02,88004785-42b3-4b5a-950a-cfb2155a350b,EST-A2-R1,static,A2,Sala A,-70,Sala A,junto_porta,Sala A,True,Sala A,False,Sala A,False,False,Sala A,False,True,True,True
2026-08-25 09:45:57,2026-08-25 09:45:57,202,1690126268,2026-08-25 09:45:57,server,c3:00:00:13:3b:b7,ESP-03,61c701a8-6b1a-4f27-bbc8-4b257d365026,EST-A2-R2,static,A2,Sala B,-100,,,Sala B,True,Sala B,True,Sala B,True,False,,False,False,False,False
2026-08-25 09:46:04,2026-08-25 09:46:03,152,2239514506,2026-08-25 09:46:04,server,c3:00:00:13:3b:b7,ESP-01,ca4fe6a5-66a7-4db8-a87a-67dbf0d08b49,EST-A2-R2,static,A2,Corredor,-61,Sala A,junto_porta,Corredor,True,Corredor,True,Corredor,True,False,,False,False,False,False
2026-08-25 09:46:04,2026-08-25 09:46:03,108,3069185015,2026-08-25 09:46:04,server,c3:00:00:13:3b:b7,ESP-02,79664c33-a970-4cc9-8172-4cad38454ec8,EST-A2-R2,static,A2,Sala A,-64,Sala A,junto_porta,Sala A,True,Corredor,False,Corredor,False,False,,False,False,False,False
2026-08-25 09:46:10,2026-08-25 09:46:09,203,1690126268,2026-08-25 09:46:10,server,c3:00:00:13:3b:b7,ESP-03,6728e3d1-e480-48c2-b753-e1aa84d47628,EST-A2-R2,static,A2,Sala B,-88,Sala A,junto_porta,Sala B,True,Corredor,False,Corredor,False,False,Corredor,True,False,True,True
2026-08-25 09:46:16,2026-08-25 09:46:16,109,3069185015,2026-08-25 09:46:16,server,c3:00:00:13:3b:b7,ESP-02,7fe11835-374b-4094-8246-1641333fa423,EST-A2-R2,static,A2,Sala A,-63,Sala A,junto_porta,Sala A,True,Corredor,False,Corredor,False,False,Corredor,False,False,True,True
2026-08-25 09:46:16,2026-08-25 09:46:16,153,2239514506,2026-08-25 09:46:16,server,c3:00:00:13:3b:b7,ESP-01,e910a201-30ba-4fd1-9cc1-55f1699f5b94,EST-A2-R2,static,A2,Corredor,-65,Sala A,junto_porta,Corredor,True,Corredor,False,Corredor,False,False,Corredor,False,True,True,True
2026-08-25 09:46:22,2026-08-25 09:46:21,204,1690126268,2026-08-25 09:46:22,server,c3:00:00:13:3b:b7,ESP-03,fd0a9457-9c94-4dde-a40c-6ab368ed07f9,EST-A2-R2,static,A2,Sala B,-88,Sala A,junto_porta,Sala B,True,Sala A,True,Corredor,False,True,Corredor,False,False,False,True
2026-08-25 09:46:29,2026-08-25 09:46:28,154,2239514506,2026-08-25 09:46:29,server,c3:00:00:13:3b:b7,ESP-01,762c1688-703e-4b94-9c3d-0589e441398e,EST-A2-R2,static,A2,Corredor,-65,Sala A,junto_porta,Corredor,True,Sala A,False,Corredor,False,True,Corredor,False,True,False,True
2026-08-25 09:46:29,2026-08-25 09:46:28,110,3069185015,2026-08-25 09:46:29,server,c3:00:00:13:3b:b7,ESP-02,c43c1ceb-bfa5-4c04-9a07-6747c4cba83d,EST-A2-R2,static,A2,Sala A,-64,Sala A,junto_porta,Sala A,True,Sala A,False,Corredor,False,True,Corredor,False,False,False,True
2026-08-25 09:46:35,2026-08-25 09:46:34,205,1690126268,2026-08-25 09:46:35,server,c3:00:00:13:3b:b7,ESP-03,86c75463-98ca-43bc-8db7-d343723f941d,EST-A2-R2,static,A2,Sala B,-85,Sala A,junto_porta,Sala B,True,Sala A,False,Corredor,False,True,Corredor,False,False,False,True
2026-08-25 09:46:41,2026-08-25 09:46:40,155,2239514506,2026-08-25 09:46:41,server,c3:00:00:13:3b:b7,ESP-01,2f13ef7d-8037-499b-93af-a0271ef70ec0,EST-A2-R2,static,A2,Corredor,-61,Sala A,junto_porta,Corredor,True,Corredor,True,Corredor,False,False,Corredor,False,True,True,True
2026-08-25 09:46:41,2026-08-25 09:46:41,111,3069185015,2026-08-25 09:46:41,server,c3:00:00:13:3b:b7,ESP-02,44b8c636-e6df-4481-b706-7d6dc36299d6,EST-A2-R2,static,A2,Sala A,-68,Sala A,junto_porta,Sala A,True,Corredor,False,Corredor,False,False,Corredor,False,False,True,True
2026-08-25 09:46:48,2026-08-25 09:46:47,206,1690126268,2026-08-25 09:46:48,server,c3:00:00:13:3b:b7,ESP-03,79873398-31e3-4813-b432-d97e6686ef97,EST-A2-R2,static,A2,Sala B,-88,Sala A,junto_porta,Sala B,True,Corredor,False,Corredor,False,False,Corredor,False,False,True,True
2026-08-25 09:46:54,2026-08-25 09:46:53,112,3069185015,2026-08-25 09:46:54,server,c3:00:00:13:3b:b7,ESP-02,abbdd602-a556-43fe-b12a-32436182322e,EST-A2-R2,static,A2,Sala A,-64,Sala A,junto_porta,Sala A,True,Corredor,False,Corredor,False,False,Corredor,False,False,True,True
2026-08-25 09:46:54,2026-08-25 09:46:53,156,2239514506,2026-08-25 09:46:54,server,c3:00:00:13:3b:b7,ESP-01,1e2221a3-25f0-49b6-8d8b-ae4e1c9abd87,EST-A2-R2,static,A2,Corredor,-72,Sala A,junto_porta,Corredor,True,Sala A,True,Corredor,False,True,Corredor,False,True,False,True
2026-08-25 09:52:00,2026-08-25 09:52:00,180,2239514506,2026-08-25 09:52:00,server,c3:00:00:13:3b:b7,ESP-01,7f45c3d4-583f-4199-899d-f1ff39f4af26,EST-A2-R3,static,A2,Corredor,-64,Sala A,junto_porta,Corredor,True,Corredor,True,Corredor,True,False,,False,False,False,False
2026-08-25 09:52:04,2026-08-25 09:52:03,231,1690126268,2026-08-25 09:52:04,server,c3:00:00:13:3b:b7,ESP-03,7843feab-4b82-4252-b292-1ba4e14b5607,EST-A2-R3,static,A2,Sala B,-89,Sala A,junto_porta,Sala B,True,Corredor,False,Corredor,False,False,,False,False,False,False
2026-08-25 09:52:04,2026-08-25 09:52:04,137,3069185015,2026-08-25 09:52:04,server,c3:00:00:13:3b:b7,ESP-02,68fa9dd2-eeaa-415a-8cef-d80414e8bf97,EST-A2-R3,static,A2,Sala A,-66,Sala A,junto_porta,Sala A,True,Corredor,False,Corredor,False,False,Corredor,True,False,True,True
2026-08-25 09:52:13,2026-08-25 09:52:12,181,2239514506,2026-08-25 09:52:13,server,c3:00:00:13:3b:b7,ESP-01,d3642a5b-49ad-4aad-baf8-85f74061679e,EST-A2-R3,static,A2,Corredor,-67,Sala A,junto_porta,Corredor,True,Corredor,False,Corredor,False,False,Corredor,False,True,True,True
2026-08-25 09:52:16,2026-08-25 09:52:16,232,1690126268,2026-08-25 09:52:16,server,c3:00:00:13:3b:b7,ESP-03,6c4a0c73-354f-4ef6-b6e1-ae0a013951a0,EST-A2-R3,static,A2,Sala B,-89,Sala A,junto_porta,Sala B,True,Corredor,False,Corredor,False,False,Corredor,False,False,True,True
2026-08-25 09:52:17,2026-08-25 09:52:16,138,3069185015,2026-08-25 09:52:17,server,c3:00:00:13:3b:b7,ESP-02,a3f339c6-5c23-4524-a00c-81663b692d31,EST-A2-R3,static,A2,Sala A,-65,Sala A,junto_porta,Sala A,True,Sala A,True,Corredor,False,True,Corredor,False,False,False,True
2026-08-25 09:52:25,2026-08-25 09:52:24,182,2239514506,2026-08-25 09:52:25,server,c3:00:00:13:3b:b7,ESP-01,82ddb5d8-20c6-4f27-82d2-ddbfa9edd84e,EST-A2-R3,static,A2,Corredor,-66,Sala A,junto_porta,Corredor,True,Sala A,False,Corredor,False,True,Corredor,False,True,False,True
2026-08-25 09:52:29,2026-08-25 09:52:28,233,1690126268,2026-08-25 09:52:29,server,c3:00:00:13:3b:b7,ESP-03,f7f0b76e-b581-413d-ab58-f3d6aba2097b,EST-A2-R3,static,A2,Sala B,-89,Sala A,junto_porta,Sala B,True,Sala A,False,Corredor,False,True,Corredor,False,False,False,True
2026-08-25 09:52:29,2026-08-25 09:52:28,139,3069185015,2026-08-25 09:52:29,server,c3:00:00:13:3b:b7,ESP-02,720d845e-4119-48a4-a1dd-368e361a3e1d,EST-A2-R3,static,A2,Sala A,-69,Sala A,junto_porta,Sala A,True,Corredor,True,Corredor,False,False,Corredor,False,False,True,True
2026-08-25 09:52:38,2026-08-25 09:52:37,183,2239514506,2026-08-25 09:52:38,server,c3:00:00:13:3b:b7,ESP-01,faf76599-226d-4046-ac4c-cb766359ff0c,EST-A2-R3,static,A2,Corredor,-65,Sala A,junto_porta,Corredor,True,Corredor,False,Corredor,False,False,Corredor,False,True,True,True
2026-08-25 09:52:41,2026-08-25 09:52:41,140,3069185015,2026-08-25 09:52:41,server,c3:00:00:13:3b:b7,ESP-02,0c7ab735-942e-4d81-be66-bd7b671cb059,EST-A2-R3,static,A2,Sala A,-68,Sala A,junto_porta,Sala A,True,Corredor,False,Corredor,False,False,Corredor,False,False,True,True
2026-08-25 09:52:41,2026-08-25 09:52:41,234,1690126268,2026-08-25 09:52:41,server,c3:00:00:13:3b:b7,ESP-03,e212013b-f6df-4b17-8ecd-6846e9f7ef7a,EST-A2-R3,static,A2,Sala B,-88,Sala A,junto_porta,Sala B,True,Corredor,False,Corredor,False,False,Corredor,False,False,True,True
2026-08-25 09:52:51,2026-08-25 09:52:50,184,2239514506,2026-08-25 09:52:51,server,c3:00:00:13:3b:b7,ESP-01,98300a40-5329-4e6a-883b-6ced0f50e98c,EST-A2-R3,static,A2,Corredor,-64,Sala A,junto_porta,Corredor,True,Corredor,False,Corredor,False,False,Corredor,False,True,True,True
2026-08-25 09:52:54,2026-08-25 09:52:53,141,3069185015,2026-08-25 09:52:54,server,c3:00:00:13:3b:b7,ESP-02,58ec5df4-d42a-4a59-82e6-1b2e47b2006f,EST-A2-R3,static,A2,Sala A,-65,Sala A,junto_porta,Sala A,True,Corredor,False,Corredor,False,False,Corredor,False,False,True,True
2026-08-25 09:52:54,2026-08-25 09:52:53,235,1690126268,2026-08-25 09:52:54,server,c3:00:00:13:3b:b7,ESP-03,e0067115-6383-4b9b-8223-d2fecce0b359,EST-A2-R3,static,A2,Sala B,-85,Sala A,junto_porta,Sala B,True,Corredor,False,Corredor,False,False,Corredor,False,False,True,True
2026-08-25 09:57:16,2026-08-25 09:57:15,256,1690126268,2026-08-25 09:57:16,server,c3:00:00:13:3b:b7,ESP-03,8ff63b3e-6354-4dee-88ef-ac7b03929575,EST-A2-R4,static,A2,Sala B,-89,,,Sala B,True,Sala B,True,Sala B,True,False,,False,False,False,False
2026-08-25 09:57:17,2026-08-25 09:57:17,205,2239514506,2026-08-25 09:57:17,server,c3:00:00:13:3b:b7,ESP-01,db3eda2d-4f03-477f-9234-f29f184d52fe,EST-A2-R4,static,A2,Corredor,-59,Sala A,junto_porta,Corredor,True,Corredor,True,Corredor,True,False,,False,False,False,False
2026-08-25 09:57:25,2026-08-25 09:57:25,163,3069185015,2026-08-25 09:57:25,server,c3:00:00:13:3b:b7,ESP-02,cbdb5af6-242c-4c95-a87c-ef130505b75f,EST-A2-R4,static,A2,Sala A,-68,Sala A,junto_porta,Sala A,True,Corredor,False,Corredor,False,False,,False,False,False,False
2026-08-25 09:57:28,2026-08-25 09:57:27,257,1690126268,2026-08-25 09:57:28,server,c3:00:00:13:3b:b7,ESP-03,18a74dad-2ee4-4a35-9e27-63693928ce98,EST-A2-R4,static,A2,Sala B,-100,Sala A,junto_porta,Sala B,True,Corredor,False,Corredor,False,False,Corredor,True,False,True,True
2026-08-25 09:57:30,2026-08-25 09:57:29,206,2239514506,2026-08-25 09:57:30,server,c3:00:00:13:3b:b7,ESP-01,5f2daaca-65e4-48f4-ba09-b61f8faa7449,EST-A2-R4,static,A2,Corredor,-74,Sala A,junto_porta,Corredor,True,Corredor,False,Corredor,False,False,Corredor,False,True,True,True
2026-08-25 09:57:38,2026-08-25 09:57:37,164,3069185015,2026-08-25 09:57:38,server,c3:00:00:13:3b:b7,ESP-02,c9746eec-7696-49c0-b0e8-84c132cbf72c,EST-A2-R4,static,A2,Sala A,-72,Sala A,junto_porta,Sala A,True,Corredor,False,Corredor,False,False,Corredor,False,False,True,True
2026-08-25 09:57:40,2026-08-25 09:57:40,258,1690126268,2026-08-25 09:57:40,server,c3:00:00:13:3b:b7,ESP-03,8307123d-6a68-429c-85ff-335a9bd190b3,EST-A2-R4,static,A2,Sala B,-97,Sala A,junto_porta,Sala B,True,Sala A,True,Corredor,False,True,Corredor,False,False,False,True
2026-08-25 09:57:43,2026-08-25 09:57:42,207,2239514506,2026-08-25 09:57:43,server,c3:00:00:13:3b:b7,ESP-01,b1e5b402-540e-4aa2-adb1-688e05963858,EST-A2-R4,static,A2,Corredor,-58,Sala A,junto_porta,Corredor,True,Corredor,True,Corredor,False,False,Corredor,False,True,True,True
2026-08-25 09:57:50,2026-08-25 09:57:49,165,3069185015,2026-08-25 09:57:50,server,c3:00:00:13:3b:b7,ESP-02,a717ec8c-3db0-4688-9a84-5aabb877c7e8,EST-A2-R4,static,A2,Sala A,-69,Sala A,junto_porta,Sala A,True,Corredor,False,Corredor,False,False,Corredor,False,False,True,True
2026-08-25 09:57:53,2026-08-25 09:57:52,259,1690126268,2026-08-25 09:57:53,server,c3:00:00:13:3b:b7,ESP-03,847dbe41-f178-484f-8676-d75f145611a8,EST-A2-R4,static,A2,Sala B,-90,Sala A,junto_porta,Sala B,True,Corredor,False,Corredor,False,False,Corredor,False,False,True,True
2026-08-25 09:57:55,2026-08-25 09:57:55,208,2239514506,2026-08-25 09:57:55,server,c3:00:00:13:3b:b7,ESP-01,78a6337c-eae9-4887-b054-e4e01d4cf66a,EST-A2-R4,static,A2,Corredor,-64,Sala A,junto_porta,Corredor,True,Corredor,False,Corredor,False,False,Corredor,False,True,True,True
2026-08-25 09:58:02,2026-08-25 09:58:02,166,3069185015,2026-08-25 09:58:02,server,c3:00:00:13:3b:b7,ESP-02,d1c508f1-57cf-4711-8e44-5a071dc7a778,EST-A2-R4,static,A2,Sala A,-69,Sala A,junto_porta,Sala A,True,Corredor,False,Corredor,False,False,Corredor,False,False,True,True
2026-08-25 09:58:05,2026-08-25 09:58:05,260,1690126268,2026-08-25 09:58:05,server,c3:00:00:13:3b:b7,ESP-03,8a346ee8-4512-475e-8bc1-b67b5c8761e5,EST-A2-R4,static,A2,Sala B,-93,Sala A,junto_porta,Sala B,True,Corredor,False,Corredor,False,False,Corredor,False,False,True,True
2026-08-25 09:58:08,2026-08-25 09:58:07,209,2239514506,2026-08-25 09:58:08,server,c3:00:00:13:3b:b7,ESP-01,bf10da1f-f975-45c5-b77d-75a0d3a8d4b7,EST-A2-R4,static,A2,Corredor,-64,Sala A,junto_porta,Corredor,True,Corredor,False,Corredor,False,False,Corredor,False,True,True,True
2026-08-25 09:58:15,2026-08-25 09:58:14,167,3069185015,2026-08-25 09:58:15,server,c3:00:00:13:3b:b7,ESP-02,3cac9eba-24f7-467b-bdc7-889ab8583feb,EST-A2-R4,static,A2,Sala A,-72,Sala A,junto_porta,Sala A,True,Corredor,False,Corredor,False,False,Corredor,False,False,True,True
2026-08-25 10:01:55,2026-08-25 10:01:54,227,2239514506,2026-08-25 10:01:55,server,c3:00:00:13:3b:b7,ESP-01,f8a0ea05-c025-4ea4-a5d1-df2ab64209bf,EST-A2-R5,static,A2,Corredor,-64,,,Corredor,True,Corredor,True,Corredor,True,False,,False,False,False,False
2026-08-25 10:01:56,2026-08-25 10:01:56,185,3069185015,2026-08-25 10:01:56,server,c3:00:00:13:3b:b7,ESP-02,04569c76-ecb9-4686-92dd-f9861fc4deea,EST-A2-R5,static,A2,Sala A,-69,,,Sala A,True,Corredor,False,Corredor,False,False,,False,False,False,False
2026-08-25 10:02:03,2026-08-25 10:02:02,279,1690126268,2026-08-25 10:02:03,server,c3:00:00:13:3b:b7,ESP-03,46b35ccf-c2a7-436c-b7d7-15621c30f8d0,EST-A2-R5,static,A2,Sala B,-91,Sala A,junto_porta,Sala B,True,Corredor,False,Corredor,False,False,Corredor,True,False,True,True
2026-08-25 10:02:08,2026-08-25 10:02:07,228,2239514506,2026-08-25 10:02:08,server,c3:00:00:13:3b:b7,ESP-01,2e05bc25-0b9c-4159-998e-71bd9b857152,EST-A2-R5,static,A2,Corredor,-60,Sala A,junto_porta,Corredor,True,Corredor,False,Corredor,False,False,Corredor,False,True,True,True
2026-08-25 10:02:09,2026-08-25 10:02:08,186,3069185015,2026-08-25 10:02:09,server,c3:00:00:13:3b:b7,ESP-02,bea1c5d6-7664-48b8-a0c0-3212adeb6418,EST-A2-R5,static,A2,Sala A,-68,Sala A,junto_porta,Sala A,True,Corredor,False,Corredor,False,False,Corredor,False,False,True,True
2026-08-25 10:02:15,2026-08-25 10:02:15,280,1690126268,2026-08-25 10:02:15,server,c3:00:00:13:3b:b7,ESP-03,0abca2fa-83fb-4f76-a439-3c199ff4dedc,EST-A2-R5,static,A2,Sala B,-89,Sala A,junto_porta,Sala B,True,Corredor,False,Corredor,False,False,Corredor,False,False,True,True
2026-08-25 10:02:21,2026-08-25 10:02:20,229,2239514506,2026-08-25 10:02:21,server,c3:00:00:13:3b:b7,ESP-01,8a241459-027a-4f0a-a9c6-219e6975b084,EST-A2-R5,static,A2,Corredor,-60,Sala A,junto_porta,Corredor,True,Corredor,False,Corredor,False,False,Corredor,False,True,True,True
2026-08-25 10:02:21,2026-08-25 10:02:20,187,3069185015,2026-08-25 10:02:21,server,c3:00:00:13:3b:b7,ESP-02,4dad5969-df56-4256-8ead-81272255dc55,EST-A2-R5,static,A2,Sala A,-69,Sala A,junto_porta,Sala A,True,Corredor,False,Corredor,False,False,Corredor,False,False,True,True
2026-08-25 10:02:28,2026-08-25 10:02:27,281,1690126268,2026-08-25 10:02:28,server,c3:00:00:13:3b:b7,ESP-03,1f61d7c8-0e90-4f68-9da6-ea3aba710a3c,EST-A2-R5,static,A2,Sala B,-89,Sala A,junto_porta,Sala B,True,Corredor,False,Corredor,False,False,Corredor,False,False,True,True
2026-08-25 10:02:33,2026-08-25 10:02:32,188,3069185015,2026-08-25 10:02:33,server,c3:00:00:13:3b:b7,ESP-02,fa260eec-1fd6-4748-9d6c-00cb02e788fd,EST-A2-R5,static,A2,Sala A,-75,Sala A,junto_porta,Sala A,True,Corredor,False,Corredor,False,False,Corredor,False,False,True,True
2026-08-25 10:02:33,2026-08-25 10:02:33,230,2239514506,2026-08-25 10:02:33,server,c3:00:00:13:3b:b7,ESP-01,045682ad-a5b2-4a3a-9f05-60d87257bd32,EST-A2-R5,static,A2,Corredor,-59,Sala A,junto_porta,Corredor,True,Corredor,False,Corredor,False,False,Corredor,False,True,True,True
2026-08-25 10:02:40,2026-08-25 10:02:40,282,1690126268,2026-08-25 10:02:40,server,c3:00:00:13:3b:b7,ESP-03,c30c460f-8885-4641-8895-c74900a05f01,EST-A2-R5,static,A2,Sala B,-97,Sala A,junto_porta,Sala B,True,Corredor,False,Corredor,False,False,Corredor,False,False,True,True
2026-08-25 10:02:45,2026-08-25 10:02:45,189,3069185015,2026-08-25 10:02:45,server,c3:00:00:13:3b:b7,ESP-02,ad1d4c9e-99b1-45e9-87b2-e794303a75b9,EST-A2-R5,static,A2,Sala A,-74,Sala A,junto_porta,Sala A,True,Corredor,False,Corredor,False,False,Corredor,False,False,True,True
2026-08-25 10:02:46,2026-08-25 10:02:45,231,2239514506,2026-08-25 10:02:46,server,c3:00:00:13:3b:b7,ESP-01,e6894d99-c10e-46f4-af88-99d636c504f5,EST-A2-R5,static,A2,Corredor,-64,Sala A,junto_porta,Corredor,True,Corredor,False,Corredor,False,False,Corredor,False,True,True,True
2026-08-25 10:02:53,2026-08-25 10:02:52,283,1690126268,2026-08-25 10:02:53,server,c3:00:00:13:3b:b7,ESP-03,4a522b83-775d-4092-834e-b28c5d892e9b,EST-A2-R5,static,A2,Sala B,-91,Sala A,junto_porta,Sala B,True,Corredor,False,Corredor,False,False,Corredor,False,False,True,True
2026-08-25 10:02:58,2026-08-25 10:02:57,190,3069185015,2026-08-25 10:02:58,server,c3:00:00:13:3b:b7,ESP-02,a069f0ac-c0e9-405c-bbfc-fa0fe2e02dc3,EST-A2-R5,static,A2,Sala A,-70,Sala A,junto_porta,Sala A,True,Corredor,False,Corredor,False,False,Corredor,False,False,True,True
2026-08-25 10:02:59,2026-08-25 10:02:58,232,2239514506,2026-08-25 10:02:59,server,c3:00:00:13:3b:b7,ESP-01,28bb887f-2c6a-4d23-9b74-e8c94394bcad,EST-A2-R5,static,A2,Corredor,-64,Sala A,junto_porta,Corredor,True,Corredor,False,Corredor,False,False,Corredor,False,True,True,True
2026-08-25 09:42:34,2026-08-25 09:42:33,91,3069185015,2026-08-25 09:42:34,server,c3:00:00:13:3b:b7,ESP-02,21fe2555-8ddb-4ebf-862b-9d137e659c52,EST-A3-R1,static,A3,Sala A,-83,,,Sala A,True,Sala A,True,Sala A,True,False,,False,False,False,False
2026-08-25 09:42:35,2026-08-25 09:42:34,186,1690126268,2026-08-25 09:42:35,server,c3:00:00:13:3b:b7,ESP-03,e92f6f2e-2071-4895-b88e-e681209a674b,EST-A3-R1,static,A3,Sala B,-74,Sala A,junto_parede,Sala B,True,Sala B,True,Sala B,True,False,,False,False,False,False
2026-08-25 09:42:44,2026-08-25 09:42:43,136,2239514506,2026-08-25 09:42:44,server,c3:00:00:13:3b:b7,ESP-01,58646e03-f801-41b9-a7ae-7dce0be1c86a,EST-A3-R1,static,A3,Corredor,-74,Sala A,junto_parede,Corredor,True,Sala B,False,Sala B,False,False,,False,False,False,False
2026-08-25 09:42:46,2026-08-25 09:42:46,92,3069185015,2026-08-25 09:42:46,server,c3:00:00:13:3b:b7,ESP-02,75bc4c43-bbc5-4c3e-8e3b-552a52f47698,EST-A3-R1,static,A3,Sala A,-83,Sala A,junto_parede,Sala A,True,Sala B,False,Sala B,False,False,Sala B,True,False,True,True
2026-08-25 09:42:47,2026-08-25 09:42:46,187,1690126268,2026-08-25 09:42:47,server,c3:00:00:13:3b:b7,ESP-03,088880a2-60e0-4383-ba17-9f6cb7a7b5b1,EST-A3-R1,static,A3,Sala B,-68,Sala A,junto_parede,Sala B,True,Sala B,False,Sala B,False,False,Sala B,False,True,True,True
2026-08-25 09:42:57,2026-08-25 09:42:56,137,2239514506,2026-08-25 09:42:57,server,c3:00:00:13:3b:b7,ESP-01,e6061871-47b9-46be-87c3-404183f0efb7,EST-A3-R1,static,A3,Corredor,-77,Sala A,junto_parede,Corredor,True,Sala B,False,Sala B,False,False,Sala B,False,False,True,True
2026-08-25 09:42:59,2026-08-25 09:42:58,93,3069185015,2026-08-25 09:42:59,server,c3:00:00:13:3b:b7,ESP-02,8ac196d2-10d6-4362-a944-afebbabb6195,EST-A3-R1,static,A3,Sala A,-89,Sala A,junto_parede,Sala A,True,Sala B,False,Sala B,False,False,Sala B,False,False,True,True
2026-08-25 09:43:00,2026-08-25 09:42:59,188,1690126268,2026-08-25 09:43:00,server,c3:00:00:13:3b:b7,ESP-03,f2e55a27-c268-4153-abe9-6177958b7bd1,EST-A3-R1,static,A3,Sala B,-83,Sala A,junto_parede,Sala B,True,Sala B,False,Sala B,False,False,Sala B,False,True,True,True
2026-08-25 09:43:09,2026-08-25 09:43:09,138,2239514506,2026-08-25 09:43:09,server,c3:00:00:13:3b:b7,ESP-01,464c6113-b315-46c4-87da-03bee35c1e47,EST-A3-R1,static,A3,Corredor,-77,Sala A,junto_parede,Corredor,True,Sala B,False,Sala B,False,False,Sala B,False,False,True,True
2026-08-25 09:43:11,2026-08-25 09:43:10,94,3069185015,2026-08-25 09:43:11,server,c3:00:00:13:3b:b7,ESP-02,d0874e88-6a65-4073-ae43-10d454117ec0,EST-A3-R1,static,A3,Sala A,-87,Sala A,junto_parede,Sala A,True,Corredor,True,Sala B,False,True,Sala B,False,False,False,True
2026-08-25 09:43:13,2026-08-25 09:43:12,189,1690126268,2026-08-25 09:43:13,server,c3:00:00:13:3b:b7,ESP-03,230e9b27-7295-4025-93d9-90d023f23676,EST-A3-R1,static,A3,Sala B,-74,Sala A,junto_parede,Sala B,True,Corredor,False,Sala B,False,True,Sala B,False,True,False,True
2026-08-25 09:43:22,2026-08-25 09:43:22,139,2239514506,2026-08-25 09:43:22,server,c3:00:00:13:3b:b7,ESP-01,c6dcc390-dea1-4b9a-a686-6a5b72ba49d6,EST-A3-R1,static,A3,Corredor,-78,Sala A,junto_parede,Corredor,True,Corredor,False,Sala B,False,True,Sala B,False,False,False,True
2026-08-25 09:43:23,2026-08-25 09:43:23,95,3069185015,2026-08-25 09:43:23,server,c3:00:00:13:3b:b7,ESP-02,8a40b710-465b-44f5-866a-339fad793b61,EST-A3-R1,static,A3,Sala A,-80,Sala A,junto_parede,Sala A,True,Sala B,True,Sala B,False,False,Sala B,False,False,True,True
2026-08-25 09:43:25,2026-08-25 09:43:25,190,1690126268,2026-08-25 09:43:25,server,c3:00:00:13:3b:b7,ESP-03,f33b911b-d160-4a0d-ab09-bbdd0e24b607,EST-A3-R1,static,A3,Sala B,-74,Sala A,junto_parede,Sala B,True,Sala B,False,Sala B,False,False,Sala B,False,True,True,True
2026-08-25 09:43:36,2026-08-25 09:43:35,96,3069185015,2026-08-25 09:43:36,server,c3:00:00:13:3b:b7,ESP-02,5ee9c547-e11f-46b3-9813-0624862a1dee,EST-A3-R1,static,A3,Sala A,-84,Sala A,junto_parede,Sala A,True,Sala B,False,Sala B,False,False,Sala B,False,False,True,True
2026-08-25 09:47:38,2026-08-25 09:47:37,210,1690126268,2026-08-25 09:47:38,server,c3:00:00:13:3b:b7,ESP-03,195014ee-21ba-489c-9348-b1e9673a0048,EST-A3-R2,static,A3,Sala B,-82,Sala A,junto_parede,Sala B,True,Sala B,True,Sala B,True,False,,False,False,False,False
2026-08-25 09:47:43,2026-08-25 09:47:43,116,3069185015,2026-08-25 09:47:43,server,c3:00:00:13:3b:b7,ESP-02,38dc9474-53b2-4680-b9d6-274c793ed53c,EST-A3-R2,static,A3,Sala A,-81,Sala A,junto_parede,Sala A,True,Sala A,True,Sala B,False,True,,False,False,False,False
2026-08-25 09:47:44,2026-08-25 09:47:44,160,2239514506,2026-08-25 09:47:44,server,c3:00:00:13:3b:b7,ESP-01,2a7b8b72-b743-44f4-94a4-6dc00d216824,EST-A3-R2,static,A3,Corredor,-84,Sala A,junto_parede,Corredor,True,Sala A,False,Sala B,False,True,Sala B,True,False,False,True
2026-08-25 09:47:51,2026-08-25 09:47:50,211,1690126268,2026-08-25 09:47:51,server,c3:00:00:13:3b:b7,ESP-03,6e522d71-3e56-4829-8941-391d4ee3dc38,EST-A3-R2,static,A3,Sala B,-84,Sala A,junto_parede,Sala B,True,Sala A,False,Sala B,False,True,Sala B,False,True,False,True
2026-08-25 09:47:56,2026-08-25 09:47:55,117,3069185015,2026-08-25 09:47:56,server,c3:00:00:13:3b:b7,ESP-02,ddb4e984-a900-4f46-b0c1-19daa979ea3e,EST-A3-R2,static,A3,Sala A,-72,Sala A,junto_parede,Sala A,True,Sala A,False,Sala A,True,False,Sala B,False,False,False,False
2026-08-25 09:47:57,2026-08-25 09:47:57,161,2239514506,2026-08-25 09:47:57,server,c3:00:00:13:3b:b7,ESP-01,48eb823d-a7f8-41b9-83d6-30ca4d46221a,EST-A3-R2,static,A3,Corredor,-96,Sala A,junto_parede,Corredor,True,Sala A,False,Sala A,False,False,Sala B,False,False,False,False
2026-08-25 09:48:03,2026-08-25 09:48:02,212,1690126268,2026-08-25 09:48:03,server,c3:00:00:13:3b:b7,ESP-03,771075ca-c8fe-4da7-8f99-093dd28e70ab,EST-A3-R2,static,A3,Sala B,-81,Sala A,junto_parede,Sala B,True,Sala A,False,Sala A,False,False,Sala A,True,False,True,True
2026-08-25 09:48:08,2026-08-25 09:48:07,118,3069185015,2026-08-25 09:48:08,server,c3:00:00:13:3b:b7,ESP-02,cdfc6e1b-02e0-4cd8-bcfc-6e3f35ec0344,EST-A3-R2,static,A3,Sala A,-71,Sala A,junto_parede,Sala A,True,Sala A,False,Sala A,False,False,Sala A,False,True,True,True
2026-08-25 09:48:10,2026-08-25 09:48:09,162,2239514506,2026-08-25 09:48:10,server,c3:00:00:13:3b:b7,ESP-01,2560ba1d-2a74-4094-8c1a-ead894550e1a,EST-A3-R2,static,A3,Corredor,-71,Sala A,junto_parede,Corredor,True,Sala A,False,Sala A,False,False,Sala A,False,False,True,True
2026-08-25 09:48:15,2026-08-25 09:48:14,213,1690126268,2026-08-25 09:48:15,server,c3:00:00:13:3b:b7,ESP-03,7a1c896b-f811-4655-82fc-32a0b5b3bec8,EST-A3-R2,static,A3,Sala B,-88,Sala A,junto_parede,Sala B,True,Sala A,False,Sala A,False,False,Sala A,False,False,True,True
2026-08-25 09:48:20,2026-08-25 09:48:20,119,3069185015,2026-08-25 09:48:20,server,c3:00:00:13:3b:b7,ESP-02,696d751e-244a-4cbe-8293-c4949b219349,EST-A3-R2,static,A3,Sala A,-79,Sala A,junto_parede,Sala A,True,Corredor,True,Sala A,False,True,Sala A,False,True,False,True
2026-08-25 09:48:23,2026-08-25 09:48:22,163,2239514506,2026-08-25 09:48:23,server,c3:00:00:13:3b:b7,ESP-01,7e13cfb0-8847-4d95-ba3e-b76be4dca90c,EST-A3-R2,static,A3,Corredor,-69,Sala A,junto_parede,Corredor,True,Corredor,False,Sala A,False,True,Sala A,False,False,False,True
2026-08-25 09:48:28,2026-08-25 09:48:27,214,1690126268,2026-08-25 09:48:28,server,c3:00:00:13:3b:b7,ESP-03,4019f65c-11d8-4dc4-babd-9a451846d2c4,EST-A3-R2,static,A3,Sala B,-71,Sala A,junto_parede,Sala B,True,Corredor,False,Sala A,False,True,Sala A,False,False,False,True
2026-08-25 09:48:33,2026-08-25 09:48:32,120,3069185015,2026-08-25 09:48:33,server,c3:00:00:13:3b:b7,ESP-02,2f7daa90-26e0-45a4-8aa2-56a46f2ef396,EST-A3-R2,static,A3,Sala A,-80,Sala A,junto_parede,Sala A,True,Corredor,False,Sala A,False,True,Sala A,False,True,False,True
2026-08-25 09:48:36,2026-08-25 09:48:35,164,2239514506,2026-08-25 09:48:36,server,c3:00:00:13:3b:b7,ESP-01,01968ad6-8365-441c-9a19-33a52e880d4c,EST-A3-R2,static,A3,Corredor,-85,Sala A,junto_parede,Corredor,True,Sala B,True,Sala A,False,True,Sala A,False,False,False,True
2026-08-25 09:53:41,2026-08-25 09:53:41,188,2239514506,2026-08-25 09:53:41,server,c3:00:00:13:3b:b7,ESP-01,038f86d0-9c80-4011-8a98-fce820888022,EST-A3-R3,static,A3,Corredor,-70,Sala A,junto_parede,Corredor,True,Corredor,True,Corredor,True,False,,False,False,False,False
2026-08-25 09:53:43,2026-08-25 09:53:43,145,3069185015,2026-08-25 09:53:43,server,c3:00:00:13:3b:b7,ESP-02,501aa653-00f1-47a4-8050-1eddbc245002,EST-A3-R3,static,A3,Sala A,-76,Sala A,junto_parede,Sala A,True,Corredor,False,Corredor,False,False,,False,False,False,False
2026-08-25 09:53:43,2026-08-25 09:53:43,239,1690126268,2026-08-25 09:53:43,server,c3:00:00:13:3b:b7,ESP-03,6506fde7-543b-4c55-9f91-40c62245245f,EST-A3-R3,static,A3,Sala B,-77,Sala A,junto_parede,Sala B,True,Corredor,False,Corredor,False,False,Corredor,True,False,True,True
2026-08-25 09:53:54,2026-08-25 09:53:53,189,2239514506,2026-08-25 09:53:54,server,c3:00:00:13:3b:b7,ESP-01,1e8588ea-4fc2-4e02-92d3-b6a722dc08fa,EST-A3-R3,static,A3,Corredor,-70,Sala A,junto_parede,Corredor,True,Corredor,False,Corredor,False,False,Corredor,False,True,True,True
2026-08-25 09:53:56,2026-08-25 09:53:55,146,3069185015,2026-08-25 09:53:56,server,c3:00:00:13:3b:b7,ESP-02,88cf9d31-b731-4ca7-9874-93d3765fa5dc,EST-A3-R3,static,A3,Sala A,-76,Sala A,junto_parede,Sala A,True,Corredor,False,Corredor,False,False,Corredor,False,False,True,True
2026-08-25 09:53:56,2026-08-25 09:53:55,240,1690126268,2026-08-25 09:53:56,server,c3:00:00:13:3b:b7,ESP-03,c9bf6678-b5cb-4476-bfb3-a8508d7cf6e5,EST-A3-R3,static,A3,Sala B,-69,Sala A,junto_parede,Sala B,True,Corredor,False,Corredor,False,False,Corredor,False,False,True,True
2026-08-25 09:54:06,2026-08-25 09:54:06,190,2239514506,2026-08-25 09:54:06,server,c3:00:00:13:3b:b7,ESP-01,d5e3b6ce-2b52-422e-af0a-26b3d83c2605,EST-A3-R3,static,A3,Corredor,-69,Sala A,junto_parede,Corredor,True,Corredor,False,Corredor,False,False,Corredor,False,True,True,True
2026-08-25 09:54:08,2026-08-25 09:54:07,147,3069185015,2026-08-25 09:54:08,server,c3:00:00:13:3b:b7,ESP-02,1a4650e2-7005-4974-9e9c-e84f1c2734e6,EST-A3-R3,static,A3,Sala A,-78,Sala A,junto_parede,Sala A,True,Sala B,True,Corredor,False,True,Corredor,False,False,False,True
2026-08-25 09:54:08,2026-08-25 09:54:08,241,1690126268,2026-08-25 09:54:08,server,c3:00:00:13:3b:b7,ESP-03,24486bb9-3d83-4a76-abae-de758f4e0789,EST-A3-R3,static,A3,Sala B,-76,Sala A,junto_parede,Sala B,True,Corredor,True,Corredor,False,False,Corredor,False,False,True,True
2026-08-25 09:54:19,2026-08-25 09:54:19,191,2239514506,2026-08-25 09:54:19,server,c3:00:00:13:3b:b7,ESP-01,5758ad07-cbca-433d-8ec8-f188c3e11f39,EST-A3-R3,static,A3,Corredor,-73,Sala A,junto_parede,Corredor,True,Corredor,False,Corredor,False,False,Corredor,False,True,True,True
2026-08-25 09:54:21,2026-08-25 09:54:20,148,3069185015,2026-08-25 09:54:21,server,c3:00:00:13:3b:b7,ESP-02,e41a60f1-b818-42fb-b230-8eed90dc124e,EST-A3-R3,static,A3,Sala A,-77,Sala A,junto_parede,Sala A,True,Corredor,False,Corredor,False,False,Corredor,False,False,True,True
2026-08-25 09:54:21,2026-08-25 09:54:20,242,1690126268,2026-08-25 09:54:21,server,c3:00:00:13:3b:b7,ESP-03,b37b574d-b20f-4ef2-8185-4686e01a248b,EST-A3-R3,static,A3,Sala B,-69,Sala A,junto_parede,Sala B,True,Sala B,True,Corredor,False,True,Corredor,False,False,False,True
2026-08-25 09:54:33,2026-08-25 09:54:32,149,3069185015,2026-08-25 09:54:33,server,c3:00:00:13:3b:b7,ESP-02,4e94b661-702e-424d-8014-1d45488cad6f,EST-A3-R3,static,A3,Sala A,-75,Sala A,junto_parede,Sala A,True,Sala B,False,Corredor,False,True,Corredor,False,False,False,True
2026-08-25 09:54:34,2026-08-25 09:54:33,243,1690126268,2026-08-25 09:54:34,server,c3:00:00:13:3b:b7,ESP-03,e2e00282-ae1d-45af-a3b5-b703e21b99a3,EST-A3-R3,static,A3,Sala B,-76,Sala A,junto_parede,Sala B,True,Sala B,False,Corredor,False,True,Corredor,False,False,False,True
2026-08-25 09:54:34,2026-08-25 09:54:31,192,2239514506,2026-08-25 09:54:34,server,c3:00:00:13:3b:b7,ESP-01,f7b096d4-b9e1-48bf-90a8-c0fb4e664a65,EST-A3-R3,static,A3,Corredor,-74,Sala A,junto_parede,Corredor,True,Sala B,False,Corredor,False,True,Corredor,False,True,False,True
2026-08-25 09:58:51,2026-08-25 09:58:51,170,3069185015,2026-08-25 09:58:51,server,c3:00:00:13:3b:b7,ESP-02,71d96b0d-d5fc-4e4c-a382-f4feb0d7e27e,EST-A3-R4,static,A3,Sala A,-71,,,Sala A,True,Sala A,True,Sala A,True,False,,False,False,False,False
2026-08-25 09:58:55,2026-08-25 09:58:54,264,1690126268,2026-08-25 09:58:55,server,c3:00:00:13:3b:b7,ESP-03,90edf2d8-74c0-47d8-b1c8-ed491ac841c2,EST-A3-R4,static,A3,Sala B,-82,Sala A,junto_parede,Sala B,True,Sala A,False,Sala A,False,False,,False,False,False,False
2026-08-25 09:58:59,2026-08-25 09:58:58,213,2239514506,2026-08-25 09:58:59,server,c3:00:00:13:3b:b7,ESP-01,16706e81-f74f-4cd3-b439-869715b8fc05,EST-A3-R4,static,A3,Corredor,-72,Sala A,junto_parede,Corredor,True,Sala A,False,Sala A,False,False,Sala A,True,False,True,True
2026-08-25 09:59:04,2026-08-25 09:59:03,171,3069185015,2026-08-25 09:59:04,server,c3:00:00:13:3b:b7,ESP-02,afa41577-a3ac-4d50-b965-1126623e9fd2,EST-A3-R4,static,A3,Sala A,-71,Sala A,junto_parede,Sala A,True,Sala A,False,Sala A,False,False,Sala A,False,True,True,True
2026-08-25 09:59:08,2026-08-25 09:59:07,265,1690126268,2026-08-25 09:59:08,server,c3:00:00:13:3b:b7,ESP-03,b8c0fff1-1985-453a-925f-7409c2a967a3,EST-A3-R4,static,A3,Sala B,-82,Sala A,junto_parede,Sala B,True,Sala A,False,Sala A,False,False,Sala A,False,False,True,True
2026-08-25 09:59:12,2026-08-25 09:59:11,214,2239514506,2026-08-25 09:59:12,server,c3:00:00:13:3b:b7,ESP-01,44cb7218-70ea-49ad-964c-ba93eecce935,EST-A3-R4,static,A3,Corredor,-72,Sala A,junto_parede,Corredor,True,Sala A,False,Sala A,False,False,Sala A,False,False,True,True
2026-08-25 09:59:16,2026-08-25 09:59:15,172,3069185015,2026-08-25 09:59:16,server,c3:00:00:13:3b:b7,ESP-02,88e5cc0e-5ed0-4803-a399-78cf103c4b52,EST-A3-R4,static,A3,Sala A,-72,Sala A,junto_parede,Sala A,True,Sala A,False,Sala A,False,False,Sala A,False,True,True,True
2026-08-25 09:59:20,2026-08-25 09:59:19,266,1690126268,2026-08-25 09:59:20,server,c3:00:00:13:3b:b7,ESP-03,e208d0de-6182-4064-978d-41bfe021ec52,EST-A3-R4,static,A3,Sala B,-71,Sala A,junto_parede,Sala B,True,Sala A,False,Sala A,False,False,Sala A,False,False,True,True
2026-08-25 09:59:24,2026-08-25 09:59:24,215,2239514506,2026-08-25 09:59:24,server,c3:00:00:13:3b:b7,ESP-01,e5504111-6f61-4c31-acc1-dcbded77c313,EST-A3-R4,static,A3,Corredor,-84,Sala A,junto_parede,Corredor,True,Sala A,False,Sala A,False,False,Sala A,False,False,True,True
2026-08-25 09:59:29,2026-08-25 09:59:28,173,3069185015,2026-08-25 09:59:29,server,c3:00:00:13:3b:b7,ESP-02,0a7b403d-2f1b-4fe2-a1e7-25eb3958efe5,EST-A3-R4,static,A3,Sala A,-71,Sala A,junto_parede,Sala A,True,Sala B,True,Sala A,False,True,Sala A,False,True,False,True
2026-08-25 09:59:32,2026-08-25 09:59:32,267,1690126268,2026-08-25 09:59:32,server,c3:00:00:13:3b:b7,ESP-03,306ae7e7-2c3f-4832-bde9-7ae9014be33e,EST-A3-R4,static,A3,Sala B,-77,Sala A,junto_parede,Sala B,True,Sala A,True,Sala A,False,False,Sala A,False,False,True,True
2026-08-25 09:59:37,2026-08-25 09:59:36,216,2239514506,2026-08-25 09:59:37,server,c3:00:00:13:3b:b7,ESP-01,8184000c-ac96-4a8a-bcc9-fa0907217237,EST-A3-R4,static,A3,Corredor,-76,Sala A,junto_parede,Corredor,True,Sala A,False,Sala A,False,False,Sala A,False,False,True,True
2026-08-25 09:59:41,2026-08-25 09:59:40,174,3069185015,2026-08-25 09:59:41,server,c3:00:00:13:3b:b7,ESP-02,e19f596a-990e-4757-8eb2-45202b2d9e9a,EST-A3-R4,static,A3,Sala A,-72,Sala A,junto_parede,Sala A,True,Sala A,False,Sala A,False,False,Sala A,False,True,True,True
2026-08-25 09:59:45,2026-08-25 09:59:44,268,1690126268,2026-08-25 09:59:45,server,c3:00:00:13:3b:b7,ESP-03,429d70d3-fade-4a66-b4d7-5872b08eedca,EST-A3-R4,static,A3,Sala B,-70,Sala A,junto_parede,Sala B,True,Sala A,False,Sala A,False,False,Sala A,False,False,True,True
2026-08-25 09:59:49,2026-08-25 09:59:48,217,2239514506,2026-08-25 09:59:49,server,c3:00:00:13:3b:b7,ESP-01,0437b6fa-dc7d-42bf-8725-988d500c41d5,EST-A3-R4,static,A3,Corredor,-75,Sala A,junto_parede,Corredor,True,Sala A,False,Sala A,False,False,Sala A,False,False,True,True
2026-08-25 09:59:53,2026-08-25 09:59:53,175,3069185015,2026-08-25 09:59:53,server,c3:00:00:13:3b:b7,ESP-02,f10368b2-f9c3-4d9f-b252-42c65290f46c,EST-A3-R4,static,A3,Sala A,-71,Sala A,junto_parede,Sala A,True,Sala B,True,Sala A,False,True,Sala A,False,True,False,True
2026-08-25 09:59:57,2026-08-25 09:59:56,269,1690126268,2026-08-25 09:59:57,server,c3:00:00:13:3b:b7,ESP-03,baf649fa-5365-4f22-8fbe-4c4a3d4b2dde,EST-A3-R4,static,A3,Sala B,-70,Sala A,junto_parede,Sala B,True,Sala B,False,Sala A,False,True,Sala A,False,False,False,True
2026-08-25 10:03:31,2026-08-25 10:03:30,286,1690126268,2026-08-25 10:03:31,server,c3:00:00:13:3b:b7,ESP-03,77c60f06-8c7e-4133-b169-5b9a332aa6d5,EST-A3-R5,static,A3,Sala B,-71,Sala A,junto_parede,Sala B,True,Sala B,True,Sala B,True,False,,False,False,False,False
2026-08-25 10:03:35,2026-08-25 10:03:34,193,3069185015,2026-08-25 10:03:35,server,c3:00:00:13:3b:b7,ESP-02,487ba53b-d734-40bb-9a38-a2768e3cdd96,EST-A3-R5,static,A3,Sala A,-76,Sala A,junto_parede,Sala A,True,Sala B,False,Sala B,False,False,,False,False,False,False
2026-08-25 10:03:36,2026-08-25 10:03:36,235,2239514506,2026-08-25 10:03:36,server,c3:00:00:13:3b:b7,ESP-01,bbb64bff-9bcc-44ab-bc0f-c0931a04ef7f,EST-A3-R5,static,A3,Corredor,-69,Sala A,junto_parede,Corredor,True,Corredor,True,Sala B,False,True,Sala B,True,False,False,True
2026-08-25 10:03:43,2026-08-25 10:03:42,287,1690126268,2026-08-25 10:03:43,server,c3:00:00:13:3b:b7,ESP-03,1e42ba22-6e16-49c4-8ec3-7d9a96e45938,EST-A3-R5,static,A3,Sala B,-71,Sala A,junto_parede,Sala B,True,Corredor,False,Sala B,False,True,Sala B,False,True,False,True
2026-08-25 10:03:47,2026-08-25 10:03:46,194,3069185015,2026-08-25 10:03:47,server,c3:00:00:13:3b:b7,ESP-02,67cd18f1-b231-4044-9d06-cd381cab7f3b,EST-A3-R5,static,A3,Sala A,-76,Sala A,junto_parede,Sala A,True,Corredor,False,Sala B,False,True,Sala B,False,False,False,True
2026-08-25 10:03:49,2026-08-25 10:03:48,236,2239514506,2026-08-25 10:03:49,server,c3:00:00:13:3b:b7,ESP-01,01e130b9-3459-42b0-bfd6-91941afe3719,EST-A3-R5,static,A3,Corredor,-70,Sala A,junto_parede,Corredor,True,Corredor,False,Sala B,False,True,Sala B,False,False,False,True
2026-08-25 10:03:56,2026-08-25 10:03:55,288,1690126268,2026-08-25 10:03:56,server,c3:00:00:13:3b:b7,ESP-03,1d7ed961-0eda-4b6c-9084-83fb76a46e0e,EST-A3-R5,static,A3,Sala B,-76,Sala A,junto_parede,Sala B,True,Corredor,False,Sala B,False,True,Sala B,False,True,False,True
2026-08-25 10:03:59,2026-08-25 10:03:58,195,3069185015,2026-08-25 10:03:59,server,c3:00:00:13:3b:b7,ESP-02,ffa80b21-76a4-41ff-8de8-c6b92148bb8e,EST-A3-R5,static,A3,Sala A,-74,Sala A,junto_parede,Sala A,True,Corredor,False,Sala B,False,True,Sala B,False,False,False,True
2026-08-25 10:04:01,2026-08-25 10:04:01,237,2239514506,2026-08-25 10:04:01,server,c3:00:00:13:3b:b7,ESP-01,b8604fde-3d08-4333-8c38-e42b570e497a,EST-A3-R5,static,A3,Corredor,-71,Sala A,junto_parede,Corredor,True,Corredor,False,Sala B,False,True,Sala B,False,False,False,True
2026-08-25 10:04:08,2026-08-25 10:04:07,289,1690126268,2026-08-25 10:04:08,server,c3:00:00:13:3b:b7,ESP-03,21e7d0ab-c785-4dfb-a986-12ab427d2ed7,EST-A3-R5,static,A3,Sala B,-77,Sala A,junto_parede,Sala B,True,Corredor,False,Sala B,False,True,Sala B,False,True,False,True
2026-08-25 10:04:12,2026-08-25 10:04:11,196,3069185015,2026-08-25 10:04:12,server,c3:00:00:13:3b:b7,ESP-02,3c7a817a-67c4-49d6-ab0e-60a64c6c813f,EST-A3-R5,static,A3,Sala A,-70,Sala A,junto_parede,Sala A,True,Corredor,False,Sala B,False,True,Sala B,False,False,False,True
2026-08-25 10:04:14,2026-08-25 10:04:13,238,2239514506,2026-08-25 10:04:14,server,c3:00:00:13:3b:b7,ESP-01,4a57145a-0329-4689-8bc0-c6b404677ea1,EST-A3-R5,static,A3,Corredor,-72,Sala A,junto_parede,Corredor,True,Corredor,False,Sala B,False,True,Sala B,False,False,False,True
2026-08-25 10:04:20,2026-08-25 10:04:20,290,1690126268,2026-08-25 10:04:20,server,c3:00:00:13:3b:b7,ESP-03,33492df3-0cbf-4e0d-8bd2-822a4e0f3e84,EST-A3-R5,static,A3,Sala B,-76,Sala A,junto_parede,Sala B,True,Sala A,True,Sala B,False,True,Sala B,False,True,False,True
2026-08-25 10:04:24,2026-08-25 10:04:23,197,3069185015,2026-08-25 10:04:24,server,c3:00:00:13:3b:b7,ESP-02,e56a30fe-db67-46c6-ade0-47b105dcd38e,EST-A3-R5,static,A3,Sala A,-74,Sala A,junto_parede,Sala A,True,Sala A,False,Sala B,False,True,Sala B,False,False,False,True
2026-08-25 10:04:27,2026-08-25 10:04:26,239,2239514506,2026-08-25 10:04:27,server,c3:00:00:13:3b:b7,ESP-01,4e2b1027-096c-4ddf-967c-29d311f01765,EST-A3-R5,static,A3,Corredor,-70,Sala A,junto_parede,Corredor,True,Corredor,True,Sala B,False,True,Sala B,False,False,False,True
2026-08-25 10:04:33,2026-08-25 10:04:32,291,1690126268,2026-08-25 10:04:33,server,c3:00:00:13:3b:b7,ESP-03,fee6a0b0-6be0-4d91-99cd-fe7a8251f483,EST-A3-R5,static,A3,Sala B,-71,Sala A,junto_parede,Sala B,True,Corredor,False,Sala B,False,True,Sala B,False,True,False,True
2026-08-25 11:00:27,2026-08-25 11:00:26,558,1690126268,2026-08-25 11:00:27,server,c3:00:00:13:3b:b7,ESP-03,dc68a23c-a81b-4b31-b130-1011c27ca463,EST-B1-R1,static,B1,Sala B,-63,Sala B,centro_sala,Sala B,True,Sala B,True,Sala B,True,False,,False,False,False,False
2026-08-25 11:00:32,2026-08-25 11:00:31,147,1239498715,2026-08-25 11:00:32,server,c3:00:00:13:3b:b7,ESP-02,a4d4327f-c350-4df5-9f99-1f69196fca5c,EST-B1-R1,static,B1,Sala A,-82,Sala B,centro_sala,Sala A,True,Sala B,False,Sala B,False,False,,False,False,False,False
2026-08-25 11:00:33,2026-08-25 11:00:33,506,2239514506,2026-08-25 11:00:33,server,c3:00:00:13:3b:b7,ESP-01,551b06e8-af45-4cf0-ab2a-391cc7713145,EST-B1-R1,static,B1,Corredor,-78,Sala B,centro_sala,Corredor,True,Sala B,False,Sala B,False,False,Sala B,True,False,True,True
2026-08-25 11:00:39,2026-08-25 11:00:38,559,1690126268,2026-08-25 11:00:39,server,c3:00:00:13:3b:b7,ESP-03,496f6d75-0cb7-475d-ae5c-13cfbbbd3a8d,EST-B1-R1,static,B1,Sala B,-50,Sala B,centro_sala,Sala B,True,Sala B,False,Sala B,False,False,Sala B,False,True,True,True
2026-08-25 11:00:44,2026-08-25 11:00:43,148,1239498715,2026-08-25 11:00:44,server,c3:00:00:13:3b:b7,ESP-02,0412dce6-67d2-42fa-8701-9a9fe6b511f3,EST-B1-R1,static,B1,Sala A,-82,Sala B,centro_sala,Sala A,True,Sala B,False,Sala B,False,False,Sala B,False,False,True,True
2026-08-25 11:00:46,2026-08-25 11:00:45,507,2239514506,2026-08-25 11:00:46,server,c3:00:00:13:3b:b7,ESP-01,26c00335-1b6e-466b-b76a-5223815ad20f,EST-B1-R1,static,B1,Corredor,-84,Sala B,centro_sala,Corredor,True,Sala B,False,Sala B,False,False,Sala B,False,False,True,True
2026-08-25 11:00:52,2026-08-25 11:00:51,560,1690126268,2026-08-25 11:00:52,server,c3:00:00:13:3b:b7,ESP-03,db4af27f-2fa5-4483-b277-d61f0b2492f9,EST-B1-R1,static,B1,Sala B,-64,Sala B,centro_sala,Sala B,True,Sala B,False,Sala B,False,False,Sala B,False,True,True,True
2026-08-25 11:00:57,2026-08-25 11:00:56,149,1239498715,2026-08-25 11:00:57,server,c3:00:00:13:3b:b7,ESP-02,a757f62a-c961-47cb-9759-5845aa56f9bc,EST-B1-R1,static,B1,Sala A,-83,Sala B,centro_sala,Sala A,True,Sala B,False,Sala B,False,False,Sala B,False,False,True,True
2026-08-25 11:00:59,2026-08-25 11:00:58,508,2239514506,2026-08-25 11:00:59,server,c3:00:00:13:3b:b7,ESP-01,8dabde7b-517f-4cdb-9cd5-5b6ab96d850d,EST-B1-R1,static,B1,Corredor,-77,Sala B,centro_sala,Corredor,True,Sala B,False,Sala B,False,False,Sala B,False,False,True,True
2026-08-25 11:01:05,2026-08-25 11:01:04,561,1690126268,2026-08-25 11:01:05,server,c3:00:00:13:3b:b7,ESP-03,eca3eaf3-90a3-4693-81b2-860699d9c872,EST-B1-R1,static,B1,Sala B,-64,Sala B,centro_sala,Sala B,True,Sala B,False,Sala B,False,False,Sala B,False,True,True,True
2026-08-25 11:01:09,2026-08-25 11:01:08,150,1239498715,2026-08-25 11:01:09,server,c3:00:00:13:3b:b7,ESP-02,bf0e6030-5be5-4341-b987-c781bb2fc10d,EST-B1-R1,static,B1,Sala A,-83,Sala B,centro_sala,Sala A,True,Sala B,False,Sala B,False,False,Sala B,False,False,True,True
2026-08-25 11:01:11,2026-08-25 11:01:11,509,2239514506,2026-08-25 11:01:11,server,c3:00:00:13:3b:b7,ESP-01,049d311f-05da-4f7a-a50d-2ba35602ad0d,EST-B1-R1,static,B1,Corredor,-85,Sala B,centro_sala,Corredor,True,Sala B,False,Sala B,False,False,Sala B,False,False,True,True
2026-08-25 11:01:17,2026-08-25 11:01:17,562,1690126268,2026-08-25 11:01:17,server,c3:00:00:13:3b:b7,ESP-03,1c367303-a175-4992-bccc-a23cb34d3418,EST-B1-R1,static,B1,Sala B,-63,Sala B,centro_sala,Sala B,True,Sala B,False,Sala B,False,False,Sala B,False,True,True,True
2026-08-25 11:01:22,2026-08-25 11:01:21,151,1239498715,2026-08-25 11:01:22,server,c3:00:00:13:3b:b7,ESP-02,53fc38fe-7fe5-4a15-9a20-95cb76d16cd0,EST-B1-R1,static,B1,Sala A,-83,Sala B,centro_sala,Sala A,True,Sala B,False,Sala B,False,False,Sala B,False,False,True,True
2026-08-25 11:01:24,2026-08-25 11:01:23,510,2239514506,2026-08-25 11:01:24,server,c3:00:00:13:3b:b7,ESP-01,eae5d192-5133-439a-af14-0424af726963,EST-B1-R1,static,B1,Corredor,-86,Sala B,centro_sala,Corredor,True,Sala B,False,Sala B,False,False,Sala B,False,False,True,True
2026-08-25 11:01:55,2026-08-25 11:01:54,565,1690126268,2026-08-25 11:01:55,server,c3:00:00:13:3b:b7,ESP-03,bf2e6c52-c68f-4633-a0ec-924f1d705813,EST-B1-R2,static,B1,Sala B,-64,Sala B,centro_sala,Sala B,True,Sala B,True,Sala B,True,False,,False,False,False,False
2026-08-25 11:01:59,2026-08-25 11:01:59,154,1239498715,2026-08-25 11:01:59,server,c3:00:00:13:3b:b7,ESP-02,8bbdfa29-5473-46df-b427-84c02b76fd77,EST-B1-R2,static,B1,Sala A,-76,Sala B,centro_sala,Sala A,True,Sala B,False,Sala B,False,False,,False,False,False,False
2026-08-25 11:02:02,2026-08-25 11:02:01,513,2239514506,2026-08-25 11:02:02,server,c3:00:00:13:3b:b7,ESP-01,820deb5b-e3f1-4757-a642-1ae8f37da675,EST-B1-R2,static,B1,Corredor,-86,Sala B,centro_sala,Corredor,True,Sala B,False,Sala B,False,False,Sala B,True,False,True,True
2026-08-25 11:02:07,2026-08-25 11:02:07,566,1690126268,2026-08-25 11:02:07,server,c3:00:00:13:3b:b7,ESP-03,9895e95c-6fc0-4848-b273-bf64a940a5f6,EST-B1-R2,static,B1,Sala B,-54,Sala B,centro_sala,Sala B,True,Sala B,False,Sala B,False,False,Sala B,False,True,True,True
2026-08-25 11:02:12,2026-08-25 11:02:11,155,1239498715,2026-08-25 11:02:12,server,c3:00:00:13:3b:b7,ESP-02,2e99c675-6a3b-4b82-b525-c6f4054773e1,EST-B1-R2,static,B1,Sala A,-76,Sala B,centro_sala,Sala A,True,Sala B,False,Sala B,False,False,Sala B,False,False,True,True
2026-08-25 11:02:14,2026-08-25 11:02:14,514,2239514506,2026-08-25 11:02:14,server,c3:00:00:13:3b:b7,ESP-01,5247239b-4d2b-40c5-b4f7-fa35535d40e2,EST-B1-R2,static,B1,Corredor,-93,Sala B,centro_sala,Corredor,True,Sala B,False,Sala B,False,False,Sala B,False,False,True,True
2026-08-25 11:02:20,2026-08-25 11:02:19,567,1690126268,2026-08-25 11:02:20,server,c3:00:00:13:3b:b7,ESP-03,656053c6-cdcd-4727-92fe-427822bd1e3c,EST-B1-R2,static,B1,Sala B,-54,Sala B,centro_sala,Sala B,True,Sala B,False,Sala B,False,False,Sala B,False,True,True,True
2026-08-25 11:02:27,2026-08-25 11:02:26,515,2239514506,2026-08-25 11:02:27,server,c3:00:00:13:3b:b7,ESP-01,2edb9b33-bdff-4f94-9a9a-ddebfae718f6,EST-B1-R2,static,B1,Corredor,-90,Sala B,centro_sala,Corredor,True,Sala B,False,Sala B,False,False,Sala B,False,False,True,True
2026-08-25 11:02:32,2026-08-25 11:02:31,568,1690126268,2026-08-25 11:02:32,server,c3:00:00:13:3b:b7,ESP-03,785d59a4-9385-4b3e-83f0-ee830a91d4f1,EST-B1-R2,static,B1,Sala B,-50,Sala B,centro_sala,Sala B,True,Sala B,False,Sala B,False,False,Sala B,False,True,True,True
2026-08-25 11:02:36,2026-08-25 11:02:34,157,1239498715,2026-08-25 11:02:36,server,c3:00:00:13:3b:b7,ESP-02,9bf97474-63ce-428e-8d39-6597486fe560,EST-B1-R2,static,B1,Sala A,-76,Sala B,centro_sala,Sala A,True,Sala B,False,Sala B,False,False,Sala B,False,False,True,True
2026-08-25 11:02:39,2026-08-25 11:02:39,516,2239514506,2026-08-25 11:02:39,server,c3:00:00:13:3b:b7,ESP-01,66a89a78-0a9a-4ba7-a2dd-2140de41af77,EST-B1-R2,static,B1,Corredor,-84,Sala B,centro_sala,Corredor,True,Sala B,False,Sala B,False,False,Sala B,False,False,True,True
2026-08-25 11:02:45,2026-08-25 11:02:23,156,1239498715,2026-08-25 11:02:45,server,c3:00:00:13:3b:b7,ESP-02,8fff6477-5a59-4db5-bbfc-74ad2eb5d4d5,EST-B1-R2,static,B1,Sala A,-76,Sala B,centro_sala,Sala A,True,Sala B,False,Sala B,False,False,Sala B,False,False,True,True
2026-08-25 11:02:45,2026-08-25 11:02:44,569,1690126268,2026-08-25 11:02:45,server,c3:00:00:13:3b:b7,ESP-03,671fbbe3-fa47-4f90-bf41-e4aa7aec46c4,EST-B1-R2,static,B1,Sala B,-54,Sala B,centro_sala,Sala B,True,Sala B,False,Sala B,False,False,Sala B,False,True,True,True
2026-08-25 11:02:48,2026-08-25 11:02:47,158,1239498715,2026-08-25 11:02:48,server,c3:00:00:13:3b:b7,ESP-02,9a84769b-60de-4b3b-bf4e-3b7a3fa74792,EST-B1-R2,static,B1,Sala A,-82,Sala B,centro_sala,Sala A,True,Sala B,False,Sala B,False,False,Sala B,False,False,True,True
2026-08-25 11:02:52,2026-08-25 11:02:51,517,2239514506,2026-08-25 11:02:52,server,c3:00:00:13:3b:b7,ESP-01,9777f77b-4f7f-4c8e-a97c-ef4bc74c7db3,EST-B1-R2,static,B1,Corredor,-78,Sala B,centro_sala,Corredor,True,Sala B,False,Sala B,False,False,Sala B,False,False,True,True
2026-08-25 11:03:11,2026-08-25 11:03:10,571,1690126268,2026-08-25 11:03:11,server,c3:00:00:13:3b:b7,ESP-03,30ebb6f4-b5a6-484a-8e2f-8cab59e4d590,EST-B1-R3,static,B1,Sala B,-50,Sala B,centro_sala,Sala B,True,Sala B,True,Sala B,True,False,,False,False,False,False
2026-08-25 11:03:17,2026-08-25 11:03:17,519,2239514506,2026-08-25 11:03:17,server,c3:00:00:13:3b:b7,ESP-01,93ea0b60-c484-423d-9d3b-50b27d4a9d5f,EST-B1-R3,static,B1,Corredor,-85,Sala B,centro_sala,Corredor,True,Sala B,False,Sala B,False,False,,False,False,False,False
2026-08-25 11:03:23,2026-08-25 11:03:22,572,1690126268,2026-08-25 11:03:23,server,c3:00:00:13:3b:b7,ESP-03,aaa18be3-1a02-46f5-8169-cc8412de8fec,EST-B1-R3,static,B1,Sala B,-55,Sala B,centro_sala,Sala B,True,Sala B,False,Sala B,False,False,Sala B,True,True,True,True
2026-08-25 11:03:23,2026-08-25 11:03:16,160,1239498715,2026-08-25 11:03:23,server,c3:00:00:13:3b:b7,ESP-02,77c40199-0328-49ac-aaae-c34098410756,EST-B1-R3,static,B1,Sala A,-76,Sala B,centro_sala,Sala A,True,Sala B,False,Sala B,False,False,Sala B,False,False,True,True
2026-08-25 11:03:30,2026-08-25 11:03:29,520,2239514506,2026-08-25 11:03:30,server,c3:00:00:13:3b:b7,ESP-01,447d60b0-d6d9-40be-abba-852e4b55bd1b,EST-B1-R3,static,B1,Corredor,-78,Sala B,centro_sala,Corredor,True,Sala B,False,Sala B,False,False,Sala B,False,False,True,True
2026-08-25 11:03:33,2026-08-25 11:03:29,161,1239498715,2026-08-25 11:03:33,server,c3:00:00:13:3b:b7,ESP-02,b924233d-9c3c-4271-8834-d711823f1396,EST-B1-R3,static,B1,Sala A,-82,Sala B,centro_sala,Sala A,True,Sala B,False,Sala B,False,False,Sala B,False,False,True,True
2026-08-25 11:03:36,2026-08-25 11:03:35,573,1690126268,2026-08-25 11:03:36,server,c3:00:00:13:3b:b7,ESP-03,581b94db-55ad-4ce2-8a8b-52bc26fb5d3c,EST-B1-R3,static,B1,Sala B,-50,Sala B,centro_sala,Sala B,True,Sala B,False,Sala B,False,False,Sala B,False,True,True,True
2026-08-25 11:03:42,2026-08-25 11:03:42,521,2239514506,2026-08-25 11:03:42,server,c3:00:00:13:3b:b7,ESP-01,7f14737b-775d-4241-83d7-7b30e1399fd0,EST-B1-R3,static,B1,Corredor,-78,Sala B,centro_sala,Corredor,True,Sala B,False,Sala B,False,False,Sala B,False,False,True,True
2026-08-25 11:03:49,2026-08-25 11:03:48,574,1690126268,2026-08-25 11:03:49,server,c3:00:00:13:3b:b7,ESP-03,2da3ed08-60e0-466e-bdf6-29559ba180ea,EST-B1-R3,static,B1,Sala B,-50,Sala B,centro_sala,Sala B,True,Sala B,False,Sala B,False,False,Sala B,False,True,True,True
2026-08-25 11:03:49,2026-08-25 11:03:44,162,1239498715,2026-08-25 11:03:49,server,c3:00:00:13:3b:b7,ESP-02,36f700b0-7f96-4a12-8354-9aeb669b8c28,EST-B1-R3,static,B1,Sala A,-82,Sala B,centro_sala,Sala A,True,Sala B,False,Sala B,False,False,Sala B,False,False,True,True
2026-08-25 11:03:55,2026-08-25 11:03:54,522,2239514506,2026-08-25 11:03:55,server,c3:00:00:13:3b:b7,ESP-01,855a9935-3474-4fc8-aaca-f28edaf92ecd,EST-B1-R3,static,B1,Corredor,-77,Sala B,centro_sala,Corredor,True,Sala B,False,Sala B,False,False,Sala B,False,False,True,True
2026-08-25 11:03:55,2026-08-25 11:03:55,163,1239498715,2026-08-25 11:03:55,server,c3:00:00:13:3b:b7,ESP-02,e881a912-fd9e-4ba1-bbee-4f250a03c1c3,EST-B1-R3,static,B1,Sala A,-83,Sala B,centro_sala,Sala A,True,Sala B,False,Sala B,False,False,Sala B,False,False,True,True
2026-08-25 11:04:01,2026-08-25 11:04:01,575,1690126268,2026-08-25 11:04:01,server,c3:00:00:13:3b:b7,ESP-03,6c58a788-5f17-4e4f-98fb-a7c570fa6ec5,EST-B1-R3,static,B1,Sala B,-64,Sala B,centro_sala,Sala B,True,Sala B,False,Sala B,False,False,Sala B,False,True,True,True
2026-08-25 11:04:08,2026-08-25 11:04:07,523,2239514506,2026-08-25 11:04:08,server,c3:00:00:13:3b:b7,ESP-01,3115e4de-b871-4399-b9fd-8a872dcb4837,EST-B1-R3,static,B1,Corredor,-77,Sala B,centro_sala,Corredor,True,Sala B,False,Sala B,False,False,Sala B,False,False,True,True
2026-08-25 11:04:33,2026-08-25 11:04:32,525,2239514506,2026-08-25 11:04:33,server,c3:00:00:13:3b:b7,ESP-01,b373f590-5a97-4a20-aef3-7611d73105a5,EST-B1-R4,static,B1,Corredor,-78,Sala B,centro_sala,Corredor,True,Corredor,True,Corredor,True,False,,False,False,False,False
2026-08-25 11:04:33,2026-08-25 11:04:29,166,1239498715,2026-08-25 11:04:33,server,c3:00:00:13:3b:b7,ESP-02,41414596-89c1-4a55-9e04-530c8c3a5118,EST-B1-R4,static,B1,Sala A,-76,Sala B,centro_sala,Sala A,True,Sala A,True,Corredor,False,True,,False,False,False,False
2026-08-25 11:04:39,2026-08-25 11:04:38,578,1690126268,2026-08-25 11:04:39,server,c3:00:00:13:3b:b7,ESP-03,62093638-8740-47b3-852d-6a80e2b1dd7b,EST-B1-R4,static,B1,Sala B,-64,Sala B,centro_sala,Sala B,True,Sala B,True,Sala B,True,False,,False,False,False,False
2026-08-25 11:04:45,2026-08-25 11:04:44,526,2239514506,2026-08-25 11:04:45,server,c3:00:00:13:3b:b7,ESP-01,7e04683d-95b3-4764-b408-4e86e01b9380,EST-B1-R4,static,B1,Corredor,-83,Sala B,centro_sala,Corredor,True,Sala B,False,Sala B,False,False,,False,False,False,False
2026-08-25 11:04:52,2026-08-25 11:04:51,579,1690126268,2026-08-25 11:04:52,server,c3:00:00:13:3b:b7,ESP-03,cdd97ea0-8891-407a-9e58-5040965dba94,EST-B1-R4,static,B1,Sala B,-50,Sala B,centro_sala,Sala B,True,Sala B,False,Sala B,False,False,Sala B,True,True,True,True
2026-08-25 11:04:54,2026-08-25 11:04:50,168,1239498715,2026-08-25 11:04:54,server,c3:00:00:13:3b:b7,ESP-02,47cfe8b1-ce32-4178-a8ef-d8e62a9a1733,EST-B1-R4,static,B1,Sala A,-76,Sala B,centro_sala,Sala A,True,Sala B,False,Sala B,False,False,Sala B,False,False,True,True
2026-08-25 11:04:58,2026-08-25 11:04:57,527,2239514506,2026-08-25 11:04:58,server,c3:00:00:13:3b:b7,ESP-01,933f6a9b-94a8-4780-9551-8f5422e2db8e,EST-B1-R4,static,B1,Corredor,-85,Sala B,centro_sala,Corredor,True,Sala B,False,Sala B,False,False,Sala B,False,False,True,True
2026-08-25 11:05:04,2026-08-25 11:05:04,580,1690126268,2026-08-25 11:05:04,server,c3:00:00:13:3b:b7,ESP-03,f3fc14a6-137b-40a6-88e7-7a631d268e7c,EST-B1-R4,static,B1,Sala B,-63,Sala B,centro_sala,Sala B,True,Sala B,False,Sala B,False,False,Sala B,False,True,True,True
2026-08-25 11:05:09,2026-08-25 11:05:06,169,1239498715,2026-08-25 11:05:09,server,c3:00:00:13:3b:b7,ESP-02,062673d1-c233-40b1-b932-772aded5cf48,EST-B1-R4,static,B1,Sala A,-86,Sala B,centro_sala,Sala A,True,Sala B,False,Sala B,False,False,Sala B,False,False,True,True
2026-08-25 11:05:10,2026-08-25 11:05:10,528,2239514506,2026-08-25 11:05:10,server,c3:00:00:13:3b:b7,ESP-01,7ab4f62b-0dd0-40ba-b255-21c2fb58eb02,EST-B1-R4,static,B1,Corredor,-78,Sala B,centro_sala,Corredor,True,Sala B,False,Sala B,False,False,Sala B,False,False,True,True
2026-08-25 11:05:17,2026-08-25 11:05:16,581,1690126268,2026-08-25 11:05:17,server,c3:00:00:13:3b:b7,ESP-03,05a1c5ce-e223-4ad1-9a99-a7175ba9bb50,EST-B1-R4,static,B1,Sala B,-55,Sala B,centro_sala,Sala B,True,Sala B,False,Sala B,False,False,Sala B,False,True,True,True
2026-08-25 11:05:23,2026-08-25 11:05:22,529,2239514506,2026-08-25 11:05:23,server,c3:00:00:13:3b:b7,ESP-01,af783969-00f4-4a6c-81de-57f485217de8,EST-B1-R4,static,B1,Corredor,-85,Sala B,centro_sala,Corredor,True,Sala B,False,Sala B,False,False,Sala B,False,False,True,True
2026-08-25 11:05:24,2026-08-25 11:05:21,170,1239498715,2026-08-25 11:05:24,server,c3:00:00:13:3b:b7,ESP-02,3b6774bc-73c0-4e19-91da-336a0560383f,EST-B1-R4,static,B1,Sala A,-76,Sala B,centro_sala,Sala A,True,Sala B,False,Sala B,False,False,Sala B,False,False,True,True
2026-08-25 11:05:30,2026-08-25 11:05:29,582,1690126268,2026-08-25 11:05:30,server,c3:00:00:13:3b:b7,ESP-03,f5aa5d12-4ce7-4248-9ed7-b749bc7d7db4,EST-B1-R4,static,B1,Sala B,-64,Sala B,centro_sala,Sala B,True,Sala B,False,Sala B,False,False,Sala B,False,True,True,True
2026-08-25 11:05:48,2026-08-25 11:05:48,531,2239514506,2026-08-25 11:05:48,server,c3:00:00:13:3b:b7,ESP-01,df768df4-9699-418a-a284-897db1e291d0,EST-B1-R5,static,B1,Corredor,-78,Sala B,centro_sala,Corredor,True,Corredor,True,Corredor,True,False,,False,False,False,False
2026-08-25 11:05:52,2026-08-25 11:05:52,172,1239498715,2026-08-25 11:05:52,server,c3:00:00:13:3b:b7,ESP-02,9b7a8169-53f8-4500-ae91-2790cb5fd529,EST-B1-R5,static,B1,Sala A,-82,Sala B,centro_sala,Sala A,True,Corredor,False,Corredor,False,False,,False,False,False,False
2026-08-25 11:05:55,2026-08-25 11:05:54,584,1690126268,2026-08-25 11:05:55,server,c3:00:00:13:3b:b7,ESP-03,ec4f18fe-9b34-42a5-8103-e30efd99f869,EST-B1-R5,static,B1,Sala B,-51,Sala B,centro_sala,Sala B,True,Sala B,True,Sala B,True,False,,False,False,False,False
2026-08-25 11:06:01,2026-08-25 11:06:00,532,2239514506,2026-08-25 11:06:01,server,c3:00:00:13:3b:b7,ESP-01,3cfa6584-71ef-40be-8514-0a3013e2e11a,EST-B1-R5,static,B1,Corredor,-78,Sala B,centro_sala,Corredor,True,Sala B,False,Sala B,False,False,,False,False,False,False
2026-08-25 11:06:08,2026-08-25 11:06:07,585,1690126268,2026-08-25 11:06:08,server,c3:00:00:13:3b:b7,ESP-03,5e08ecb2-a15e-4c29-8869-6ff960c79d54,EST-B1-R5,static,B1,Sala B,-64,Sala B,centro_sala,Sala B,True,Sala B,False,Sala B,False,False,Sala B,True,True,True,True
2026-08-25 11:06:13,2026-08-25 11:06:13,533,2239514506,2026-08-25 11:06:13,server,c3:00:00:13:3b:b7,ESP-01,bca6df86-597e-409d-8cdc-3c84851cb3dd,EST-B1-R5,static,B1,Corredor,-89,Sala B,centro_sala,Corredor,True,Sala B,False,Sala B,False,False,Sala B,False,False,True,True
2026-08-25 11:06:20,2026-08-25 11:06:19,586,1690126268,2026-08-25 11:06:20,server,c3:00:00:13:3b:b7,ESP-03,defc2abe-76d4-4223-b41c-76e544e276a8,EST-B1-R5,static,B1,Sala B,-50,Sala B,centro_sala,Sala B,True,Sala B,False,Sala B,False,False,Sala B,False,True,True,True
2026-08-25 11:06:22,2026-08-25 11:06:15,174,1239498715,2026-08-25 11:06:22,server,c3:00:00:13:3b:b7,ESP-02,c8114001-f26a-477b-b95f-6795259482e3,EST-B1-R5,static,B1,Sala A,-75,Sala B,centro_sala,Sala A,True,Sala B,False,Sala B,False,False,Sala B,False,False,True,True
2026-08-25 11:06:26,2026-08-25 11:06:25,534,2239514506,2026-08-25 11:06:26,server,c3:00:00:13:3b:b7,ESP-01,92dbe8a9-0970-4020-8d3b-54acd522252f,EST-B1-R5,static,B1,Corredor,-78,Sala B,centro_sala,Corredor,True,Sala B,False,Sala B,False,False,Sala B,False,False,True,True
2026-08-25 11:06:32,2026-08-25 11:06:28,175,1239498715,2026-08-25 11:06:32,server,c3:00:00:13:3b:b7,ESP-02,df065dbf-f93d-408e-9e3b-8b107f963390,EST-B1-R5,static,B1,Sala A,-83,Sala B,centro_sala,Sala A,True,Sala B,False,Sala B,False,False,Sala B,False,False,True,True
2026-08-25 11:06:33,2026-08-25 11:06:32,587,1690126268,2026-08-25 11:06:33,server,c3:00:00:13:3b:b7,ESP-03,eb508edb-bc5e-499f-acd5-0fd2e1e3ffa9,EST-B1-R5,static,B1,Sala B,-50,Sala B,centro_sala,Sala B,True,Sala B,False,Sala B,False,False,Sala B,False,True,True,True
2026-08-25 11:06:39,2026-08-25 11:06:38,535,2239514506,2026-08-25 11:06:39,server,c3:00:00:13:3b:b7,ESP-01,f453d3ee-24d3-4c79-928d-70cf674d0f63,EST-B1-R5,static,B1,Corredor,-78,Sala B,centro_sala,Corredor,True,Sala B,False,Sala B,False,False,Sala B,False,False,True,True
2026-08-25 11:06:42,2026-08-25 11:06:38,176,1239498715,2026-08-25 11:06:42,server,c3:00:00:13:3b:b7,ESP-02,429817be-18df-4746-aab7-7f0f6e66cb8d,EST-B1-R5,static,B1,Sala A,-76,Sala B,centro_sala,Sala A,True,Sala B,False,Sala B,False,False,Sala B,False,False,True,True
2026-08-25 11:06:45,2026-08-25 11:06:44,588,1690126268,2026-08-25 11:06:45,server,c3:00:00:13:3b:b7,ESP-03,1cf688cc-5852-45a7-96d1-08c53816c094,EST-B1-R5,static,B1,Sala B,-51,Sala B,centro_sala,Sala B,True,Sala B,False,Sala B,False,False,Sala B,False,True,True,True
2026-08-25 11:06:51,2026-08-25 11:06:51,536,2239514506,2026-08-25 11:06:51,server,c3:00:00:13:3b:b7,ESP-01,c941049a-8680-4932-8e19-588195dd60b6,EST-B1-R5,static,B1,Corredor,-90,Sala B,centro_sala,Corredor,True,Sala B,False,Sala B,False,False,Sala B,False,False,True,True
2026-08-25 11:10:04,2026-08-25 11:10:03,7,2441852059,2026-08-25 11:10:04,server,c3:00:00:13:3b:b7,ESP-02,1bf0f3d9-6cd1-4cc8-9dbf-c1bc1d162f9f,EST-B2-R1,static,B2,Sala A,-92,,,Sala A,True,Sala A,True,Sala A,True,False,,False,False,False,False
2026-08-25 11:10:05,2026-08-25 11:10:05,604,1690126268,2026-08-25 11:10:05,server,c3:00:00:13:3b:b7,ESP-03,2a7bfbf2-c7ba-41e6-b320-cbc5901fa0a5,EST-B2-R1,static,B2,Sala B,-66,,,Sala B,True,Sala B,True,Sala B,True,False,,False,False,False,False
2026-08-25 11:10:10,2026-08-25 11:10:10,552,2239514506,2026-08-25 11:10:10,server,c3:00:00:13:3b:b7,ESP-01,3b451dbf-9017-4ebf-9304-4b65a53fdd57,EST-B2-R1,static,B2,Corredor,-84,Sala B,junto_porta,Corredor,True,Sala B,False,Sala B,False,False,,False,False,False,False
2026-08-25 11:10:16,2026-08-25 11:10:15,8,2441852059,2026-08-25 11:10:16,server,c3:00:00:13:3b:b7,ESP-02,77e3bc07-e167-4012-807c-a6408e66558e,EST-B2-R1,static,B2,Sala A,-85,Sala B,junto_porta,Sala A,True,Sala B,False,Sala B,False,False,Sala B,True,False,True,True
2026-08-25 11:10:18,2026-08-25 11:10:17,605,1690126268,2026-08-25 11:10:18,server,c3:00:00:13:3b:b7,ESP-03,f3d564f9-428a-4346-8130-c559db8fbdaf,EST-B2-R1,static,B2,Sala B,-67,Sala B,junto_porta,Sala B,True,Sala B,False,Sala B,False,False,Sala B,False,True,True,True
2026-08-25 11:10:23,2026-08-25 11:10:22,553,2239514506,2026-08-25 11:10:23,server,c3:00:00:13:3b:b7,ESP-01,c294cd06-c128-4755-a2d3-273b4a535eff,EST-B2-R1,static,B2,Corredor,-92,Sala B,junto_porta,Corredor,True,Sala B,False,Sala B,False,False,Sala B,False,False,True,True
2026-08-25 11:10:28,2026-08-25 11:10:28,9,2441852059,2026-08-25 11:10:28,server,c3:00:00:13:3b:b7,ESP-02,b47f6755-4657-4037-b87c-a50e5836e8ca,EST-B2-R1,static,B2,Sala A,-85,Sala B,junto_porta,Sala A,True,Sala B,False,Sala B,False,False,Sala B,False,False,True,True
2026-08-25 11:10:30,2026-08-25 11:10:30,606,1690126268,2026-08-25 11:10:30,server,c3:00:00:13:3b:b7,ESP-03,e24d7365-5a3a-4253-ba24-2c86d74da828,EST-B2-R1,static,B2,Sala B,-68,Sala B,junto_porta,Sala B,True,Sala B,False,Sala B,False,False,Sala B,False,True,True,True
2026-08-25 11:10:35,2026-08-25 11:10:34,554,2239514506,2026-08-25 11:10:35,server,c3:00:00:13:3b:b7,ESP-01,ec7e50d4-32ca-4a59-94c6-47730099665c,EST-B2-R1,static,B2,Corredor,-91,Sala B,junto_porta,Corredor,True,Sala B,False,Sala B,False,False,Sala B,False,False,True,True
2026-08-25 11:10:41,2026-08-25 11:10:40,10,2441852059,2026-08-25 11:10:41,server,c3:00:00:13:3b:b7,ESP-02,d8ee1953-247e-4f91-8254-da623d55ccb1,EST-B2-R1,static,B2,Sala A,-84,Sala B,junto_porta,Sala A,True,Sala B,False,Sala B,False,False,Sala B,False,False,True,True
2026-08-25 11:10:43,2026-08-25 11:10:42,607,1690126268,2026-08-25 11:10:43,server,c3:00:00:13:3b:b7,ESP-03,2498e52e-e2e9-48e2-a576-f6cd978c8472,EST-B2-R1,static,B2,Sala B,-78,Sala B,junto_porta,Sala B,True,Sala B,False,Sala B,False,False,Sala B,False,True,True,True
2026-08-25 11:10:48,2026-08-25 11:10:47,555,2239514506,2026-08-25 11:10:48,server,c3:00:00:13:3b:b7,ESP-01,d10ec3c7-8b09-4f40-87d3-dc5518092711,EST-B2-R1,static,B2,Corredor,-85,Sala B,junto_porta,Corredor,True,Sala B,False,Sala B,False,False,Sala B,False,False,True,True
2026-08-25 11:10:53,2026-08-25 11:10:52,11,2441852059,2026-08-25 11:10:53,server,c3:00:00:13:3b:b7,ESP-02,6d59dc74-4615-4de9-b229-84fdfa8a1a7e,EST-B2-R1,static,B2,Sala A,-91,Sala B,junto_porta,Sala A,True,Sala B,False,Sala B,False,False,Sala B,False,False,True,True
2026-08-25 11:10:56,2026-08-25 11:10:55,608,1690126268,2026-08-25 11:10:56,server,c3:00:00:13:3b:b7,ESP-03,75ac4b65-31ad-4a93-9f3b-505eda9cfbf7,EST-B2-R1,static,B2,Sala B,-68,Sala B,junto_porta,Sala B,True,Sala B,False,Sala B,False,False,Sala B,False,True,True,True
2026-08-25 11:11:00,2026-08-25 11:10:59,556,2239514506,2026-08-25 11:11:00,server,c3:00:00:13:3b:b7,ESP-01,5d434991-a5df-48cc-a2e2-a10e4e0c1bf0,EST-B2-R1,static,B2,Corredor,-84,Sala B,junto_porta,Corredor,True,Sala B,False,Sala B,False,False,Sala B,False,False,True,True
2026-08-25 11:11:05,2026-08-25 11:11:04,12,2441852059,2026-08-25 11:11:05,server,c3:00:00:13:3b:b7,ESP-02,e3d8dd7a-bb1b-4236-9d85-141e1f098497,EST-B2-R1,static,B2,Sala A,-85,Sala B,junto_porta,Sala A,True,Sala B,False,Sala B,False,False,Sala B,False,False,True,True
2026-08-25 11:11:09,2026-08-25 11:11:08,609,1690126268,2026-08-25 11:11:09,server,c3:00:00:13:3b:b7,ESP-03,440c09e0-36fe-4412-abb3-5a33708b7e79,EST-B2-R1,static,B2,Sala B,-67,Sala B,junto_porta,Sala B,True,Sala B,False,Sala B,False,False,Sala B,False,True,True,True
2026-08-25 11:11:12,2026-08-25 11:11:12,557,2239514506,2026-08-25 11:11:12,server,c3:00:00:13:3b:b7,ESP-01,517bae28-8c9d-4d12-9c31-8f04d9e97bb9,EST-B2-R1,static,B2,Corredor,-84,Sala B,junto_porta,Corredor,True,Sala B,False,Sala B,False,False,Sala B,False,False,True,True
2026-08-25 11:11:17,2026-08-25 11:11:17,13,2441852059,2026-08-25 11:11:17,server,c3:00:00:13:3b:b7,ESP-02,e19750ac-e854-4697-9f90-4d52d85c20be,EST-B2-R1,static,B2,Sala A,-84,Sala B,junto_porta,Sala A,True,Sala B,False,Sala B,False,False,Sala B,False,False,True,True
2026-08-25 11:11:22,2026-08-25 11:11:21,610,1690126268,2026-08-25 11:11:22,server,c3:00:00:13:3b:b7,ESP-03,5a4286a8-ef70-4d2a-bd85-ccb216d16f2a,EST-B2-R1,static,B2,Sala B,-67,Sala B,junto_porta,Sala B,True,Sala B,False,Sala B,False,False,Sala B,False,True,True,True
2026-08-25 11:11:25,2026-08-25 11:11:24,558,2239514506,2026-08-25 11:11:25,server,c3:00:00:13:3b:b7,ESP-01,e6bab22a-04fa-4a37-94ce-e865a3048462,EST-B2-R1,static,B2,Corredor,-90,Sala B,junto_porta,Corredor,True,Sala B,False,Sala B,False,False,Sala B,False,False,True,True
2026-08-25 11:11:42,2026-08-25 11:11:41,15,2441852059,2026-08-25 11:11:42,server,c3:00:00:13:3b:b7,ESP-02,b47efab5-ceb1-4077-b5fa-60b23d60765e,EST-B2-R2,static,B2,Sala A,-85,,,Sala A,True,Sala A,True,Sala A,True,False,,False,False,False,False
2026-08-25 11:11:47,2026-08-25 11:11:46,612,1690126268,2026-08-25 11:11:47,server,c3:00:00:13:3b:b7,ESP-03,189cf65e-4ecc-4573-a762-148d7e0c5b85,EST-B2-R2,static,B2,Sala B,-66,Sala B,junto_porta,Sala B,True,Sala B,True,Sala B,True,False,,False,False,False,False
2026-08-25 11:11:50,2026-08-25 11:11:50,560,2239514506,2026-08-25 11:11:50,server,c3:00:00:13:3b:b7,ESP-01,dea4ad21-08f9-489c-829a-a34af5b716d0,EST-B2-R2,static,B2,Corredor,-94,Sala B,junto_porta,Corredor,True,Sala B,False,Sala B,False,False,,False,False,False,False
2026-08-25 11:11:54,2026-08-25 11:11:54,16,2441852059,2026-08-25 11:11:54,server,c3:00:00:13:3b:b7,ESP-02,259f4c5b-5903-433d-8538-1e13ee6d07be,EST-B2-R2,static,B2,Sala A,-85,Sala B,junto_porta,Sala A,True,Sala B,False,Sala B,False,False,Sala B,True,False,True,True
2026-08-25 11:11:59,2026-08-25 11:11:58,613,1690126268,2026-08-25 11:11:59,server,c3:00:00:13:3b:b7,ESP-03,124bc9ea-c8a5-4e13-a6fd-9c0315833345,EST-B2-R2,static,B2,Sala B,-67,Sala B,junto_porta,Sala B,True,Sala B,False,Sala B,False,False,Sala B,False,True,True,True
2026-08-25 11:12:03,2026-08-25 11:12:02,561,2239514506,2026-08-25 11:12:03,server,c3:00:00:13:3b:b7,ESP-01,198d1375-829a-4d81-b576-991cd6663527,EST-B2-R2,static,B2,Corredor,-91,Sala B,junto_porta,Corredor,True,Sala B,False,Sala B,False,False,Sala B,False,False,True,True
2026-08-25 11:12:07,2026-08-25 11:12:06,17,2441852059,2026-08-25 11:12:07,server,c3:00:00:13:3b:b7,ESP-02,0d539d18-c459-468c-b21f-e36e863cc25a,EST-B2-R2,static,B2,Sala A,-91,Sala B,junto_porta,Sala A,True,Sala B,False,Sala B,False,False,Sala B,False,False,True,True
2026-08-25 11:12:11,2026-08-25 11:12:11,614,1690126268,2026-08-25 11:12:11,server,c3:00:00:13:3b:b7,ESP-03,e175707f-e2ce-4cf8-a4e4-b38083c7c551,EST-B2-R2,static,B2,Sala B,-66,Sala B,junto_porta,Sala B,True,Sala B,False,Sala B,False,False,Sala B,False,True,True,True
2026-08-25 11:12:15,2026-08-25 11:12:14,562,2239514506,2026-08-25 11:12:15,server,c3:00:00:13:3b:b7,ESP-01,baebb434-f471-427b-896d-c4e3f1df1ea6,EST-B2-R2,static,B2,Corredor,-84,Sala B,junto_porta,Corredor,True,Sala B,False,Sala B,False,False,Sala B,False,False,True,True
2026-08-25 11:12:19,2026-08-25 11:12:18,18,2441852059,2026-08-25 11:12:19,server,c3:00:00:13:3b:b7,ESP-02,40082e6f-e50c-4060-8866-ad73e016880b,EST-B2-R2,static,B2,Sala A,-90,Sala B,junto_porta,Sala A,True,Sala B,False,Sala B,False,False,Sala B,False,False,True,True
2026-08-25 11:12:24,2026-08-25 11:12:23,615,1690126268,2026-08-25 11:12:24,server,c3:00:00:13:3b:b7,ESP-03,58d44d3b-f8bc-4259-8bf6-d3637ed66269,EST-B2-R2,static,B2,Sala B,-67,Sala B,junto_porta,Sala B,True,Sala B,False,Sala B,False,False,Sala B,False,True,True,True
2026-08-25 11:12:27,2026-08-25 11:12:26,563,2239514506,2026-08-25 11:12:27,server,c3:00:00:13:3b:b7,ESP-01,577fea32-a740-4e08-b64d-613b05b6bb6c,EST-B2-R2,static,B2,Corredor,-90,Sala B,junto_porta,Corredor,True,Sala B,False,Sala B,False,False,Sala B,False,False,True,True
2026-08-25 11:12:31,2026-08-25 11:12:30,19,2441852059,2026-08-25 11:12:31,server,c3:00:00:13:3b:b7,ESP-02,addbeae2-7193-4add-9389-9cb02938d7ee,EST-B2-R2,static,B2,Sala A,-84,Sala B,junto_porta,Sala A,True,Sala B,False,Sala B,False,False,Sala B,False,False,True,True
2026-08-25 11:12:37,2026-08-25 11:12:36,616,1690126268,2026-08-25 11:12:37,server,c3:00:00:13:3b:b7,ESP-03,34e3f64c-e42b-4be6-a8a7-cf23b687b430,EST-B2-R2,static,B2,Sala B,-79,Sala B,junto_porta,Sala B,True,Sala B,False,Sala B,False,False,Sala B,False,True,True,True
2026-08-25 11:12:39,2026-08-25 11:12:39,564,2239514506,2026-08-25 11:12:39,server,c3:00:00:13:3b:b7,ESP-01,60b499dc-3dce-4481-bf3d-bfe96969749e,EST-B2-R2,static,B2,Corredor,-87,Sala B,junto_porta,Corredor,True,Sala B,False,Sala B,False,False,Sala B,False,False,True,True
2026-08-25 11:12:43,2026-08-25 11:12:43,20,2441852059,2026-08-25 11:12:43,server,c3:00:00:13:3b:b7,ESP-02,4a70c4cc-9a20-4307-b840-d9b74eac502d,EST-B2-R2,static,B2,Sala A,-85,Sala B,junto_porta,Sala A,True,Sala B,False,Sala B,False,False,Sala B,False,False,True,True
2026-08-25 11:13:15,2026-08-25 11:13:14,619,1690126268,2026-08-25 11:13:15,server,c3:00:00:13:3b:b7,ESP-03,ca3e59c4-70e0-43b1-b82f-0f7dbdfc17a6,EST-B2-R3,static,B2,Sala B,-67,Sala B,junto_porta,Sala B,True,Sala B,True,Sala B,True,False,,False,False,False,False
2026-08-25 11:13:16,2026-08-25 11:13:16,567,2239514506,2026-08-25 11:13:16,server,c3:00:00:13:3b:b7,ESP-01,822d00d6-6bfe-46b7-9631-6ec72d200537,EST-B2-R3,static,B2,Corredor,-85,Sala B,junto_porta,Corredor,True,Sala B,False,Sala B,False,False,,False,False,False,False
2026-08-25 11:13:20,2026-08-25 11:13:20,23,2441852059,2026-08-25 11:13:20,server,c3:00:00:13:3b:b7,ESP-02,f90bfa01-e4e1-456e-8d8e-fe28499eb845,EST-B2-R3,static,B2,Sala A,-90,Sala B,junto_porta,Sala A,True,Sala B,False,Sala B,False,False,Sala B,True,False,True,True
2026-08-25 11:13:27,2026-08-25 11:13:26,620,1690126268,2026-08-25 11:13:27,server,c3:00:00:13:3b:b7,ESP-03,f97d4c3d-38fe-42d2-ac16-90d89f969979,EST-B2-R3,static,B2,Sala B,-80,Sala B,junto_porta,Sala B,True,Sala B,False,Sala B,False,False,Sala B,False,True,True,True
2026-08-25 11:13:29,2026-08-25 11:13:28,568,2239514506,2026-08-25 11:13:29,server,c3:00:00:13:3b:b7,ESP-01,8452dd54-c42d-4635-8161-e6c5502a5436,EST-B2-R3,static,B2,Corredor,-87,Sala B,junto_porta,Corredor,True,Sala B,False,Sala B,False,False,Sala B,False,False,True,True
2026-08-25 11:13:33,2026-08-25 11:13:32,24,2441852059,2026-08-25 11:13:33,server,c3:00:00:13:3b:b7,ESP-02,4f6b74c5-d015-46ef-a2c6-b9b10c36beab,EST-B2-R3,static,B2,Sala A,-85,Sala B,junto_porta,Sala A,True,Sala B,False,Sala B,False,False,Sala B,False,False,True,True
2026-08-25 11:13:40,2026-08-25 11:13:39,621,1690126268,2026-08-25 11:13:40,server,c3:00:00:13:3b:b7,ESP-03,50c35053-7c1e-4289-a09c-70a52b1db36c,EST-B2-R3,static,B2,Sala B,-80,Sala B,junto_porta,Sala B,True,Sala B,False,Sala B,False,False,Sala B,False,True,True,True
2026-08-25 11:13:41,2026-08-25 11:13:40,569,2239514506,2026-08-25 11:13:41,server,c3:00:00:13:3b:b7,ESP-01,f09b7ec9-c970-48f0-a0eb-0ab74aca7846,EST-B2-R3,static,B2,Corredor,-86,Sala B,junto_porta,Corredor,True,Sala B,False,Sala B,False,False,Sala B,False,False,True,True
2026-08-25 11:13:45,2026-08-25 11:13:44,25,2441852059,2026-08-25 11:13:45,server,c3:00:00:13:3b:b7,ESP-02,f1f551fb-6e55-4ee1-9409-91aa98600103,EST-B2-R3,static,B2,Sala A,-91,Sala B,junto_porta,Sala A,True,Sala B,False,Sala B,False,False,Sala B,False,False,True,True
2026-08-25 11:13:52,2026-08-25 11:13:51,622,1690126268,2026-08-25 11:13:52,server,c3:00:00:13:3b:b7,ESP-03,6591b857-f775-46da-ba82-6e03f6e8dd06,EST-B2-R3,static,B2,Sala B,-67,Sala B,junto_porta,Sala B,True,Sala B,False,Sala B,False,False,Sala B,False,True,True,True
2026-08-25 11:13:54,2026-08-25 11:13:53,570,2239514506,2026-08-25 11:13:54,server,c3:00:00:13:3b:b7,ESP-01,a46876d4-f611-45f2-babf-71d16f101f90,EST-B2-R3,static,B2,Corredor,-85,Sala B,junto_porta,Corredor,True,Sala B,False,Sala B,False,False,Sala B,False,False,True,True
2026-08-25 11:13:57,2026-08-25 11:13:56,26,2441852059,2026-08-25 11:13:57,server,c3:00:00:13:3b:b7,ESP-02,9a8d6d0a-6a21-4b6e-9219-3fcf5327df79,EST-B2-R3,static,B2,Sala A,-85,Sala B,junto_porta,Sala A,True,Sala B,False,Sala B,False,False,Sala B,False,False,True,True
2026-08-25 11:14:05,2026-08-25 11:14:04,623,1690126268,2026-08-25 11:14:05,server,c3:00:00:13:3b:b7,ESP-03,2155c4e4-58c6-48db-b4b6-dd037f1111c2,EST-B2-R3,static,B2,Sala B,-81,Sala B,junto_porta,Sala B,True,Sala B,False,Sala B,False,False,Sala B,False,True,True,True
2026-08-25 11:14:07,2026-08-25 11:14:06,571,2239514506,2026-08-25 11:14:07,server,c3:00:00:13:3b:b7,ESP-01,f6895f3e-4f01-4068-bfb8-89d51c459566,EST-B2-R3,static,B2,Corredor,-89,Sala B,junto_porta,Corredor,True,Sala B,False,Sala B,False,False,Sala B,False,False,True,True
2026-08-25 11:14:10,2026-08-25 11:14:09,27,2441852059,2026-08-25 11:14:10,server,c3:00:00:13:3b:b7,ESP-02,373d4f84-c6e6-487b-a4cd-655076166631,EST-B2-R3,static,B2,Sala A,-84,Sala B,junto_porta,Sala A,True,Sala B,False,Sala B,False,False,Sala B,False,False,True,True
2026-08-25 11:14:32,2026-08-25 11:14:31,573,2239514506,2026-08-25 11:14:32,server,c3:00:00:13:3b:b7,ESP-01,d6afbfa7-a3dc-4642-9591-3aeaee61f175,EST-B2-R4,static,B2,Corredor,-92,,,Corredor,True,Corredor,True,Corredor,True,False,,False,False,False,False
2026-08-25 11:14:34,2026-08-25 11:14:33,29,2441852059,2026-08-25 11:14:34,server,c3:00:00:13:3b:b7,ESP-02,5bd678fb-dc47-4be7-a48d-e253d42ee609,EST-B2-R4,static,B2,Sala A,-91,Sala B,junto_porta,Sala A,True,Sala A,True,Corredor,False,True,,False,False,False,False
2026-08-25 11:14:42,2026-08-25 11:14:42,626,1690126268,2026-08-25 11:14:42,server,c3:00:00:13:3b:b7,ESP-03,fc579546-90f2-4449-9917-7a9730a9cbd6,EST-B2-R4,static,B2,Sala B,-81,Sala B,junto_porta,Sala B,True,Sala B,True,Sala B,True,False,,False,False,False,False
2026-08-25 11:14:44,2026-08-25 11:14:44,574,2239514506,2026-08-25 11:14:44,server,c3:00:00:13:3b:b7,ESP-01,e63fa31f-a454-460e-b3a3-b090cf2c7471,EST-B2-R4,static,B2,Corredor,-93,Sala B,junto_porta,Corredor,True,Sala B,False,Sala B,False,False,,False,False,False,False
2026-08-25 11:14:46,2026-08-25 11:14:46,30,2441852059,2026-08-25 11:14:46,server,c3:00:00:13:3b:b7,ESP-02,a671fbaa-e790-409d-b7bd-d8db308eae1d,EST-B2-R4,static,B2,Sala A,-85,Sala B,junto_porta,Sala A,True,Sala B,False,Sala B,False,False,Sala B,True,False,True,True
2026-08-25 11:14:55,2026-08-25 11:14:54,627,1690126268,2026-08-25 11:14:55,server,c3:00:00:13:3b:b7,ESP-03,c8fdd6ce-16bf-4d3c-9242-2453d937a7a4,EST-B2-R4,static,B2,Sala B,-68,Sala B,junto_porta,Sala B,True,Sala B,False,Sala B,False,False,Sala B,False,True,True,True
2026-08-25 11:14:57,2026-08-25 11:14:56,575,2239514506,2026-08-25 11:14:57,server,c3:00:00:13:3b:b7,ESP-01,943a2874-40f9-4775-b51e-f5d69d8b6476,EST-B2-R4,static,B2,Corredor,-85,Sala B,junto_porta,Corredor,True,Sala B,False,Sala B,False,False,Sala B,False,False,True,True
2026-08-25 11:14:59,2026-08-25 11:14:58,31,2441852059,2026-08-25 11:14:59,server,c3:00:00:13:3b:b7,ESP-02,70ccac13-b886-4ec8-bc33-ba70c8b296f0,EST-B2-R4,static,B2,Sala A,-83,Sala B,junto_porta,Sala A,True,Sala B,False,Sala B,False,False,Sala B,False,False,True,True
2026-08-25 11:15:08,2026-08-25 11:15:07,628,1690126268,2026-08-25 11:15:08,server,c3:00:00:13:3b:b7,ESP-03,70e3c24e-e869-4f75-a25b-0867aa9a99c8,EST-B2-R4,static,B2,Sala B,-65,Sala B,junto_porta,Sala B,True,Sala B,False,Sala B,False,False,Sala B,False,True,True,True
2026-08-25 11:15:10,2026-08-25 11:15:09,576,2239514506,2026-08-25 11:15:10,server,c3:00:00:13:3b:b7,ESP-01,cf1d9335-6621-4263-9d1a-b832d8736c44,EST-B2-R4,static,B2,Corredor,-91,Sala B,junto_porta,Corredor,True,Sala B,False,Sala B,False,False,Sala B,False,False,True,True
2026-08-25 11:15:11,2026-08-25 11:15:10,32,2441852059,2026-08-25 11:15:11,server,c3:00:00:13:3b:b7,ESP-02,8dc243c1-b695-4d0f-ba0b-46318311544f,EST-B2-R4,static,B2,Sala A,-86,Sala B,junto_porta,Sala A,True,Sala B,False,Sala B,False,False,Sala B,False,False,True,True
2026-08-25 11:15:20,2026-08-25 11:15:20,629,1690126268,2026-08-25 11:15:20,server,c3:00:00:13:3b:b7,ESP-03,ee68fb4e-4dad-43e4-b82c-f651b801d415,EST-B2-R4,static,B2,Sala B,-66,Sala B,junto_porta,Sala B,True,Sala B,False,Sala B,False,False,Sala B,False,True,True,True
2026-08-25 11:15:22,2026-08-25 11:15:22,577,2239514506,2026-08-25 11:15:22,server,c3:00:00:13:3b:b7,ESP-01,0384e494-433f-492d-981b-df390397fa15,EST-B2-R4,static,B2,Corredor,-93,Sala B,junto_porta,Corredor,True,Sala B,False,Sala B,False,False,Sala B,False,False,True,True
2026-08-25 11:15:23,2026-08-25 11:15:23,33,2441852059,2026-08-25 11:15:23,server,c3:00:00:13:3b:b7,ESP-02,33b3f423-ab8f-4eb2-a131-854723d1ef09,EST-B2-R4,static,B2,Sala A,-85,Sala B,junto_porta,Sala A,True,Sala B,False,Sala B,False,False,Sala B,False,False,True,True
2026-08-25 11:15:33,2026-08-25 11:15:32,630,1690126268,2026-08-25 11:15:33,server,c3:00:00:13:3b:b7,ESP-03,041f02cc-c656-42e4-9827-7c51b084376c,EST-B2-R4,static,B2,Sala B,-79,Sala B,junto_porta,Sala B,True,Sala B,False,Sala B,False,False,Sala B,False,True,True,True
2026-08-25 11:15:35,2026-08-25 11:15:34,578,2239514506,2026-08-25 11:15:35,server,c3:00:00:13:3b:b7,ESP-01,c45d5b2d-f221-46af-8af6-a3d3bf9f6d82,EST-B2-R4,static,B2,Corredor,-93,Sala B,junto_porta,Corredor,True,Sala B,False,Sala B,False,False,Sala B,False,False,True,True
2026-08-25 11:15:36,2026-08-25 11:15:35,34,2441852059,2026-08-25 11:15:36,server,c3:00:00:13:3b:b7,ESP-02,e28f09f3-ebd1-4a5e-97d3-3e57822d551a,EST-B2-R4,static,B2,Sala A,-85,Sala B,junto_porta,Sala A,True,Sala B,False,Sala B,False,False,Sala B,False,False,True,True
2026-08-25 11:16:10,2026-08-25 11:16:10,633,1690126268,2026-08-25 11:16:10,server,c3:00:00:13:3b:b7,ESP-03,400087a9-459e-4a6e-a40d-094a2645fb04,EST-B2-R5,static,B2,Sala B,-66,Sala B,junto_porta,Sala B,True,Sala B,True,Sala B,True,False,,False,False,False,False
2026-08-25 11:16:12,2026-08-25 11:16:12,37,2441852059,2026-08-25 11:16:12,server,c3:00:00:13:3b:b7,ESP-02,d1c96075-90c4-4d87-ae0f-4b263716c411,EST-B2-R5,static,B2,Sala A,-90,Sala B,junto_porta,Sala A,True,Sala B,False,Sala B,False,False,,False,False,False,False
2026-08-25 11:16:12,2026-08-25 11:16:12,581,2239514506,2026-08-25 11:16:12,server,c3:00:00:13:3b:b7,ESP-01,e1dbe22e-656a-494b-83ff-1bf615673132,EST-B2-R5,static,B2,Corredor,-86,Sala B,junto_porta,Corredor,True,Sala B,False,Sala B,False,False,Sala B,True,False,True,True
2026-08-25 11:16:23,2026-08-25 11:16:22,634,1690126268,2026-08-25 11:16:23,server,c3:00:00:13:3b:b7,ESP-03,97902b27-d5a6-47d8-a01e-928bb054b1bd,EST-B2-R5,static,B2,Sala B,-66,Sala B,junto_porta,Sala B,True,Sala B,False,Sala B,False,False,Sala B,False,True,True,True
2026-08-25 11:16:25,2026-08-25 11:16:24,38,2441852059,2026-08-25 11:16:25,server,c3:00:00:13:3b:b7,ESP-02,d5d5f11d-7e13-456a-852f-f188f43c3c0b,EST-B2-R5,static,B2,Sala A,-85,Sala B,junto_porta,Sala A,True,Sala B,False,Sala B,False,False,Sala B,False,False,True,True
2026-08-25 11:16:25,2026-08-25 11:16:24,582,2239514506,2026-08-25 11:16:25,server,c3:00:00:13:3b:b7,ESP-01,fe33efb4-a87b-457c-909c-ccfa1ce2a167,EST-B2-R5,static,B2,Corredor,-92,Sala B,junto_porta,Corredor,True,Sala B,False,Sala B,False,False,Sala B,False,False,True,True
2026-08-25 11:16:36,2026-08-25 11:16:35,635,1690126268,2026-08-25 11:16:36,server,c3:00:00:13:3b:b7,ESP-03,96b3de42-56ca-448f-a621-f2c624afa421,EST-B2-R5,static,B2,Sala B,-66,Sala B,junto_porta,Sala B,True,Sala B,False,Sala B,False,False,Sala B,False,True,True,True
2026-08-25 11:16:38,2026-08-25 11:16:37,39,2441852059,2026-08-25 11:16:38,server,c3:00:00:13:3b:b7,ESP-02,d9637fdf-0492-4c0c-a545-cda80591dbce,EST-B2-R5,static,B2,Sala A,-91,Sala B,junto_porta,Sala A,True,Sala B,False,Sala B,False,False,Sala B,False,False,True,True
2026-08-25 11:16:38,2026-08-25 11:16:37,583,2239514506,2026-08-25 11:16:38,server,c3:00:00:13:3b:b7,ESP-01,a0da8754-4b3b-45d8-9b7c-a550eace89e6,EST-B2-R5,static,B2,Corredor,-85,Sala B,junto_porta,Corredor,True,Sala B,False,Sala B,False,False,Sala B,False,False,True,True
2026-08-25 11:16:48,2026-08-25 11:16:47,636,1690126268,2026-08-25 11:16:48,server,c3:00:00:13:3b:b7,ESP-03,98870c8e-3d4a-449e-acb8-4a7995e5385e,EST-B2-R5,static,B2,Sala B,-66,Sala B,junto_porta,Sala B,True,Sala B,False,Sala B,False,False,Sala B,False,True,True,True
2026-08-25 11:16:50,2026-08-25 11:16:49,40,2441852059,2026-08-25 11:16:50,server,c3:00:00:13:3b:b7,ESP-02,0bab6dfc-230c-4fb2-84fd-67b09fb8b9cf,EST-B2-R5,static,B2,Sala A,-85,Sala B,junto_porta,Sala A,True,Sala B,False,Sala B,False,False,Sala B,False,False,True,True
2026-08-25 11:16:50,2026-08-25 11:16:50,584,2239514506,2026-08-25 11:16:50,server,c3:00:00:13:3b:b7,ESP-01,e293235f-311e-484a-ad26-c17e0e248272,EST-B2-R5,static,B2,Corredor,-94,Sala B,junto_porta,Corredor,True,Sala B,False,Sala B,False,False,Sala B,False,False,True,True
2026-08-25 11:17:00,2026-08-25 11:17:00,637,1690126268,2026-08-25 11:17:00,server,c3:00:00:13:3b:b7,ESP-03,f3db52ec-a3ea-4e13-952b-106f0e3b7ee3,EST-B2-R5,static,B2,Sala B,-80,Sala B,junto_porta,Sala B,True,Sala B,False,Sala B,False,False,Sala B,False,True,True,True
2026-08-25 11:17:02,2026-08-25 11:17:01,41,2441852059,2026-08-25 11:17:02,server,c3:00:00:13:3b:b7,ESP-02,df390e5d-b5ab-472c-81eb-5873174bc8d3,EST-B2-R5,static,B2,Sala A,-91,Sala B,junto_porta,Sala A,True,Sala B,False,Sala B,False,False,Sala B,False,False,True,True
2026-08-25 11:17:03,2026-08-25 11:17:02,585,2239514506,2026-08-25 11:17:03,server,c3:00:00:13:3b:b7,ESP-01,64272f64-4502-455d-9a92-5bc8417a1a7f,EST-B2-R5,static,B2,Corredor,-84,Sala B,junto_porta,Corredor,True,Sala B,False,Sala B,False,False,Sala B,False,False,True,True
2026-08-25 11:17:13,2026-08-25 11:17:12,638,1690126268,2026-08-25 11:17:13,server,c3:00:00:13:3b:b7,ESP-03,57d3f64d-f3e7-4118-9731-72bf08d2c623,EST-B2-R5,static,B2,Sala B,-66,Sala B,junto_porta,Sala B,True,Sala B,False,Sala B,False,False,Sala B,False,True,True,True
2026-08-25 11:17:14,2026-08-25 11:17:14,42,2441852059,2026-08-25 11:17:14,server,c3:00:00:13:3b:b7,ESP-02,d3bba80c-d8f5-4cae-86ad-5d5d000cf35e,EST-B2-R5,static,B2,Sala A,-85,Sala B,junto_porta,Sala A,True,Sala B,False,Sala B,False,False,Sala B,False,False,True,True
2026-08-25 11:18:40,2026-08-25 11:18:40,49,2441852059,2026-08-25 11:18:40,server,c3:00:00:13:3b:b7,ESP-02,3e028058-06bb-40b7-8bce-db6c5d2427ff,EST-B3-R1,static,B3,Sala A,-91,Sala B,junto_parede,Sala A,True,Sala A,True,Sala A,True,False,,False,False,False,False
2026-08-25 11:18:41,2026-08-25 11:18:40,645,1690126268,2026-08-25 11:18:41,server,c3:00:00:13:3b:b7,ESP-03,0878c86e-eb66-410e-a146-e4fd4d01ba2e,EST-B3-R1,static,B3,Sala B,-64,Sala B,junto_parede,Sala B,True,Sala B,True,Sala B,True,False,,False,False,False,False
2026-08-25 11:18:43,2026-08-25 11:18:42,593,2239514506,2026-08-25 11:18:43,server,c3:00:00:13:3b:b7,ESP-01,610f248d-577a-479e-b7a4-fa968690af6e,EST-B3-R1,static,B3,Corredor,-79,Sala B,junto_parede,Corredor,True,Sala B,False,Sala B,False,False,,False,False,False,False
2026-08-25 11:18:53,2026-08-25 11:18:52,50,2441852059,2026-08-25 11:18:53,server,c3:00:00:13:3b:b7,ESP-02,63db4020-fe85-4578-90fe-fa8451c8eacc,EST-B3-R1,static,B3,Sala A,-89,Sala B,junto_parede,Sala A,True,Sala B,False,Sala B,False,False,Sala B,True,False,True,True
2026-08-25 11:18:53,2026-08-25 11:18:53,646,1690126268,2026-08-25 11:18:53,server,c3:00:00:13:3b:b7,ESP-03,7eb235a2-9691-4ce4-875d-cfd4f74cfa8e,EST-B3-R1,static,B3,Sala B,-53,Sala B,junto_parede,Sala B,True,Sala B,False,Sala B,False,False,Sala B,False,True,True,True
2026-08-25 11:18:58,2026-08-25 11:18:55,594,2239514506,2026-08-25 11:18:58,server,c3:00:00:13:3b:b7,ESP-01,85e15b27-cb1e-4bc2-8654-fb1bacde0514,EST-B3-R1,static,B3,Corredor,-79,Sala B,junto_parede,Corredor,True,Sala B,False,Sala B,False,False,Sala B,False,False,True,True
2026-08-25 11:19:05,2026-08-25 11:19:05,51,2441852059,2026-08-25 11:19:05,server,c3:00:00:13:3b:b7,ESP-02,a1b854ab-2cbc-40b1-b90d-99b6e59e8413,EST-B3-R1,static,B3,Sala A,-89,Sala B,junto_parede,Sala A,True,Sala B,False,Sala B,False,False,Sala B,False,False,True,True
2026-08-25 11:19:06,2026-08-25 11:19:05,647,1690126268,2026-08-25 11:19:06,server,c3:00:00:13:3b:b7,ESP-03,21cfea73-6423-46c6-b1a6-805566c5b776,EST-B3-R1,static,B3,Sala B,-52,Sala B,junto_parede,Sala B,True,Sala B,False,Sala B,False,False,Sala B,False,True,True,True
2026-08-25 11:19:11,2026-08-25 11:19:10,595,2239514506,2026-08-25 11:19:11,server,c3:00:00:13:3b:b7,ESP-01,4d4dae30-92ec-40d5-8466-d6245573dda5,EST-B3-R1,static,B3,Corredor,-80,Sala B,junto_parede,Corredor,True,Sala B,False,Sala B,False,False,Sala B,False,False,True,True
2026-08-25 11:19:18,2026-08-25 11:19:17,52,2441852059,2026-08-25 11:19:18,server,c3:00:00:13:3b:b7,ESP-02,6fbaca07-934c-4389-9f9d-bb6c2f94b91a,EST-B3-R1,static,B3,Sala A,-90,Sala B,junto_parede,Sala A,True,Sala B,False,Sala B,False,False,Sala B,False,False,True,True
2026-08-25 11:19:19,2026-08-25 11:19:18,648,1690126268,2026-08-25 11:19:19,server,c3:00:00:13:3b:b7,ESP-03,043f4933-1af0-4daf-8e2b-d7ba1681de14,EST-B3-R1,static,B3,Sala B,-65,Sala B,junto_parede,Sala B,True,Sala B,False,Sala B,False,False,Sala B,False,True,True,True
2026-08-25 11:19:23,2026-08-25 11:19:23,596,2239514506,2026-08-25 11:19:23,server,c3:00:00:13:3b:b7,ESP-01,b878a9a0-4f82-4e87-88f2-0376cdc9ab9d,EST-B3-R1,static,B3,Corredor,-67,Sala B,junto_parede,Corredor,True,Sala B,False,Sala B,False,False,Sala B,False,False,True,True
2026-08-25 11:19:30,2026-08-25 11:19:29,53,2441852059,2026-08-25 11:19:30,server,c3:00:00:13:3b:b7,ESP-02,e9db289f-794d-4f69-bb54-11e8fa57cfcc,EST-B3-R1,static,B3,Sala A,-88,Sala B,junto_parede,Sala A,True,Sala B,False,Sala B,False,False,Sala B,False,False,True,True
2026-08-25 11:19:31,2026-08-25 11:19:30,649,1690126268,2026-08-25 11:19:31,server,c3:00:00:13:3b:b7,ESP-03,a066c4a9-a0e1-4b4b-834b-0bfb68908ef7,EST-B3-R1,static,B3,Sala B,-52,Sala B,junto_parede,Sala B,True,Sala B,False,Sala B,False,False,Sala B,False,True,True,True
2026-08-25 11:19:36,2026-08-25 11:19:35,597,2239514506,2026-08-25 11:19:36,server,c3:00:00:13:3b:b7,ESP-01,ecac48bd-2ee3-4845-9e8d-ea14ba48dba3,EST-B3-R1,static,B3,Corredor,-67,Sala B,junto_parede,Corredor,True,Sala B,False,Sala B,False,False,Sala B,False,False,True,True
2026-08-25 11:19:42,2026-08-25 11:19:42,54,2441852059,2026-08-25 11:19:42,server,c3:00:00:13:3b:b7,ESP-02,2a0211c1-dda7-4ce5-bdee-98363de311c7,EST-B3-R1,static,B3,Sala A,-88,Sala B,junto_parede,Sala A,True,Sala B,False,Sala B,False,False,Sala B,False,False,True,True
2026-08-25 11:19:44,2026-08-25 11:19:43,650,1690126268,2026-08-25 11:19:44,server,c3:00:00:13:3b:b7,ESP-03,17489c9f-3ab8-4475-8873-59002e0da36e,EST-B3-R1,static,B3,Sala B,-52,Sala B,junto_parede,Sala B,True,Sala B,False,Sala B,False,False,Sala B,False,True,True,True
2026-08-25 11:19:48,2026-08-25 11:19:47,598,2239514506,2026-08-25 11:19:48,server,c3:00:00:13:3b:b7,ESP-01,ff5360d6-da3e-45c8-b384-6b4c93832097,EST-B3-R1,static,B3,Corredor,-82,Sala B,junto_parede,Corredor,True,Sala B,False,Sala B,False,False,Sala B,False,False,True,True
2026-08-25 11:20:19,2026-08-25 11:20:18,57,2441852059,2026-08-25 11:20:19,server,c3:00:00:13:3b:b7,ESP-02,6ad0427e-e1e3-477a-a3fc-c13b953ff928,EST-B3-R2,static,B3,Sala A,-90,Sala B,junto_parede,Sala A,True,Sala A,True,Sala A,True,False,,False,False,False,False
2026-08-25 11:20:23,2026-08-25 11:20:23,653,1690126268,2026-08-25 11:20:23,server,c3:00:00:13:3b:b7,ESP-03,f9b26900-3d15-405a-9224-ef88e80e1008,EST-B3-R2,static,B3,Sala B,-63,Sala B,junto_parede,Sala B,True,Sala B,True,Sala B,True,False,,False,False,False,False
2026-08-25 11:20:25,2026-08-25 11:20:25,601,2239514506,2026-08-25 11:20:25,server,c3:00:00:13:3b:b7,ESP-01,7262956d-df12-443f-a601-50cb0f4199a0,EST-B3-R2,static,B3,Corredor,-82,Sala B,junto_parede,Corredor,True,Sala B,False,Sala B,False,False,,False,False,False,False
2026-08-25 11:20:32,2026-08-25 11:20:31,58,2441852059,2026-08-25 11:20:32,server,c3:00:00:13:3b:b7,ESP-02,49892c90-3c2f-433b-812e-5377f8dfb6ed,EST-B3-R2,static,B3,Sala A,-89,Sala B,junto_parede,Sala A,True,Sala B,False,Sala B,False,False,Sala B,True,False,True,True
2026-08-25 11:20:36,2026-08-25 11:20:35,654,1690126268,2026-08-25 11:20:36,server,c3:00:00:13:3b:b7,ESP-03,247b1dd7-d913-463a-9f19-bc0244e402e9,EST-B3-R2,static,B3,Sala B,-50,Sala B,junto_parede,Sala B,True,Sala B,False,Sala B,False,False,Sala B,False,True,True,True
2026-08-25 11:20:38,2026-08-25 11:20:37,602,2239514506,2026-08-25 11:20:38,server,c3:00:00:13:3b:b7,ESP-01,5255f8c9-17f5-4362-acc5-d5f39f6700b6,EST-B3-R2,static,B3,Corredor,-82,Sala B,junto_parede,Corredor,True,Sala B,False,Sala B,False,False,Sala B,False,False,True,True
2026-08-25 11:20:44,2026-08-25 11:20:43,59,2441852059,2026-08-25 11:20:44,server,c3:00:00:13:3b:b7,ESP-02,1f61b16c-a99b-4750-9eef-f47b3e89d3b7,EST-B3-R2,static,B3,Sala A,-79,Sala B,junto_parede,Sala A,True,Sala B,False,Sala B,False,False,Sala B,False,False,True,True
2026-08-25 11:20:48,2026-08-25 11:20:48,655,1690126268,2026-08-25 11:20:48,server,c3:00:00:13:3b:b7,ESP-03,734cfee6-8855-4f59-aa35-907130e05929,EST-B3-R2,static,B3,Sala B,-49,Sala B,junto_parede,Sala B,True,Sala B,False,Sala B,False,False,Sala B,False,True,True,True
2026-08-25 11:20:50,2026-08-25 11:20:50,603,2239514506,2026-08-25 11:20:50,server,c3:00:00:13:3b:b7,ESP-01,5f8f3cb7-ffaf-482a-8739-081961917807,EST-B3-R2,static,B3,Corredor,-67,Sala B,junto_parede,Corredor,True,Sala B,False,Sala B,False,False,Sala B,False,False,True,True
2026-08-25 11:20:56,2026-08-25 11:20:55,60,2441852059,2026-08-25 11:20:56,server,c3:00:00:13:3b:b7,ESP-02,5a70b1f5-415f-4e6a-b141-7690da6a1c93,EST-B3-R2,static,B3,Sala A,-91,Sala B,junto_parede,Sala A,True,Sala B,False,Sala B,False,False,Sala B,False,False,True,True
2026-08-25 11:21:01,2026-08-25 11:21:00,656,1690126268,2026-08-25 11:21:01,server,c3:00:00:13:3b:b7,ESP-03,d089381f-886f-450e-99dd-858991086fc7,EST-B3-R2,static,B3,Sala B,-63,Sala B,junto_parede,Sala B,True,Sala B,False,Sala B,False,False,Sala B,False,True,True,True
2026-08-25 11:21:03,2026-08-25 11:21:03,604,2239514506,2026-08-25 11:21:03,server,c3:00:00:13:3b:b7,ESP-01,8861e72d-7196-448a-9206-d6035b623760,EST-B3-R2,static,B3,Corredor,-81,Sala B,junto_parede,Corredor,True,Sala B,False,Sala B,False,False,Sala B,False,False,True,True
2026-08-25 11:21:08,2026-08-25 11:21:08,61,2441852059,2026-08-25 11:21:08,server,c3:00:00:13:3b:b7,ESP-02,8a887774-c080-4f93-b266-ca421a502f0a,EST-B3-R2,static,B3,Sala A,-83,Sala B,junto_parede,Sala A,True,Sala B,False,Sala B,False,False,Sala B,False,False,True,True
2026-08-25 11:21:14,2026-08-25 11:21:13,657,1690126268,2026-08-25 11:21:14,server,c3:00:00:13:3b:b7,ESP-03,8c34209f-a3c8-449e-9511-f2f1c590469b,EST-B3-R2,static,B3,Sala B,-64,Sala B,junto_parede,Sala B,True,Sala B,False,Sala B,False,False,Sala B,False,True,True,True
2026-08-25 11:21:16,2026-08-25 11:21:15,605,2239514506,2026-08-25 11:21:16,server,c3:00:00:13:3b:b7,ESP-01,4833d376-06a7-44e7-ad70-843e460538f7,EST-B3-R2,static,B3,Corredor,-82,Sala B,junto_parede,Corredor,True,Sala B,False,Sala B,False,False,Sala B,False,False,True,True
2026-08-25 11:21:28,2026-08-25 11:21:27,606,2239514506,2026-08-25 11:21:28,server,c3:00:00:13:3b:b7,ESP-01,4283fcf4-0cf2-4b47-a3b7-484c8648b936,EST-B3-R3,static,B3,Corredor,-81,,,Corredor,True,Corredor,True,Corredor,True,False,,False,False,False,False
2026-08-25 11:21:33,2026-08-25 11:21:32,63,2441852059,2026-08-25 11:21:33,server,c3:00:00:13:3b:b7,ESP-02,4c6488e0-41e4-4b7f-aa6b-0e678a927da3,EST-B3-R3,static,B3,Sala A,-90,Sala B,junto_parede,Sala A,True,Corredor,False,Corredor,False,False,,False,False,False,False
2026-08-25 11:21:39,2026-08-25 11:21:38,659,1690126268,2026-08-25 11:21:39,server,c3:00:00:13:3b:b7,ESP-03,ea19ce57-e195-457b-ae9f-441dbd37d014,EST-B3-R3,static,B3,Sala B,-64,Sala B,junto_parede,Sala B,True,Sala B,True,Sala B,True,False,,False,False,False,False
2026-08-25 11:21:40,2026-08-25 11:21:39,607,2239514506,2026-08-25 11:21:40,server,c3:00:00:13:3b:b7,ESP-01,109bcf34-039b-4246-9919-b1678f494b31,EST-B3-R3,static,B3,Corredor,-80,Sala B,junto_parede,Corredor,True,Sala B,False,Sala B,False,False,,False,False,False,False
2026-08-25 11:21:45,2026-08-25 11:21:44,64,2441852059,2026-08-25 11:21:45,server,c3:00:00:13:3b:b7,ESP-02,44b81eb8-8204-45d0-b098-33e3e2b1a33e,EST-B3-R3,static,B3,Sala A,-84,Sala B,junto_parede,Sala A,True,Sala B,False,Sala B,False,False,Sala B,True,False,True,True
2026-08-25 11:21:51,2026-08-25 11:21:51,660,1690126268,2026-08-25 11:21:51,server,c3:00:00:13:3b:b7,ESP-03,029c05b9-3625-4081-b44c-63b7bdd2e312,EST-B3-R3,static,B3,Sala B,-64,Sala B,junto_parede,Sala B,True,Sala B,False,Sala B,False,False,Sala B,False,True,True,True
2026-08-25 11:21:53,2026-08-25 11:21:52,608,2239514506,2026-08-25 11:21:53,server,c3:00:00:13:3b:b7,ESP-01,fd3626c9-689d-4994-a942-f1b9e503fee8,EST-B3-R3,static,B3,Corredor,-67,Sala B,junto_parede,Corredor,True,Sala B,False,Sala B,False,False,Sala B,False,False,True,True
2026-08-25 11:21:58,2026-08-25 11:21:57,65,2441852059,2026-08-25 11:21:58,server,c3:00:00:13:3b:b7,ESP-02,f510e8db-1a15-4850-ad97-c57586f3fe6b,EST-B3-R3,static,B3,Sala A,-88,Sala B,junto_parede,Sala A,True,Sala B,False,Sala B,False,False,Sala B,False,False,True,True
2026-08-25 11:22:04,2026-08-25 11:22:03,661,1690126268,2026-08-25 11:22:04,server,c3:00:00:13:3b:b7,ESP-03,42234b8d-6b93-427b-9ffd-f549cd5cf8a5,EST-B3-R3,static,B3,Sala B,-50,Sala B,junto_parede,Sala B,True,Sala B,False,Sala B,False,False,Sala B,False,True,True,True
2026-08-25 11:22:06,2026-08-25 11:22:05,609,2239514506,2026-08-25 11:22:06,server,c3:00:00:13:3b:b7,ESP-01,652af6ca-12b6-4825-a2b7-cb0640a2e69f,EST-B3-R3,static,B3,Corredor,-67,Sala B,junto_parede,Corredor,True,Sala B,False,Sala B,False,False,Sala B,False,False,True,True
2026-08-25 11:22:10,2026-08-25 11:22:09,66,2441852059,2026-08-25 11:22:10,server,c3:00:00:13:3b:b7,ESP-02,d515a444-2c71-45e6-8bb0-fdcfeca85ad5,EST-B3-R3,static,B3,Sala A,-84,Sala B,junto_parede,Sala A,True,Sala B,False,Sala B,False,False,Sala B,False,False,True,True
2026-08-25 11:22:17,2026-08-25 11:22:16,662,1690126268,2026-08-25 11:22:17,server,c3:00:00:13:3b:b7,ESP-03,29f5ee9e-d44d-4129-94f9-998ed50244b0,EST-B3-R3,static,B3,Sala B,-64,Sala B,junto_parede,Sala B,True,Sala B,False,Sala B,False,False,Sala B,False,True,True,True
2026-08-25 11:22:19,2026-08-25 11:22:18,610,2239514506,2026-08-25 11:22:19,server,c3:00:00:13:3b:b7,ESP-01,98591ef8-064f-49a8-9662-ba59b0c95548,EST-B3-R3,static,B3,Corredor,-82,Sala B,junto_parede,Corredor,True,Sala B,False,Sala B,False,False,Sala B,False,False,True,True
2026-08-25 11:22:22,2026-08-25 11:22:21,67,2441852059,2026-08-25 11:22:22,server,c3:00:00:13:3b:b7,ESP-02,b5d773df-f078-4b7b-8f88-bb9219bc96e4,EST-B3-R3,static,B3,Sala A,-89,Sala B,junto_parede,Sala A,True,Sala B,False,Sala B,False,False,Sala B,False,False,True,True
2026-08-25 11:22:29,2026-08-25 11:22:29,663,1690126268,2026-08-25 11:22:29,server,c3:00:00:13:3b:b7,ESP-03,e75416e5-3b9f-42c1-b2c8-ffa39f0c3f7c,EST-B3-R3,static,B3,Sala B,-49,Sala B,junto_parede,Sala B,True,Sala B,False,Sala B,False,False,Sala B,False,True,True,True
2026-08-25 11:22:31,2026-08-25 11:22:30,611,2239514506,2026-08-25 11:22:31,server,c3:00:00:13:3b:b7,ESP-01,2fcdb02b-e946-4b23-b16b-eab62e586c45,EST-B3-R3,static,B3,Corredor,-67,Sala B,junto_parede,Corredor,True,Sala B,False,Sala B,False,False,Sala B,False,False,True,True
2026-08-25 11:22:44,2026-08-25 11:22:43,612,2239514506,2026-08-25 11:22:44,server,c3:00:00:13:3b:b7,ESP-01,9d32dc4a-fef7-4ca3-936d-151cb939e848,EST-B3-R4,static,B3,Corredor,-68,,,Corredor,True,Corredor,True,Corredor,True,False,,False,False,False,False
2026-08-25 11:22:48,2026-08-25 11:22:47,69,2441852059,2026-08-25 11:22:48,server,c3:00:00:13:3b:b7,ESP-02,0118620c-9fff-49ab-9753-6d5971eae645,EST-B3-R4,static,B3,Sala A,-90,Sala B,junto_parede,Sala A,True,Corredor,False,Corredor,False,False,,False,False,False,False
2026-08-25 11:22:55,2026-08-25 11:22:54,665,1690126268,2026-08-25 11:22:55,server,c3:00:00:13:3b:b7,ESP-03,966c566a-9ead-4f58-bd21-8ab2b27afa71,EST-B3-R4,static,B3,Sala B,-50,Sala B,junto_parede,Sala B,True,Sala B,True,Sala B,True,False,,False,False,False,False
2026-08-25 11:22:56,2026-08-25 11:22:55,613,2239514506,2026-08-25 11:22:56,server,c3:00:00:13:3b:b7,ESP-01,2573475b-1e01-4e2f-a282-6543dcf25dcc,EST-B3-R4,static,B3,Corredor,-67,Sala B,junto_parede,Corredor,True,Sala B,False,Sala B,False,False,,False,False,False,False
2026-08-25 11:23:00,2026-08-25 11:22:59,70,2441852059,2026-08-25 11:23:00,server,c3:00:00:13:3b:b7,ESP-02,0b310fbe-e83b-4597-8bbb-b25ce6f2687a,EST-B3-R4,static,B3,Sala A,-83,Sala B,junto_parede,Sala A,True,Sala B,False,Sala B,False,False,Sala B,True,False,True,True
2026-08-25 11:23:07,2026-08-25 11:23:07,666,1690126268,2026-08-25 11:23:07,server,c3:00:00:13:3b:b7,ESP-03,ea666425-912d-4f77-94be-aa0fbdc3fa3d,EST-B3-R4,static,B3,Sala B,-52,Sala B,junto_parede,Sala B,True,Sala B,False,Sala B,False,False,Sala B,False,True,True,True
2026-08-25 11:23:09,2026-08-25 11:23:08,614,2239514506,2026-08-25 11:23:09,server,c3:00:00:13:3b:b7,ESP-01,e1c3b0ec-858b-4f64-8818-e944ea254bdf,EST-B3-R4,static,B3,Corredor,-67,Sala B,junto_parede,Corredor,True,Sala B,False,Sala B,False,False,Sala B,False,False,True,True
2026-08-25 11:23:13,2026-08-25 11:23:12,71,2441852059,2026-08-25 11:23:13,server,c3:00:00:13:3b:b7,ESP-02,0511a415-d7ba-4feb-bf73-2e028e2aa09d,EST-B3-R4,static,B3,Sala A,-80,Sala B,junto_parede,Sala A,True,Sala B,False,Sala B,False,False,Sala B,False,False,True,True
2026-08-25 11:23:20,2026-08-25 11:23:19,667,1690126268,2026-08-25 11:23:20,server,c3:00:00:13:3b:b7,ESP-03,c9eac702-f6af-4156-a2d7-0bae2efae254,EST-B3-R4,static,B3,Sala B,-50,Sala B,junto_parede,Sala B,True,Sala B,False,Sala B,False,False,Sala B,False,True,True,True
2026-08-25 11:23:22,2026-08-25 11:23:21,615,2239514506,2026-08-25 11:23:22,server,c3:00:00:13:3b:b7,ESP-01,2b35271a-8713-43b7-9f0b-bce7c7f59c20,EST-B3-R4,static,B3,Corredor,-82,Sala B,junto_parede,Corredor,True,Sala B,False,Sala B,False,False,Sala B,False,False,True,True
2026-08-25 11:23:26,2026-08-25 11:23:25,72,2441852059,2026-08-25 11:23:26,server,c3:00:00:13:3b:b7,ESP-02,fd782d3d-efc8-4f8d-b256-527adb41bf4e,EST-B3-R4,static,B3,Sala A,-90,Sala B,junto_parede,Sala A,True,Sala B,False,Sala B,False,False,Sala B,False,False,True,True
2026-08-25 11:23:32,2026-08-25 11:23:32,668,1690126268,2026-08-25 11:23:32,server,c3:00:00:13:3b:b7,ESP-03,55b92a05-2c9b-4c42-a30b-48f1090889ac,EST-B3-R4,static,B3,Sala B,-50,Sala B,junto_parede,Sala B,True,Sala B,False,Sala B,False,False,Sala B,False,True,True,True
2026-08-25 11:23:34,2026-08-25 11:23:34,616,2239514506,2026-08-25 11:23:34,server,c3:00:00:13:3b:b7,ESP-01,4a09882d-9ee5-47ce-97dc-1e2d105669db,EST-B3-R4,static,B3,Corredor,-67,Sala B,junto_parede,Corredor,True,Sala B,False,Sala B,False,False,Sala B,False,False,True,True
2026-08-25 11:23:38,2026-08-25 11:23:38,73,2441852059,2026-08-25 11:23:38,server,c3:00:00:13:3b:b7,ESP-02,2699e760-8f3c-49b4-b138-8d37d630a81e,EST-B3-R4,static,B3,Sala A,-90,Sala B,junto_parede,Sala A,True,Sala B,False,Sala B,False,False,Sala B,False,False,True,True
2026-08-25 11:23:45,2026-08-25 11:23:44,669,1690126268,2026-08-25 11:23:45,server,c3:00:00:13:3b:b7,ESP-03,4086e72c-0216-4ed2-9e9e-358c68a25cf4,EST-B3-R4,static,B3,Sala B,-52,Sala B,junto_parede,Sala B,True,Sala B,False,Sala B,False,False,Sala B,False,True,True,True
2026-08-25 11:23:47,2026-08-25 11:23:46,617,2239514506,2026-08-25 11:23:47,server,c3:00:00:13:3b:b7,ESP-01,a0c0a558-7479-47ac-b9d0-d35b928e9df0,EST-B3-R4,static,B3,Corredor,-82,Sala B,junto_parede,Corredor,True,Sala B,False,Sala B,False,False,Sala B,False,False,True,True
2026-08-25 11:23:51,2026-08-25 11:23:50,74,2441852059,2026-08-25 11:23:51,server,c3:00:00:13:3b:b7,ESP-02,18dfc785-6182-4c05-9e0e-c84150dbf67d,EST-B3-R4,static,B3,Sala A,-89,Sala B,junto_parede,Sala A,True,Sala B,False,Sala B,False,False,Sala B,False,False,True,True
2026-08-25 11:24:10,2026-08-25 11:24:09,671,1690126268,2026-08-25 11:24:10,server,c3:00:00:13:3b:b7,ESP-03,0b69fe16-53e1-4743-9854-1e8a3d4d8c1d,EST-B3-R5,static,B3,Sala B,-53,Sala B,junto_parede,Sala B,True,Sala B,True,Sala B,True,False,,False,False,False,False
2026-08-25 11:24:12,2026-08-25 11:24:11,619,2239514506,2026-08-25 11:24:12,server,c3:00:00:13:3b:b7,ESP-01,b4e4e0af-0734-45ab-88a7-54e2b94ea876,EST-B3-R5,static,B3,Corredor,-67,Sala B,junto_parede,Corredor,True,Sala B,False,Sala B,False,False,,False,False,False,False
2026-08-25 11:24:16,2026-08-25 11:24:15,76,2441852059,2026-08-25 11:24:16,server,c3:00:00:13:3b:b7,ESP-02,6b0bd227-3591-439b-a37a-dc2fd4c53b8c,EST-B3-R5,static,B3,Sala A,-81,Sala B,junto_parede,Sala A,True,Sala B,False,Sala B,False,False,Sala B,True,False,True,True
2026-08-25 11:24:23,2026-08-25 11:24:22,672,1690126268,2026-08-25 11:24:23,server,c3:00:00:13:3b:b7,ESP-03,928c040b-c1e5-4c64-b21f-78ede771799b,EST-B3-R5,static,B3,Sala B,-50,Sala B,junto_parede,Sala B,True,Sala B,False,Sala B,False,False,Sala B,False,True,True,True
2026-08-25 11:24:25,2026-08-25 11:24:24,620,2239514506,2026-08-25 11:24:25,server,c3:00:00:13:3b:b7,ESP-01,c0a77abe-eb42-4b71-90b8-4989313b5b34,EST-B3-R5,static,B3,Corredor,-81,Sala B,junto_parede,Corredor,True,Sala B,False,Sala B,False,False,Sala B,False,False,True,True
2026-08-25 11:24:28,2026-08-25 11:24:27,77,2441852059,2026-08-25 11:24:28,server,c3:00:00:13:3b:b7,ESP-02,408a9785-e496-4c03-b370-c2bef0482d32,EST-B3-R5,static,B3,Sala A,-89,Sala B,junto_parede,Sala A,True,Sala B,False,Sala B,False,False,Sala B,False,False,True,True
2026-08-25 11:24:35,2026-08-25 11:24:35,673,1690126268,2026-08-25 11:24:35,server,c3:00:00:13:3b:b7,ESP-03,14499ca1-a05b-4fca-82d4-4488d0803983,EST-B3-R5,static,B3,Sala B,-52,Sala B,junto_parede,Sala B,True,Sala B,False,Sala B,False,False,Sala B,False,True,True,True
2026-08-25 11:24:37,2026-08-25 11:24:36,621,2239514506,2026-08-25 11:24:37,server,c3:00:00:13:3b:b7,ESP-01,f304e739-e85a-49a3-90ad-f3ab93ee0582,EST-B3-R5,static,B3,Corredor,-83,Sala B,junto_parede,Corredor,True,Sala B,False,Sala B,False,False,Sala B,False,False,True,True
2026-08-25 11:24:41,2026-08-25 11:24:40,78,2441852059,2026-08-25 11:24:41,server,c3:00:00:13:3b:b7,ESP-02,09babfdf-5581-4fff-b68a-9f9a60b1de44,EST-B3-R5,static,B3,Sala A,-82,Sala B,junto_parede,Sala A,True,Sala B,False,Sala B,False,False,Sala B,False,False,True,True
2026-08-25 11:24:48,2026-08-25 11:24:47,674,1690126268,2026-08-25 11:24:48,server,c3:00:00:13:3b:b7,ESP-03,6a2083c2-37f3-4458-b955-594c48db2116,EST-B3-R5,static,B3,Sala B,-50,Sala B,junto_parede,Sala B,True,Sala B,False,Sala B,False,False,Sala B,False,True,True,True
2026-08-25 11:24:50,2026-08-25 11:24:49,622,2239514506,2026-08-25 11:24:50,server,c3:00:00:13:3b:b7,ESP-01,2c85cd65-300d-4ce4-8c0e-40742252d276,EST-B3-R5,static,B3,Corredor,-82,Sala B,junto_parede,Corredor,True,Sala B,False,Sala B,False,False,Sala B,False,False,True,True
2026-08-25 11:24:54,2026-08-25 11:24:53,79,2441852059,2026-08-25 11:24:54,server,c3:00:00:13:3b:b7,ESP-02,c41d5bc2-569c-4721-86fb-fe3f3eda98e1,EST-B3-R5,static,B3,Sala A,-82,Sala B,junto_parede,Sala A,True,Sala B,False,Sala B,False,False,Sala B,False,False,True,True
2026-08-25 11:25:00,2026-08-25 11:25:00,675,1690126268,2026-08-25 11:25:00,server,c3:00:00:13:3b:b7,ESP-03,a10e93f8-4ce6-4c20-8222-63041bd467fc,EST-B3-R5,static,B3,Sala B,-64,Sala B,junto_parede,Sala B,True,Sala B,False,Sala B,False,False,Sala B,False,True,True,True
2026-08-25 11:25:02,2026-08-25 11:25:01,623,2239514506,2026-08-25 11:25:02,server,c3:00:00:13:3b:b7,ESP-01,0246440b-2f36-41b9-85fc-85c8d8f9cc4c,EST-B3-R5,static,B3,Corredor,-67,Sala B,junto_parede,Corredor,True,Sala B,False,Sala B,False,False,Sala B,False,False,True,True
2026-08-25 11:25:07,2026-08-25 11:25:06,80,2441852059,2026-08-25 11:25:07,server,c3:00:00:13:3b:b7,ESP-02,2298b5b7-745f-45da-9333-d7004389295d,EST-B3-R5,static,B3,Sala A,-83,Sala B,junto_parede,Sala A,True,Sala B,False,Sala B,False,False,Sala B,False,False,True,True
2026-08-25 10:19:37,2026-08-25 10:19:36,311,2239514506,2026-08-25 10:19:37,server,c3:00:00:13:3b:b7,ESP-01,d0bc3fd8-c2fe-4d99-b36d-a8a12c8570d5,EST-C1-R1,static,C1,Corredor,-64,,,Corredor,True,Corredor,True,Corredor,True,False,,False,False,False,False
2026-08-25 10:19:44,2026-08-25 10:19:43,364,1690126268,2026-08-25 10:19:44,server,c3:00:00:13:3b:b7,ESP-03,ef2e4b9b-ec37-40f9-8493-89fd890c6457,EST-C1-R1,static,C1,Sala B,-92,,,Sala B,True,Corredor,False,Corredor,False,False,,False,False,False,False
2026-08-25 10:19:47,2026-08-25 10:19:46,271,3069185015,2026-08-25 10:19:47,server,c3:00:00:13:3b:b7,ESP-02,cfd379c2-dccb-430e-993e-b2c15007b607,EST-C1-R1,static,C1,Sala A,-81,,,Sala A,True,Corredor,False,Corredor,False,False,Corredor,True,False,True,True
2026-08-25 10:19:50,2026-08-25 10:19:49,312,2239514506,2026-08-25 10:19:50,server,c3:00:00:13:3b:b7,ESP-01,ea35dd6a-a4bd-435d-a8cf-0c60197c2a6c,EST-C1-R1,static,C1,Corredor,-56,,,Corredor,True,Corredor,False,Corredor,False,False,Corredor,False,True,True,True
2026-08-25 10:19:57,2026-08-25 10:19:56,365,1690126268,2026-08-25 10:19:57,server,c3:00:00:13:3b:b7,ESP-03,c34a625d-8f55-4371-aaf5-f7f7aa5370bb,EST-C1-R1,static,C1,Sala B,-93,,,Sala B,True,Corredor,False,Corredor,False,False,Corredor,False,False,True,True
2026-08-25 10:19:59,2026-08-25 10:19:59,272,3069185015,2026-08-25 10:19:59,server,c3:00:00:13:3b:b7,ESP-02,0fa2d86b-5403-4524-b39b-92413e3ee539,EST-C1-R1,static,C1,Sala A,-85,,,Sala A,True,Corredor,False,Corredor,False,False,Corredor,False,False,True,True
2026-08-25 10:20:02,2026-08-25 10:20:01,313,2239514506,2026-08-25 10:20:02,server,c3:00:00:13:3b:b7,ESP-01,e384f58e-e0a4-4a57-9859-ab44f062eced,EST-C1-R1,static,C1,Corredor,-57,,,Corredor,True,Corredor,False,Corredor,False,False,Corredor,False,True,True,True
2026-08-25 10:20:10,2026-08-25 10:20:09,366,1690126268,2026-08-25 10:20:10,server,c3:00:00:13:3b:b7,ESP-03,35d4cd36-2328-496c-8160-4762c987e699,EST-C1-R1,static,C1,Sala B,-93,,,Sala B,True,Corredor,False,Corredor,False,False,Corredor,False,False,True,True
2026-08-25 10:20:14,2026-08-25 10:20:14,314,2239514506,2026-08-25 10:20:14,server,c3:00:00:13:3b:b7,ESP-01,928924ab-73f5-4f0d-ad35-fe3dded1ec31,EST-C1-R1,static,C1,Corredor,-67,Corredor,centro_sala,Corredor,True,Corredor,False,Corredor,False,False,Corredor,False,True,True,True
2026-08-25 10:20:15,2026-08-25 10:20:11,273,3069185015,2026-08-25 10:20:15,server,c3:00:00:13:3b:b7,ESP-02,a91c0b39-6d28-4749-b35d-0ea18dfc5237,EST-C1-R1,static,C1,Sala A,-85,Corredor,centro_sala,Sala A,True,Corredor,False,Corredor,False,False,Corredor,False,False,True,True
2026-08-25 10:20:22,2026-08-25 10:20:21,367,1690126268,2026-08-25 10:20:22,server,c3:00:00:13:3b:b7,ESP-03,d158d710-5d59-423d-ad23-69a1af3b98c7,EST-C1-R1,static,C1,Sala B,-89,Corredor,centro_sala,Sala B,True,Corredor,False,Corredor,False,False,Corredor,False,False,True,True
2026-08-25 10:20:27,2026-08-25 10:20:26,315,2239514506,2026-08-25 10:20:27,server,c3:00:00:13:3b:b7,ESP-01,0ece6ee2-bf77-4ff1-88dc-16f1eb837607,EST-C1-R1,static,C1,Corredor,-57,Corredor,centro_sala,Corredor,True,Corredor,False,Corredor,False,False,Corredor,False,True,True,True
2026-08-25 10:20:28,2026-08-25 10:20:27,274,3069185015,2026-08-25 10:20:28,server,c3:00:00:13:3b:b7,ESP-02,c465ff1c-cab8-4b4e-9e4d-881ccb4324d5,EST-C1-R1,static,C1,Sala A,-81,Corredor,centro_sala,Sala A,True,Corredor,False,Corredor,False,False,Corredor,False,False,True,True
2026-08-25 10:20:34,2026-08-25 10:20:33,368,1690126268,2026-08-25 10:20:34,server,c3:00:00:13:3b:b7,ESP-03,dbb93c13-bfb8-4750-a7a5-544734df145a,EST-C1-R1,static,C1,Sala B,-89,Corredor,centro_sala,Sala B,True,Corredor,False,Corredor,False,False,Corredor,False,False,True,True
2026-08-25 10:20:39,2026-08-25 10:20:39,316,2239514506,2026-08-25 10:20:39,server,c3:00:00:13:3b:b7,ESP-01,495f6903-1b48-45f2-a341-6da5eb1f76ca,EST-C1-R1,static,C1,Corredor,-65,Corredor,centro_sala,Corredor,True,Corredor,False,Corredor,False,False,Corredor,False,True,True,True
2026-08-25 10:20:40,2026-08-25 10:20:39,275,3069185015,2026-08-25 10:20:40,server,c3:00:00:13:3b:b7,ESP-02,ffe9c308-7aff-4398-9078-b2dc5a03f45b,EST-C1-R1,static,C1,Sala A,-82,Corredor,centro_sala,Sala A,True,Corredor,False,Corredor,False,False,Corredor,False,False,True,True
2026-08-25 10:20:46,2026-08-25 10:20:46,369,1690126268,2026-08-25 10:20:46,server,c3:00:00:13:3b:b7,ESP-03,643e813f-f1f3-4e42-983e-d0d359c6e2f4,EST-C1-R1,static,C1,Sala B,-93,Corredor,centro_sala,Sala B,True,Corredor,False,Corredor,False,False,Corredor,False,False,True,True
2026-08-25 10:20:52,2026-08-25 10:20:51,317,2239514506,2026-08-25 10:20:52,server,c3:00:00:13:3b:b7,ESP-01,95970c31-d241-4058-af9e-f7bc0f555422,EST-C1-R1,static,C1,Corredor,-65,Corredor,centro_sala,Corredor,True,Corredor,False,Corredor,False,False,Corredor,False,True,True,True
2026-08-25 10:20:52,2026-08-25 10:20:52,276,3069185015,2026-08-25 10:20:52,server,c3:00:00:13:3b:b7,ESP-02,62b08870-1e42-461e-9979-bee99f405bdf,EST-C1-R1,static,C1,Sala A,-89,Corredor,centro_sala,Sala A,True,Corredor,False,Corredor,False,False,Corredor,False,False,True,True
2026-08-25 10:20:59,2026-08-25 10:20:58,370,1690126268,2026-08-25 10:20:59,server,c3:00:00:13:3b:b7,ESP-03,1ed829a1-f626-4c94-aee2-cd96cb20b1ba,EST-C1-R1,static,C1,Sala B,-88,Corredor,centro_sala,Sala B,True,Corredor,False,Corredor,False,False,Corredor,False,False,True,True
2026-08-25 10:21:04,2026-08-25 10:21:04,318,2239514506,2026-08-25 10:21:04,server,c3:00:00:13:3b:b7,ESP-01,45502a23-b01c-4fbd-9519-b963c64d8d1e,EST-C1-R1,static,C1,Corredor,-56,Corredor,centro_sala,Corredor,True,Corredor,False,Corredor,False,False,Corredor,False,True,True,True
2026-08-25 10:21:05,2026-08-25 10:21:04,277,3069185015,2026-08-25 10:21:05,server,c3:00:00:13:3b:b7,ESP-02,02af512c-67a9-4f0b-80dc-6cb185926233,EST-C1-R1,static,C1,Sala A,-94,Corredor,centro_sala,Sala A,True,Corredor,False,Corredor,False,False,Corredor,False,False,True,True
2026-08-25 10:21:11,2026-08-25 10:21:10,371,1690126268,2026-08-25 10:21:11,server,c3:00:00:13:3b:b7,ESP-03,e141d267-7b4d-4dc0-97ce-a1e8ad821069,EST-C1-R1,static,C1,Sala B,-95,Corredor,centro_sala,Sala B,True,Corredor,False,Corredor,False,False,Corredor,False,False,True,True
2026-08-25 10:21:17,2026-08-25 10:21:16,319,2239514506,2026-08-25 10:21:17,server,c3:00:00:13:3b:b7,ESP-01,d4e24d72-f854-445d-8b17-b50f5626e946,EST-C1-R1,static,C1,Corredor,-66,Corredor,centro_sala,Corredor,True,Corredor,False,Corredor,False,False,Corredor,False,True,True,True
2026-08-25 10:21:17,2026-08-25 10:21:16,278,3069185015,2026-08-25 10:21:17,server,c3:00:00:13:3b:b7,ESP-02,f1b93b1a-9dda-4edf-bb4f-52f34bc4e5d6,EST-C1-R1,static,C1,Sala A,-87,Corredor,centro_sala,Sala A,True,Corredor,False,Corredor,False,False,Corredor,False,False,True,True
2026-08-25 10:21:24,2026-08-25 10:21:23,372,1690126268,2026-08-25 10:21:24,server,c3:00:00:13:3b:b7,ESP-03,555bfb08-3436-41c5-aa30-8ab79aeb7932,EST-C1-R1,static,C1,Sala B,-92,Corredor,centro_sala,Sala B,True,Corredor,False,Corredor,False,False,Corredor,False,False,True,True
2026-08-25 10:21:36,2026-08-25 10:21:35,373,1690126268,2026-08-25 10:21:36,server,c3:00:00:13:3b:b7,ESP-03,7ec96e3f-6e0c-40ed-a983-c7c96b1a716f,EST-C1-R2,static,C1,Sala B,-88,,,Sala B,True,Sala B,True,Sala B,True,False,,False,False,False,False
2026-08-25 10:21:42,2026-08-25 10:21:41,321,2239514506,2026-08-25 10:21:42,server,c3:00:00:13:3b:b7,ESP-01,b31d11e8-fa02-44e5-807e-06b7758962c8,EST-C1-R2,static,C1,Corredor,-55,Corredor,centro_sala,Corredor,True,Corredor,True,Corredor,True,False,,False,False,False,False
2026-08-25 10:21:42,2026-08-25 10:21:41,280,3069185015,2026-08-25 10:21:42,server,c3:00:00:13:3b:b7,ESP-02,80070ef6-7bba-46f9-a752-bf7faf10ee0e,EST-C1-R2,static,C1,Sala A,-84,Corredor,centro_sala,Sala A,True,Corredor,False,Corredor,False,False,,False,False,False,False
2026-08-25 10:21:48,2026-08-25 10:21:48,374,1690126268,2026-08-25 10:21:48,server,c3:00:00:13:3b:b7,ESP-03,4e3038de-412d-463c-9884-932995a6b35c,EST-C1-R2,static,C1,Sala B,-93,Corredor,centro_sala,Sala B,True,Corredor,False,Corredor,False,False,Corredor,True,False,True,True
2026-08-25 10:21:55,2026-08-25 10:21:54,322,2239514506,2026-08-25 10:21:55,server,c3:00:00:13:3b:b7,ESP-01,83c3f6fc-ea08-4f77-9b61-b090d7d60769,EST-C1-R2,static,C1,Corredor,-65,Corredor,centro_sala,Corredor,True,Corredor,False,Corredor,False,False,Corredor,False,True,True,True
2026-08-25 10:21:55,2026-08-25 10:21:54,281,3069185015,2026-08-25 10:21:55,server,c3:00:00:13:3b:b7,ESP-02,6c4a2014-c1ae-4ebd-89c8-b2fbfd48081a,EST-C1-R2,static,C1,Sala A,-82,Corredor,centro_sala,Sala A,True,Corredor,False,Corredor,False,False,Corredor,False,False,True,True
2026-08-25 10:22:01,2026-08-25 10:22:00,375,1690126268,2026-08-25 10:22:01,server,c3:00:00:13:3b:b7,ESP-03,4cdd6bd7-c5c9-4a12-9219-653f2e5a1faf,EST-C1-R2,static,C1,Sala B,-93,Corredor,centro_sala,Sala B,True,Corredor,False,Corredor,False,False,Corredor,False,False,True,True
2026-08-25 10:22:07,2026-08-25 10:22:06,282,3069185015,2026-08-25 10:22:07,server,c3:00:00:13:3b:b7,ESP-02,ae96810a-da40-4f15-8ff1-d813ecd45f40,EST-C1-R2,static,C1,Sala A,-78,Corredor,centro_sala,Sala A,True,Corredor,False,Corredor,False,False,Corredor,False,False,True,True
2026-08-25 10:22:07,2026-08-25 10:22:07,323,2239514506,2026-08-25 10:22:07,server,c3:00:00:13:3b:b7,ESP-01,e2930210-d47e-494f-8e61-cbc9acf6781a,EST-C1-R2,static,C1,Corredor,-58,Corredor,centro_sala,Corredor,True,Corredor,False,Corredor,False,False,Corredor,False,True,True,True
2026-08-25 10:22:14,2026-08-25 10:22:13,376,1690126268,2026-08-25 10:22:14,server,c3:00:00:13:3b:b7,ESP-03,804a1f35-981e-4bd1-9c74-383400abef5d,EST-C1-R2,static,C1,Sala B,-91,Corredor,centro_sala,Sala B,True,Corredor,False,Corredor,False,False,Corredor,False,False,True,True
2026-08-25 10:22:19,2026-08-25 10:22:18,283,3069185015,2026-08-25 10:22:19,server,c3:00:00:13:3b:b7,ESP-02,baddf1dc-a22a-47e7-8d5d-ae6ded2e79e9,EST-C1-R2,static,C1,Sala A,-80,Corredor,centro_sala,Sala A,True,Corredor,False,Corredor,False,False,Corredor,False,False,True,True
2026-08-25 10:22:20,2026-08-25 10:22:19,324,2239514506,2026-08-25 10:22:20,server,c3:00:00:13:3b:b7,ESP-01,43911a4a-b900-41ee-bbc4-231655835ed3,EST-C1-R2,static,C1,Corredor,-64,Corredor,centro_sala,Corredor,True,Corredor,False,Corredor,False,False,Corredor,False,True,True,True
2026-08-25 10:22:26,2026-08-25 10:22:25,377,1690126268,2026-08-25 10:22:26,server,c3:00:00:13:3b:b7,ESP-03,e30f6c93-8ced-434c-94df-17902278a2a6,EST-C1-R2,static,C1,Sala B,-87,Corredor,centro_sala,Sala B,True,Corredor,False,Corredor,False,False,Corredor,False,False,True,True
2026-08-25 10:22:32,2026-08-25 10:22:31,284,3069185015,2026-08-25 10:22:32,server,c3:00:00:13:3b:b7,ESP-02,1551d4a3-ac8a-444b-ac38-b4e8320d02a3,EST-C1-R2,static,C1,Sala A,-87,Corredor,centro_sala,Sala A,True,Corredor,False,Corredor,False,False,Corredor,False,False,True,True
2026-08-25 10:22:32,2026-08-25 10:22:32,325,2239514506,2026-08-25 10:22:32,server,c3:00:00:13:3b:b7,ESP-01,90acc704-8751-4d16-9b3b-11dfa5f09a01,EST-C1-R2,static,C1,Corredor,-62,Corredor,centro_sala,Corredor,True,Corredor,False,Corredor,False,False,Corredor,False,True,True,True
2026-08-25 10:22:39,2026-08-25 10:22:38,378,1690126268,2026-08-25 10:22:39,server,c3:00:00:13:3b:b7,ESP-03,f82960d1-6f4c-4a94-be0f-63a7747486ff,EST-C1-R2,static,C1,Sala B,-86,Corredor,centro_sala,Sala B,True,Corredor,False,Corredor,False,False,Corredor,False,False,True,True
2026-08-25 10:22:44,2026-08-25 10:22:43,285,3069185015,2026-08-25 10:22:44,server,c3:00:00:13:3b:b7,ESP-02,d399a0ce-8525-4e2a-8ff3-fb20d92554da,EST-C1-R2,static,C1,Sala A,-95,Corredor,centro_sala,Sala A,True,Corredor,False,Corredor,False,False,Corredor,False,False,True,True
2026-08-25 10:22:45,2026-08-25 10:22:44,326,2239514506,2026-08-25 10:22:45,server,c3:00:00:13:3b:b7,ESP-01,87221297-24cd-410f-996b-aae2ad7b5f36,EST-C1-R2,static,C1,Corredor,-56,Corredor,centro_sala,Corredor,True,Corredor,False,Corredor,False,False,Corredor,False,True,True,True
2026-08-25 10:23:10,2026-08-25 10:23:09,287,3069185015,2026-08-25 10:23:10,server,c3:00:00:13:3b:b7,ESP-02,af325d44-d2da-4aa8-bfb8-fbe3abfc88b5,EST-C1-R3,static,C1,Sala A,-84,Corredor,centro_sala,Sala A,True,Sala A,True,Sala A,True,False,,False,False,False,False
2026-08-25 10:23:10,2026-08-25 10:23:10,328,2239514506,2026-08-25 10:23:10,server,c3:00:00:13:3b:b7,ESP-01,42532fd8-3550-42dc-9437-0fd2d5996e6d,EST-C1-R3,static,C1,Corredor,-55,Corredor,centro_sala,Corredor,True,Corredor,True,Corredor,True,False,,False,False,False,False
2026-08-25 10:23:16,2026-08-25 10:23:15,381,1690126268,2026-08-25 10:23:16,server,c3:00:00:13:3b:b7,ESP-03,3860fa5b-a8fc-491e-8144-370ce57773de,EST-C1-R3,static,C1,Sala B,-91,Corredor,centro_sala,Sala B,True,Corredor,False,Corredor,False,False,,False,False,False,False
2026-08-25 10:23:22,2026-08-25 10:23:21,288,3069185015,2026-08-25 10:23:22,server,c3:00:00:13:3b:b7,ESP-02,61b59f90-8acc-41a3-a974-ce1a982e650a,EST-C1-R3,static,C1,Sala A,-90,Corredor,centro_sala,Sala A,True,Corredor,False,Corredor,False,False,Corredor,True,False,True,True
2026-08-25 10:23:23,2026-08-25 10:23:22,329,2239514506,2026-08-25 10:23:23,server,c3:00:00:13:3b:b7,ESP-01,8d513244-6d14-4b69-bf82-c8dae74cd0ee,EST-C1-R3,static,C1,Corredor,-65,Corredor,centro_sala,Corredor,True,Corredor,False,Corredor,False,False,Corredor,False,True,True,True
2026-08-25 10:23:29,2026-08-25 10:23:28,382,1690126268,2026-08-25 10:23:29,server,c3:00:00:13:3b:b7,ESP-03,15bc4120-6165-4471-b462-6d12e27887f7,EST-C1-R3,static,C1,Sala B,-84,Corredor,centro_sala,Sala B,True,Corredor,False,Corredor,False,False,Corredor,False,False,True,True
2026-08-25 10:23:34,2026-08-25 10:23:34,289,3069185015,2026-08-25 10:23:34,server,c3:00:00:13:3b:b7,ESP-02,be2e5104-bfbd-4dfa-a92c-81234477ef57,EST-C1-R3,static,C1,Sala A,-87,Corredor,centro_sala,Sala A,True,Corredor,False,Corredor,False,False,Corredor,False,False,True,True
2026-08-25 10:23:35,2026-08-25 10:23:35,330,2239514506,2026-08-25 10:23:35,server,c3:00:00:13:3b:b7,ESP-01,3688f5eb-bf42-4b8b-ae06-66782ed3df22,EST-C1-R3,static,C1,Corredor,-63,Corredor,centro_sala,Corredor,True,Corredor,False,Corredor,False,False,Corredor,False,True,True,True
2026-08-25 10:23:42,2026-08-25 10:23:41,383,1690126268,2026-08-25 10:23:42,server,c3:00:00:13:3b:b7,ESP-03,13d93bb4-a23d-4bb6-ab5e-42bf0c62f839,EST-C1-R3,static,C1,Sala B,-86,Corredor,centro_sala,Sala B,True,Corredor,False,Corredor,False,False,Corredor,False,False,True,True
2026-08-25 10:23:47,2026-08-25 10:23:46,290,3069185015,2026-08-25 10:23:47,server,c3:00:00:13:3b:b7,ESP-02,b774176b-14c8-4897-9bee-e6a2651bf4d9,EST-C1-R3,static,C1,Sala A,-81,Corredor,centro_sala,Sala A,True,Corredor,False,Corredor,False,False,Corredor,False,False,True,True
2026-08-25 10:23:48,2026-08-25 10:23:47,331,2239514506,2026-08-25 10:23:48,server,c3:00:00:13:3b:b7,ESP-01,d852bb1b-c4b3-41e4-b1d0-b40b7754cb8d,EST-C1-R3,static,C1,Corredor,-63,Corredor,centro_sala,Corredor,True,Corredor,False,Corredor,False,False,Corredor,False,True,True,True
2026-08-25 10:23:54,2026-08-25 10:23:54,384,1690126268,2026-08-25 10:23:54,server,c3:00:00:13:3b:b7,ESP-03,0fae1f45-a9db-4595-bbc4-19fefff203fe,EST-C1-R3,static,C1,Sala B,-86,Corredor,centro_sala,Sala B,True,Corredor,False,Corredor,False,False,Corredor,False,False,True,True
2026-08-25 10:24:00,2026-08-25 10:23:59,291,3069185015,2026-08-25 10:24:00,server,c3:00:00:13:3b:b7,ESP-02,3d01e4ce-5b45-4580-b577-1ea76eb8c06d,EST-C1-R3,static,C1,Sala A,-86,Corredor,centro_sala,Sala A,True,Corredor,False,Corredor,False,False,Corredor,False,False,True,True
2026-08-25 10:24:01,2026-08-25 10:24:00,332,2239514506,2026-08-25 10:24:01,server,c3:00:00:13:3b:b7,ESP-01,0131b396-a2bb-4584-a1fb-8ec870984ca4,EST-C1-R3,static,C1,Corredor,-66,Corredor,centro_sala,Corredor,True,Corredor,False,Corredor,False,False,Corredor,False,True,True,True
2026-08-25 10:24:07,2026-08-25 10:24:06,385,1690126268,2026-08-25 10:24:07,server,c3:00:00:13:3b:b7,ESP-03,3dac079f-3b5b-4390-9ac6-a381a376d401,EST-C1-R3,static,C1,Sala B,-91,Corredor,centro_sala,Sala B,True,Corredor,False,Corredor,False,False,Corredor,False,False,True,True
2026-08-25 10:24:12,2026-08-25 10:24:11,292,3069185015,2026-08-25 10:24:12,server,c3:00:00:13:3b:b7,ESP-02,87d2d954-b11c-4d37-bdf5-eb1e4ee5f951,EST-C1-R3,static,C1,Sala A,-88,Corredor,centro_sala,Sala A,True,Corredor,False,Corredor,False,False,Corredor,False,False,True,True
2026-08-25 10:24:13,2026-08-25 10:24:13,333,2239514506,2026-08-25 10:24:13,server,c3:00:00:13:3b:b7,ESP-01,9530ca49-4e05-42c3-acc9-30e726921694,EST-C1-R3,static,C1,Corredor,-65,Corredor,centro_sala,Corredor,True,Corredor,False,Corredor,False,False,Corredor,False,True,True,True
2026-08-25 10:24:32,2026-08-25 10:24:31,387,1690126268,2026-08-25 10:24:32,server,c3:00:00:13:3b:b7,ESP-03,6780b522-44d3-436e-b798-0de06ba8fb53,EST-C1-R4,static,C1,Sala B,-87,,,Sala B,True,Sala B,True,Sala B,True,False,,False,False,False,False
2026-08-25 10:24:37,2026-08-25 10:24:36,294,3069185015,2026-08-25 10:24:37,server,c3:00:00:13:3b:b7,ESP-02,19fe04c5-b8cd-456c-9e58-46540c737375,EST-C1-R4,static,C1,Sala A,-79,Corredor,centro_sala,Sala A,True,Sala A,True,Sala A,True,False,,False,False,False,False
2026-08-25 10:24:38,2026-08-25 10:24:38,335,2239514506,2026-08-25 10:24:38,server,c3:00:00:13:3b:b7,ESP-01,7d22df63-6dc5-40f3-95fe-4795b1d0c44f,EST-C1-R4,static,C1,Corredor,-63,Corredor,centro_sala,Corredor,True,Corredor,True,Corredor,True,False,,False,False,False,False
2026-08-25 10:24:44,2026-08-25 10:24:44,388,1690126268,2026-08-25 10:24:44,server,c3:00:00:13:3b:b7,ESP-03,0aa111a3-4474-4004-9a80-ad83cb5820bd,EST-C1-R4,static,C1,Sala B,-87,Corredor,centro_sala,Sala B,True,Corredor,False,Corredor,False,False,,False,False,False,False
2026-08-25 10:24:51,2026-08-25 10:24:50,336,2239514506,2026-08-25 10:24:51,server,c3:00:00:13:3b:b7,ESP-01,6c44d282-df1b-40ba-9c80-72e3eb53a627,EST-C1-R4,static,C1,Corredor,-64,Corredor,centro_sala,Corredor,True,Corredor,False,Corredor,False,False,Corredor,True,True,True,True
2026-08-25 10:24:52,2026-08-25 10:24:49,295,3069185015,2026-08-25 10:24:52,server,c3:00:00:13:3b:b7,ESP-02,4ed8fdc4-98a5-46db-9c8e-fdb009e4962c,EST-C1-R4,static,C1,Sala A,-85,Corredor,centro_sala,Sala A,True,Corredor,False,Corredor,False,False,Corredor,False,False,True,True
2026-08-25 10:24:57,2026-08-25 10:24:56,389,1690126268,2026-08-25 10:24:57,server,c3:00:00:13:3b:b7,ESP-03,0dee6ce1-3a42-47b7-9060-ec7d2b90c47a,EST-C1-R4,static,C1,Sala B,-89,Corredor,centro_sala,Sala B,True,Corredor,False,Corredor,False,False,Corredor,False,False,True,True
2026-08-25 10:25:03,2026-08-25 10:25:02,337,2239514506,2026-08-25 10:25:03,server,c3:00:00:13:3b:b7,ESP-01,9d5cfcc8-b3f6-4d68-9045-1d20068d4e11,EST-C1-R4,static,C1,Corredor,-62,Corredor,centro_sala,Corredor,True,Corredor,False,Corredor,False,False,Corredor,False,True,True,True
2026-08-25 10:25:05,2026-08-25 10:25:04,296,3069185015,2026-08-25 10:25:05,server,c3:00:00:13:3b:b7,ESP-02,f869ff69-8162-4acb-889e-eeb25b39c2c4,EST-C1-R4,static,C1,Sala A,-79,Corredor,centro_sala,Sala A,True,Corredor,False,Corredor,False,False,Corredor,False,False,True,True
2026-08-25 10:25:09,2026-08-25 10:25:08,390,1690126268,2026-08-25 10:25:09,server,c3:00:00:13:3b:b7,ESP-03,44c7b2c2-6e69-4ac7-8889-cebdf60957bb,EST-C1-R4,static,C1,Sala B,-85,Corredor,centro_sala,Sala B,True,Corredor,False,Corredor,False,False,Corredor,False,False,True,True
2026-08-25 10:25:15,2026-08-25 10:25:15,338,2239514506,2026-08-25 10:25:15,server,c3:00:00:13:3b:b7,ESP-01,ce075802-6705-4a29-8311-f4ae518a804c,EST-C1-R4,static,C1,Corredor,-64,Corredor,centro_sala,Corredor,True,Corredor,False,Corredor,False,False,Corredor,False,True,True,True
2026-08-25 10:25:18,2026-08-25 10:25:17,297,3069185015,2026-08-25 10:25:18,server,c3:00:00:13:3b:b7,ESP-02,11259bc5-c8cf-43f3-96c6-e7dd4c4da8c0,EST-C1-R4,static,C1,Sala A,-81,Corredor,centro_sala,Sala A,True,Corredor,False,Corredor,False,False,Corredor,False,False,True,True
2026-08-25 10:25:21,2026-08-25 10:25:21,391,1690126268,2026-08-25 10:25:21,server,c3:00:00:13:3b:b7,ESP-03,4ea9ec37-278e-42f1-87d8-e500cbd28622,EST-C1-R4,static,C1,Sala B,-84,Corredor,centro_sala,Sala B,True,Corredor,False,Corredor,False,False,Corredor,False,False,True,True
2026-08-25 10:25:28,2026-08-25 10:25:27,339,2239514506,2026-08-25 10:25:28,server,c3:00:00:13:3b:b7,ESP-01,4bf8162f-35aa-4643-9614-3a03f71be574,EST-C1-R4,static,C1,Corredor,-63,Corredor,centro_sala,Corredor,True,Corredor,False,Corredor,False,False,Corredor,False,True,True,True
2026-08-25 10:25:30,2026-08-25 10:25:29,298,3069185015,2026-08-25 10:25:30,server,c3:00:00:13:3b:b7,ESP-02,bc90f622-07d8-45c4-9dc3-c3d7f7781a81,EST-C1-R4,static,C1,Sala A,-96,Corredor,centro_sala,Sala A,True,Corredor,False,Corredor,False,False,Corredor,False,False,True,True
2026-08-25 10:25:34,2026-08-25 10:25:33,392,1690126268,2026-08-25 10:25:34,server,c3:00:00:13:3b:b7,ESP-03,7224c69e-a465-4cb1-a168-a6cc321fe876,EST-C1-R4,static,C1,Sala B,-90,Corredor,centro_sala,Sala B,True,Corredor,False,Corredor,False,False,Corredor,False,False,True,True
2026-08-25 10:25:40,2026-08-25 10:25:39,340,2239514506,2026-08-25 10:25:40,server,c3:00:00:13:3b:b7,ESP-01,727ef6f5-3da5-4600-a435-4f04e4d5e09a,EST-C1-R4,static,C1,Corredor,-62,Corredor,centro_sala,Corredor,True,Corredor,False,Corredor,False,False,Corredor,False,True,True,True
2026-08-25 10:25:43,2026-08-25 10:25:42,299,3069185015,2026-08-25 10:25:43,server,c3:00:00:13:3b:b7,ESP-02,e9b99d5c-3939-4079-a2ce-32756c331017,EST-C1-R4,static,C1,Sala A,-86,Corredor,centro_sala,Sala A,True,Corredor,False,Corredor,False,False,Corredor,False,False,True,True
2026-08-25 10:26:05,2026-08-25 10:26:04,342,2239514506,2026-08-25 10:26:05,server,c3:00:00:13:3b:b7,ESP-01,8854be74-9cbe-4121-bd7d-7782b8f4234e,EST-C1-R5,static,C1,Corredor,-56,Corredor,centro_sala,Corredor,True,Corredor,True,Corredor,True,False,,False,False,False,False
2026-08-25 10:26:08,2026-08-25 10:26:07,301,3069185015,2026-08-25 10:26:08,server,c3:00:00:13:3b:b7,ESP-02,e6691c64-7c5e-41e6-a8ee-5ece834ffa36,EST-C1-R5,static,C1,Sala A,-89,Corredor,centro_sala,Sala A,True,Corredor,False,Corredor,False,False,,False,False,False,False
2026-08-25 10:26:12,2026-08-25 10:26:11,395,1690126268,2026-08-25 10:26:12,server,c3:00:00:13:3b:b7,ESP-03,82f1814f-f156-4404-a1d7-4a5954ccf6c0,EST-C1-R5,static,C1,Sala B,-90,Corredor,centro_sala,Sala B,True,Corredor,False,Corredor,False,False,Corredor,True,False,True,True
2026-08-25 10:26:18,2026-08-25 10:26:17,343,2239514506,2026-08-25 10:26:18,server,c3:00:00:13:3b:b7,ESP-01,3d251532-0678-4b2d-b5ef-2c86c61982ed,EST-C1-R5,static,C1,Corredor,-63,Corredor,centro_sala,Corredor,True,Corredor,False,Corredor,False,False,Corredor,False,True,True,True
2026-08-25 10:26:20,2026-08-25 10:26:20,302,3069185015,2026-08-25 10:26:20,server,c3:00:00:13:3b:b7,ESP-02,ec435f94-0c3f-4eff-b942-ecefc5ce83af,EST-C1-R5,static,C1,Sala A,-80,Corredor,centro_sala,Sala A,True,Corredor,False,Corredor,False,False,Corredor,False,False,True,True
2026-08-25 10:26:24,2026-08-25 10:26:24,396,1690126268,2026-08-25 10:26:24,server,c3:00:00:13:3b:b7,ESP-03,15549651-ef5e-422c-8451-5e767754b60f,EST-C1-R5,static,C1,Sala B,-85,Corredor,centro_sala,Sala B,True,Corredor,False,Corredor,False,False,Corredor,False,False,True,True
2026-08-25 10:26:30,2026-08-25 10:26:29,344,2239514506,2026-08-25 10:26:30,server,c3:00:00:13:3b:b7,ESP-01,f9791791-b11c-474e-a1d2-61aa044eecba,EST-C1-R5,static,C1,Corredor,-56,Corredor,centro_sala,Corredor,True,Corredor,False,Corredor,False,False,Corredor,False,True,True,True
2026-08-25 10:26:36,2026-08-25 10:26:32,303,3069185015,2026-08-25 10:26:36,server,c3:00:00:13:3b:b7,ESP-02,bec6d786-e554-4dfd-9210-b6a60a981725,EST-C1-R5,static,C1,Sala A,-92,Corredor,centro_sala,Sala A,True,Corredor,False,Corredor,False,False,Corredor,False,False,True,True
2026-08-25 10:26:37,2026-08-25 10:26:36,397,1690126268,2026-08-25 10:26:37,server,c3:00:00:13:3b:b7,ESP-03,e9ff3f5c-9d52-425e-adee-1549751a2b72,EST-C1-R5,static,C1,Sala B,-90,Corredor,centro_sala,Sala B,True,Corredor,False,Corredor,False,False,Corredor,False,False,True,True
2026-08-25 10:26:43,2026-08-25 10:26:42,345,2239514506,2026-08-25 10:26:43,server,c3:00:00:13:3b:b7,ESP-01,4045e656-97de-4175-91e1-1431f852528b,EST-C1-R5,static,C1,Corredor,-57,Corredor,centro_sala,Corredor,True,Corredor,False,Corredor,False,False,Corredor,False,True,True,True
2026-08-25 10:26:49,2026-08-25 10:26:48,304,3069185015,2026-08-25 10:26:49,server,c3:00:00:13:3b:b7,ESP-02,371c548b-5f7b-4c65-8a21-1315bdfb9b5f,EST-C1-R5,static,C1,Sala A,-79,Corredor,centro_sala,Sala A,True,Corredor,False,Corredor,False,False,Corredor,False,False,True,True
2026-08-25 10:26:49,2026-08-25 10:26:49,398,1690126268,2026-08-25 10:26:49,server,c3:00:00:13:3b:b7,ESP-03,46e48238-0b03-4a07-ac7e-ba6d4a917934,EST-C1-R5,static,C1,Sala B,-86,Corredor,centro_sala,Sala B,True,Corredor,False,Corredor,False,False,Corredor,False,False,True,True
2026-08-25 10:26:55,2026-08-25 10:26:54,346,2239514506,2026-08-25 10:26:55,server,c3:00:00:13:3b:b7,ESP-01,2c50a6e8-ebe2-4aa0-a773-1a7e9af868ff,EST-C1-R5,static,C1,Corredor,-55,Corredor,centro_sala,Corredor,True,Corredor,False,Corredor,False,False,Corredor,False,True,True,True
2026-08-25 10:27:01,2026-08-25 10:27:01,305,3069185015,2026-08-25 10:27:01,server,c3:00:00:13:3b:b7,ESP-02,c5fc6d64-074e-413d-a699-f319bc9c0469,EST-C1-R5,static,C1,Sala A,-80,Corredor,centro_sala,Sala A,True,Corredor,False,Corredor,False,False,Corredor,False,False,True,True
2026-08-25 10:27:02,2026-08-25 10:27:01,399,1690126268,2026-08-25 10:27:02,server,c3:00:00:13:3b:b7,ESP-03,d0a0af83-9f50-49d4-a18b-c2d2aecb2237,EST-C1-R5,static,C1,Sala B,-89,Corredor,centro_sala,Sala B,True,Corredor,False,Corredor,False,False,Corredor,False,False,True,True
2026-08-25 10:27:07,2026-08-25 10:27:07,347,2239514506,2026-08-25 10:27:07,server,c3:00:00:13:3b:b7,ESP-01,80cad77c-2f6c-4f13-9a81-ffc2487e7494,EST-C1-R5,static,C1,Corredor,-56,Corredor,centro_sala,Corredor,True,Corredor,False,Corredor,False,False,Corredor,False,True,True,True
2026-08-25 10:28:17,2026-08-25 10:28:16,405,1690126268,2026-08-25 10:28:17,server,c3:00:00:13:3b:b7,ESP-03,0b30e904-8c7a-4ca7-b079-50d4e2b6d809,EST-C2-R1,static,C2,Sala B,-93,,,Sala B,True,Sala B,True,Sala B,True,False,,False,False,False,False
2026-08-25 10:28:21,2026-08-25 10:28:03,310,3069185015,2026-08-25 10:28:21,server,c3:00:00:13:3b:b7,ESP-02,4e2dd641-f29c-49da-bd4f-251539b43878,EST-C2-R1,static,C2,Sala A,-69,,,Sala A,True,Sala A,True,Sala A,True,False,,False,False,False,False
2026-08-25 10:28:22,2026-08-25 10:28:21,353,2239514506,2026-08-25 10:28:22,server,c3:00:00:13:3b:b7,ESP-01,dbc8a501-e750-42b0-a47f-d76b1f65283b,EST-C2-R1,static,C2,Corredor,-82,,,Corredor,True,Sala A,False,Sala A,False,False,,False,False,False,False
2026-08-25 10:28:30,2026-08-25 10:28:29,406,1690126268,2026-08-25 10:28:30,server,c3:00:00:13:3b:b7,ESP-03,7f7545f6-19ef-4729-8f30-1bb20aa52b4b,EST-C2-R1,static,C2,Sala B,-91,,,Sala B,True,Sala A,False,Sala A,False,False,Sala A,True,False,True,True
2026-08-25 10:28:35,2026-08-25 10:28:34,354,2239514506,2026-08-25 10:28:35,server,c3:00:00:13:3b:b7,ESP-01,227929b3-ddb4-46a2-b10a-a31046d8dac0,EST-C2-R1,static,C2,Corredor,-74,,,Corredor,True,Sala A,False,Sala A,False,False,Sala A,False,False,True,True
2026-08-25 10:28:38,2026-08-25 10:28:36,313,3069185015,2026-08-25 10:28:38,server,c3:00:00:13:3b:b7,ESP-02,043c76f0-f0b8-4445-b67d-9beb06ea1f81,EST-C2-R1,static,C2,Sala A,-78,,,Sala A,True,Sala A,False,Sala A,False,False,Sala A,False,True,True,True
2026-08-25 10:28:43,2026-08-25 10:28:42,407,1690126268,2026-08-25 10:28:43,server,c3:00:00:13:3b:b7,ESP-03,79a6435c-3e16-47fd-9441-3827da9cd500,EST-C2-R1,static,C2,Sala B,-93,,,Sala B,True,Sala A,False,Sala A,False,False,Sala A,False,False,True,True
2026-08-25 10:28:47,2026-08-25 10:28:47,355,2239514506,2026-08-25 10:28:47,server,c3:00:00:13:3b:b7,ESP-01,eeeb94f0-ed9b-4702-88e7-35535f01f955,EST-C2-R1,static,C2,Corredor,-83,,,Corredor,True,Sala A,False,Sala A,False,False,Sala A,False,False,True,True
2026-08-25 10:28:53,2026-08-25 10:28:50,314,3069185015,2026-08-25 10:28:53,server,c3:00:00:13:3b:b7,ESP-02,ed5fbe31-e188-4fce-b11a-445dd92ee789,EST-C2-R1,static,C2,Sala A,-32,,,Sala A,True,Sala A,False,Sala A,False,False,Sala A,False,True,True,True
2026-08-25 10:28:55,2026-08-25 10:28:54,408,1690126268,2026-08-25 10:28:55,server,c3:00:00:13:3b:b7,ESP-03,ef17560c-481b-4600-a62b-cd0a9bfc4c5f,EST-C2-R1,static,C2,Sala B,-91,,,Sala B,True,Sala A,False,Sala A,False,False,Sala A,False,False,True,True
2026-08-25 10:29:00,2026-08-25 10:28:59,356,2239514506,2026-08-25 10:29:00,server,c3:00:00:13:3b:b7,ESP-01,de2dde2a-bc4c-40ca-958a-142bbb6875ca,EST-C2-R1,static,C2,Corredor,-71,,,Corredor,True,Sala A,False,Sala A,False,False,Sala A,False,False,True,True
2026-08-25 10:29:07,2026-08-25 10:29:07,409,1690126268,2026-08-25 10:29:07,server,c3:00:00:13:3b:b7,ESP-03,8a27e3f2-ffc6-4ba1-9b1c-316b7c1278ae,EST-C2-R1,static,C2,Sala B,-93,,,Sala B,True,Sala A,False,Sala A,False,False,Sala A,False,False,True,True
2026-08-25 10:29:13,2026-08-25 10:29:12,357,2239514506,2026-08-25 10:29:13,server,c3:00:00:13:3b:b7,ESP-01,a603095e-8758-458a-8e36-6b4ad804e5cf,EST-C2-R1,static,C2,Corredor,-73,,,Corredor,True,Sala A,False,Sala A,False,False,Sala A,False,False,True,True
2026-08-25 10:29:20,2026-08-25 10:29:19,410,1690126268,2026-08-25 10:29:20,server,c3:00:00:13:3b:b7,ESP-03,e7b7eda3-a2a3-4f1d-bfc6-40ae63a3298c,EST-C2-R1,static,C2,Sala B,-88,,,Sala B,True,Corredor,True,Sala A,False,True,Sala A,False,False,False,True
2026-08-25 10:29:25,2026-08-25 10:29:24,358,2239514506,2026-08-25 10:29:25,server,c3:00:00:13:3b:b7,ESP-01,ec4c75c5-1838-45b0-a029-55d56f2ebd75,EST-C2-R1,static,C2,Corredor,-74,,,Corredor,True,Corredor,False,Sala A,False,True,Sala A,False,False,False,True
2026-08-25 10:29:32,2026-08-25 10:29:32,411,1690126268,2026-08-25 10:29:32,server,c3:00:00:13:3b:b7,ESP-03,2486eb31-b759-4dba-be1b-c8866e978769,EST-C2-R1,static,C2,Sala B,-90,,,Sala B,True,Corredor,False,Sala A,False,True,Sala A,False,False,False,True
2026-08-25 10:29:38,2026-08-25 10:29:37,359,2239514506,2026-08-25 10:29:38,server,c3:00:00:13:3b:b7,ESP-01,88172692-1d8a-46fe-9a3f-1e4c664f4fe9,EST-C2-R1,static,C2,Corredor,-71,,,Corredor,True,Corredor,False,Sala A,False,True,Sala A,False,False,False,True
2026-08-25 10:29:45,2026-08-25 10:29:44,412,1690126268,2026-08-25 10:29:45,server,c3:00:00:13:3b:b7,ESP-03,7d1095ef-0952-4525-aa8a-f79739064dcc,EST-C2-R1,static,C2,Sala B,-92,,,Sala B,True,Corredor,False,Sala A,False,True,Sala A,False,False,False,True
2026-08-25 10:29:50,2026-08-25 10:29:49,360,2239514506,2026-08-25 10:29:50,server,c3:00:00:13:3b:b7,ESP-01,ec29fd6a-1261-429c-9d3e-42a10c1d9d3b,EST-C2-R1,static,C2,Corredor,-72,,,Corredor,True,Corredor,False,Sala A,False,True,Sala A,False,False,False,True
2026-08-25 10:29:57,2026-08-25 10:29:57,413,1690126268,2026-08-25 10:29:57,server,c3:00:00:13:3b:b7,ESP-03,9e3568b2-9dfd-4162-8ced-1e09ebfa2b0b,EST-C2-R1,static,C2,Sala B,-81,,,Sala B,True,Corredor,False,Sala A,False,True,Sala A,False,False,False,True
2026-08-25 10:30:03,2026-08-25 10:30:02,361,2239514506,2026-08-25 10:30:03,server,c3:00:00:13:3b:b7,ESP-01,b1839bc3-305d-47c0-8a6d-36bb48876ae9,EST-C2-R1,static,C2,Corredor,-80,,,Corredor,True,Corredor,False,Sala A,False,True,Sala A,False,False,False,True
2026-08-25 10:30:10,2026-08-25 10:30:09,414,1690126268,2026-08-25 10:30:10,server,c3:00:00:13:3b:b7,ESP-03,4c46e0ac-7408-4805-9a23-dde3d61040e2,EST-C2-R1,static,C2,Sala B,-96,,,Sala B,True,Corredor,False,Sala A,False,True,Sala A,False,False,False,True
2026-08-25 10:30:15,2026-08-25 10:30:15,362,2239514506,2026-08-25 10:30:15,server,c3:00:00:13:3b:b7,ESP-01,c942efb9-dcb4-4c17-aa56-86e48dc6a6f6,EST-C2-R1,static,C2,Corredor,-70,,,Corredor,True,Corredor,False,Sala A,False,True,Sala A,False,False,False,True
2026-08-25 10:30:19,,1,1239498715,2026-08-25 10:30:19,server,c3:00:00:13:3b:b7,ESP-02,ca27728c-2cf4-4828-9460-3b3835c48471,EST-C2-R1,static,C2,Sala A,-47,,,Sala A,True,Sala A,True,Sala A,False,False,Sala A,False,True,True,True
2026-08-25 10:30:22,2026-08-25 10:30:22,415,1690126268,2026-08-25 10:30:22,server,c3:00:00:13:3b:b7,ESP-03,6fdccb4f-c4e4-421e-ab92-8df89aa40159,EST-C2-R1,static,C2,Sala B,-87,,,Sala B,True,Sala A,False,Sala A,False,False,Sala A,False,False,True,True
2026-08-25 10:30:28,2026-08-25 10:30:27,363,2239514506,2026-08-25 10:30:28,server,c3:00:00:13:3b:b7,ESP-01,a5ff6993-0bb4-46a4-a406-708864d3108a,EST-C2-R1,static,C2,Corredor,-73,,,Corredor,True,Sala A,False,Sala A,False,False,Sala A,False,False,True,True
2026-08-25 10:30:31,,2,1239498715,2026-08-25 10:30:31,server,c3:00:00:13:3b:b7,ESP-02,9810b540-3a3e-4fc9-91c0-64afdbc04aa9,EST-C2-R1,static,C2,Sala A,-50,,,Sala A,True,Sala A,False,Sala A,False,False,Sala A,False,True,True,True
2026-08-25 10:30:35,2026-08-25 10:30:34,416,1690126268,2026-08-25 10:30:35,server,c3:00:00:13:3b:b7,ESP-03,d1c0839a-2500-4a5b-a677-7d517a6d0e11,EST-C2-R1,static,C2,Sala B,-98,,,Sala B,True,Sala A,False,Sala A,False,False,Sala A,False,False,True,True
2026-08-25 10:30:40,2026-08-25 10:30:40,364,2239514506,2026-08-25 10:30:40,server,c3:00:00:13:3b:b7,ESP-01,eb8945ac-2f5d-45ba-b135-bfcdd9a3c60b,EST-C2-R1,static,C2,Corredor,-78,,,Corredor,True,Sala A,False,Sala A,False,False,Sala A,False,False,True,True
2026-08-25 10:30:44,2026-08-25 10:30:43,3,1239498715,2026-08-25 10:30:44,server,c3:00:00:13:3b:b7,ESP-02,73178740-fd0d-4e84-a916-5db7a41068b2,EST-C2-R1,static,C2,Sala A,-47,,,Sala A,True,Sala A,False,Sala A,False,False,Sala A,False,True,True,True
2026-08-25 10:30:48,2026-08-25 10:30:47,417,1690126268,2026-08-25 10:30:48,server,c3:00:00:13:3b:b7,ESP-03,424eb967-7402-4647-b80a-a1572955630b,EST-C2-R1,static,C2,Sala B,-88,,,Sala B,True,Sala A,False,Sala A,False,False,Sala A,False,False,True,True
2026-08-25 10:30:53,2026-08-25 10:30:52,365,2239514506,2026-08-25 10:30:53,server,c3:00:00:13:3b:b7,ESP-01,4448a0c5-f465-4325-8cf0-5b869f2c0183,EST-C2-R1,static,C2,Corredor,-70,,,Corredor,True,Sala A,False,Sala A,False,False,Sala A,False,False,True,True
2026-08-25 10:30:56,2026-08-25 10:30:55,4,1239498715,2026-08-25 10:30:56,server,c3:00:00:13:3b:b7,ESP-02,73b5e2a6-ef1c-4e9d-9536-175d1a8d6ac2,EST-C2-R1,static,C2,Sala A,-51,,,Sala A,True,Sala A,False,Sala A,False,False,Sala A,False,True,True,True
2026-08-25 10:31:00,2026-08-25 10:31:00,418,1690126268,2026-08-25 10:31:00,server,c3:00:00:13:3b:b7,ESP-03,14f6713d-133c-45be-9cbe-004be82f4e99,EST-C2-R1,static,C2,Sala B,-87,,,Sala B,True,Sala A,False,Sala A,False,False,Sala A,False,False,True,True
2026-08-25 10:31:05,2026-08-25 10:31:05,366,2239514506,2026-08-25 10:31:05,server,c3:00:00:13:3b:b7,ESP-01,97eb1225-cede-45e2-afde-9201fb554d6c,EST-C2-R1,static,C2,Corredor,-77,,,Corredor,True,Sala A,False,Sala A,False,False,Sala A,False,False,True,True
2026-08-25 10:31:08,2026-08-25 10:31:08,5,1239498715,2026-08-25 10:31:08,server,c3:00:00:13:3b:b7,ESP-02,34619ec5-4e17-446e-9bb6-672cf4b33646,EST-C2-R1,static,C2,Sala A,-48,,,Sala A,True,Sala A,False,Sala A,False,False,Sala A,False,True,True,True
2026-08-25 10:31:13,2026-08-25 10:31:12,419,1690126268,2026-08-25 10:31:13,server,c3:00:00:13:3b:b7,ESP-03,79a7a9ac-b76e-4ae8-96d4-7f3d22455c56,EST-C2-R1,static,C2,Sala B,-98,,,Sala B,True,Sala A,False,Sala A,False,False,Sala A,False,False,True,True
2026-08-25 10:31:45,2026-08-25 10:31:45,8,1239498715,2026-08-25 10:31:45,server,c3:00:00:13:3b:b7,ESP-02,e9671169-5fc1-4762-817a-e84c309528d8,EST-C2-R1,static,C2,Sala A,-82,,,Sala A,True,Sala A,False,Sala A,False,False,Sala A,False,True,True,True
2026-08-25 10:31:50,2026-08-25 10:31:49,422,1690126268,2026-08-25 10:31:50,server,c3:00:00:13:3b:b7,ESP-03,2acede16-4eac-4209-8434-ea0b7838e32f,EST-C2-R1,static,C2,Sala B,-91,Corredor,junto_porta,Sala B,True,Sala A,False,Sala A,False,False,Sala A,False,False,True,True
2026-08-25 10:31:55,2026-08-25 10:31:54,370,2239514506,2026-08-25 10:31:55,server,c3:00:00:13:3b:b7,ESP-01,25c4dbb2-1ada-42a2-bd7e-ba8ebc68137f,EST-C2-R1,static,C2,Corredor,-59,Corredor,junto_porta,Corredor,True,Corredor,True,Corredor,True,False,Sala A,False,False,False,False
2026-08-25 10:31:58,2026-08-25 10:31:57,9,1239498715,2026-08-25 10:31:58,server,c3:00:00:13:3b:b7,ESP-02,f2123c39-c36a-4967-a30e-ac9a49bec9d1,EST-C2-R1,static,C2,Sala A,-71,Corredor,junto_porta,Sala A,True,Corredor,False,Corredor,False,False,Sala A,False,True,False,False
2026-08-25 10:32:03,2026-08-25 10:32:02,423,1690126268,2026-08-25 10:32:03,server,c3:00:00:13:3b:b7,ESP-03,01a5544b-e817-4d45-8a29-4dbe9eec3eb0,EST-C2-R1,static,C2,Sala B,-95,Corredor,junto_porta,Sala B,True,Corredor,False,Corredor,False,False,Corredor,True,False,True,True
2026-08-25 10:32:08,2026-08-25 10:32:07,371,2239514506,2026-08-25 10:32:08,server,c3:00:00:13:3b:b7,ESP-01,9562b809-1cd1-4c5c-b37d-31b6b6b845ea,EST-C2-R1,static,C2,Corredor,-59,Corredor,junto_porta,Corredor,True,Corredor,False,Corredor,False,False,Corredor,False,True,True,True
2026-08-25 10:32:10,2026-08-25 10:32:09,10,1239498715,2026-08-25 10:32:10,server,c3:00:00:13:3b:b7,ESP-02,5f8b6754-b4d7-4595-abef-465b292aa914,EST-C2-R1,static,C2,Sala A,-77,Corredor,junto_porta,Sala A,True,Corredor,False,Corredor,False,False,Corredor,False,False,True,True
2026-08-25 10:32:15,2026-08-25 10:32:14,424,1690126268,2026-08-25 10:32:15,server,c3:00:00:13:3b:b7,ESP-03,5db621ff-23aa-4c46-8bfa-e680be2b7d23,EST-C2-R1,static,C2,Sala B,-89,Corredor,junto_porta,Sala B,True,Corredor,False,Corredor,False,False,Corredor,False,False,True,True
2026-08-25 10:32:20,2026-08-25 10:32:20,372,2239514506,2026-08-25 10:32:20,server,c3:00:00:13:3b:b7,ESP-01,9ed58874-8e32-43ad-8929-c8226c0eb6d5,EST-C2-R1,static,C2,Corredor,-59,Corredor,junto_porta,Corredor,True,Corredor,False,Corredor,False,False,Corredor,False,True,True,True
2026-08-25 10:32:22,2026-08-25 10:32:21,11,1239498715,2026-08-25 10:32:22,server,c3:00:00:13:3b:b7,ESP-02,70e862b0-446a-4dac-bed8-15fa9ee4bda6,EST-C2-R1,static,C2,Sala A,-71,Corredor,junto_porta,Sala A,True,Corredor,False,Corredor,False,False,Corredor,False,False,True,True
2026-08-25 10:32:27,2026-08-25 10:32:27,425,1690126268,2026-08-25 10:32:27,server,c3:00:00:13:3b:b7,ESP-03,21fde133-16bd-4678-90d7-8d63ddd1187c,EST-C2-R1,static,C2,Sala B,-96,Corredor,junto_porta,Sala B,True,Corredor,False,Corredor,False,False,Corredor,False,False,True,True
2026-08-25 10:32:33,2026-08-25 10:32:32,373,2239514506,2026-08-25 10:32:33,server,c3:00:00:13:3b:b7,ESP-01,4e96dc03-0151-41dd-b16d-2f2ab2a272c4,EST-C2-R1,static,C2,Corredor,-60,Corredor,junto_porta,Corredor,True,Corredor,False,Corredor,False,False,Corredor,False,True,True,True
2026-08-25 10:32:34,2026-08-25 10:32:34,12,1239498715,2026-08-25 10:32:34,server,c3:00:00:13:3b:b7,ESP-02,efdbf133-b66c-49e5-b9d7-b8550fa01b4a,EST-C2-R1,static,C2,Sala A,-71,Corredor,junto_porta,Sala A,True,Corredor,False,Corredor,False,False,Corredor,False,False,True,True
2026-08-25 10:32:40,2026-08-25 10:32:39,426,1690126268,2026-08-25 10:32:40,server,c3:00:00:13:3b:b7,ESP-03,0f13fcce-6599-47a9-99c9-715211642b7d,EST-C2-R1,static,C2,Sala B,-98,Corredor,junto_porta,Sala B,True,Corredor,False,Corredor,False,False,Corredor,False,False,True,True
2026-08-25 10:32:45,2026-08-25 10:32:45,374,2239514506,2026-08-25 10:32:45,server,c3:00:00:13:3b:b7,ESP-01,62f9cb45-5b4a-4eeb-8a9d-2a18d651db6e,EST-C2-R1,static,C2,Corredor,-62,Corredor,junto_porta,Corredor,True,Corredor,False,Corredor,False,False,Corredor,False,True,True,True
2026-08-25 10:32:47,2026-08-25 10:32:46,13,1239498715,2026-08-25 10:32:47,server,c3:00:00:13:3b:b7,ESP-02,18a66606-b3ee-40ed-8da1-b55f0e385202,EST-C2-R1,static,C2,Sala A,-72,Corredor,junto_porta,Sala A,True,Corredor,False,Corredor,False,False,Corredor,False,False,True,True
2026-08-25 10:32:53,2026-08-25 10:32:52,427,1690126268,2026-08-25 10:32:53,server,c3:00:00:13:3b:b7,ESP-03,9dbd8d95-9d0d-4176-a700-c215a5563f33,EST-C2-R1,static,C2,Sala B,-94,Corredor,junto_porta,Sala B,True,Corredor,False,Corredor,False,False,Corredor,False,False,True,True
2026-08-25 10:32:59,2026-08-25 10:32:58,14,1239498715,2026-08-25 10:32:59,server,c3:00:00:13:3b:b7,ESP-02,6f5d5e0e-4f06-4c63-bc23-8539e9ddb5c4,EST-C2-R1,static,C2,Sala A,-72,Corredor,junto_porta,Sala A,True,Corredor,False,Corredor,False,False,Corredor,False,False,True,True
2026-08-25 10:33:01,2026-08-25 10:32:57,375,2239514506,2026-08-25 10:33:01,server,c3:00:00:13:3b:b7,ESP-01,fc6888ee-7eb8-4c0a-92f3-6d106aed72d8,EST-C2-R1,static,C2,Corredor,-59,Corredor,junto_porta,Corredor,True,Corredor,False,Corredor,False,False,Corredor,False,True,True,True
2026-08-25 10:33:05,2026-08-25 10:33:04,428,1690126268,2026-08-25 10:33:05,server,c3:00:00:13:3b:b7,ESP-03,cada10dc-4c75-4fed-a831-c3086716bb50,EST-C2-R1,static,C2,Sala B,-94,Corredor,junto_porta,Sala B,True,Corredor,False,Corredor,False,False,Corredor,False,False,True,True
2026-08-25 10:33:11,2026-08-25 10:33:11,15,1239498715,2026-08-25 10:33:11,server,c3:00:00:13:3b:b7,ESP-02,c51a5484-d7b7-4cdf-844d-77f75bf73462,EST-C2-R1,static,C2,Sala A,-71,Corredor,junto_porta,Sala A,True,Corredor,False,Corredor,False,False,Corredor,False,False,True,True
2026-08-25 10:34:20,2026-08-25 10:34:19,434,1690126268,2026-08-25 10:34:20,server,c3:00:00:13:3b:b7,ESP-03,61af60f8-8a61-4517-8057-8a9275d43327,EST-C2-R2,static,C2,Sala B,-97,Corredor,junto_porta,Sala B,True,Sala B,True,Sala B,True,False,,False,False,False,False
2026-08-25 10:34:26,2026-08-25 10:34:25,21,1239498715,2026-08-25 10:34:26,server,c3:00:00:13:3b:b7,ESP-02,ea0e36d8-b0f2-40bc-b34d-f4f370061963,EST-C2-R2,static,C2,Sala A,-66,Corredor,junto_porta,Sala A,True,Sala A,True,Sala A,True,False,,False,False,False,False
2026-08-25 10:34:29,2026-08-25 10:34:28,382,2239514506,2026-08-25 10:34:29,server,c3:00:00:13:3b:b7,ESP-01,e91e6ea9-6a01-4f2a-bd17-4745259d61e1,EST-C2-R2,static,C2,Corredor,-56,Corredor,junto_porta,Corredor,True,Corredor,True,Corredor,True,False,,False,False,False,False
2026-08-25 10:34:32,2026-08-25 10:34:32,435,1690126268,2026-08-25 10:34:32,server,c3:00:00:13:3b:b7,ESP-03,aba545ac-0491-43a9-8408-677d4d05dcaf,EST-C2-R2,static,C2,Sala B,-96,Corredor,junto_porta,Sala B,True,Corredor,False,Corredor,False,False,,False,False,False,False
2026-08-25 10:34:38,2026-08-25 10:34:38,22,1239498715,2026-08-25 10:34:38,server,c3:00:00:13:3b:b7,ESP-02,de33cd6b-a523-4aa5-a884-888e89e1c327,EST-C2-R2,static,C2,Sala A,-66,Corredor,junto_porta,Sala A,True,Corredor,False,Corredor,False,False,Corredor,True,False,True,True
2026-08-25 10:34:41,2026-08-25 10:34:40,383,2239514506,2026-08-25 10:34:41,server,c3:00:00:13:3b:b7,ESP-01,b24ba9bf-ff6d-4c26-b692-02f835631e83,EST-C2-R2,static,C2,Corredor,-67,Corredor,junto_porta,Corredor,True,Corredor,False,Corredor,False,False,Corredor,False,True,True,True
2026-08-25 10:34:45,2026-08-25 10:34:44,436,1690126268,2026-08-25 10:34:45,server,c3:00:00:13:3b:b7,ESP-03,b36a0413-d691-44a8-9887-c85357c6be4a,EST-C2-R2,static,C2,Sala B,-90,Corredor,junto_porta,Sala B,True,Corredor,False,Corredor,False,False,Corredor,False,False,True,True
2026-08-25 10:34:51,2026-08-25 10:34:50,23,1239498715,2026-08-25 10:34:51,server,c3:00:00:13:3b:b7,ESP-02,f69a7f85-339a-4144-a07d-ffd52dd8d605,EST-C2-R2,static,C2,Sala A,-70,Corredor,junto_porta,Sala A,True,Corredor,False,Corredor,False,False,Corredor,False,False,True,True
2026-08-25 10:34:53,2026-08-25 10:34:53,384,2239514506,2026-08-25 10:34:53,server,c3:00:00:13:3b:b7,ESP-01,04530482-961a-41a5-af3d-39d136987ec8,EST-C2-R2,static,C2,Corredor,-69,Corredor,junto_porta,Corredor,True,Corredor,False,Corredor,False,False,Corredor,False,True,True,True
2026-08-25 10:34:58,2026-08-25 10:34:57,437,1690126268,2026-08-25 10:34:58,server,c3:00:00:13:3b:b7,ESP-03,b087f68a-7a6f-42b2-83af-622fb4e31bc6,EST-C2-R2,static,C2,Sala B,-89,Corredor,junto_porta,Sala B,True,Corredor,False,Corredor,False,False,Corredor,False,False,True,True
2026-08-25 10:35:03,2026-08-25 10:35:02,24,1239498715,2026-08-25 10:35:03,server,c3:00:00:13:3b:b7,ESP-02,669569eb-c1fb-41ce-a124-17916d0817ec,EST-C2-R2,static,C2,Sala A,-66,Corredor,junto_porta,Sala A,True,Sala A,True,Corredor,False,True,Corredor,False,False,False,True
2026-08-25 10:35:06,2026-08-25 10:35:05,385,2239514506,2026-08-25 10:35:06,server,c3:00:00:13:3b:b7,ESP-01,59595150-4741-49d2-991b-32667e01ba2a,EST-C2-R2,static,C2,Corredor,-61,Corredor,junto_porta,Corredor,True,Corredor,True,Corredor,False,False,Corredor,False,True,True,True
2026-08-25 10:35:10,2026-08-25 10:35:09,438,1690126268,2026-08-25 10:35:10,server,c3:00:00:13:3b:b7,ESP-03,9934ac1c-bc0c-403e-bd6b-08f88f0cfede,EST-C2-R2,static,C2,Sala B,-93,Corredor,junto_porta,Sala B,True,Corredor,False,Corredor,False,False,Corredor,False,False,True,True
2026-08-25 10:35:15,2026-08-25 10:35:15,25,1239498715,2026-08-25 10:35:15,server,c3:00:00:13:3b:b7,ESP-02,493d20d1-4c6a-4de2-952d-4177e06a03e9,EST-C2-R2,static,C2,Sala A,-65,Corredor,junto_porta,Sala A,True,Corredor,False,Corredor,False,False,Corredor,False,False,True,True
2026-08-25 10:35:28,2026-08-25 10:35:27,26,1239498715,2026-08-25 10:35:28,server,c3:00:00:13:3b:b7,ESP-02,10431d96-3c64-48b8-b77e-86b6a5119111,EST-C2-R3,static,C2,Sala A,-66,Corredor,junto_porta,Sala A,True,Sala A,True,Sala A,True,False,,False,False,False,False
2026-08-25 10:35:31,2026-08-25 10:35:30,387,2239514506,2026-08-25 10:35:31,server,c3:00:00:13:3b:b7,ESP-01,abdf8e51-b2c1-4260-bbc4-65cc1ebbab86,EST-C2-R3,static,C2,Corredor,-57,Corredor,junto_porta,Corredor,True,Corredor,True,Corredor,True,False,,False,False,False,False
2026-08-25 10:35:35,2026-08-25 10:35:35,440,1690126268,2026-08-25 10:35:35,server,c3:00:00:13:3b:b7,ESP-03,1bbdfc96-5ad7-471e-ab72-a18c0a40f2fc,EST-C2-R3,static,C2,Sala B,-90,Corredor,junto_porta,Sala B,True,Corredor,False,Corredor,False,False,,False,False,False,False
2026-08-25 10:35:40,2026-08-25 10:35:39,27,1239498715,2026-08-25 10:35:40,server,c3:00:00:13:3b:b7,ESP-02,846e6df6-926b-4737-b3a6-c36b2f3f09bc,EST-C2-R3,static,C2,Sala A,-71,Corredor,junto_porta,Sala A,True,Corredor,False,Corredor,False,False,Corredor,True,False,True,True
2026-08-25 10:35:44,2026-08-25 10:35:43,388,2239514506,2026-08-25 10:35:44,server,c3:00:00:13:3b:b7,ESP-01,e6c0c729-e975-4d9e-80a3-08f05c4f971b,EST-C2-R3,static,C2,Corredor,-57,Corredor,junto_porta,Corredor,True,Corredor,False,Corredor,False,False,Corredor,False,True,True,True
2026-08-25 10:35:48,2026-08-25 10:35:47,441,1690126268,2026-08-25 10:35:48,server,c3:00:00:13:3b:b7,ESP-03,8f27bec1-7f16-4086-ace1-2e918fc1e784,EST-C2-R3,static,C2,Sala B,-87,Corredor,junto_porta,Sala B,True,Corredor,False,Corredor,False,False,Corredor,False,False,True,True
2026-08-25 10:35:52,2026-08-25 10:35:51,28,1239498715,2026-08-25 10:35:52,server,c3:00:00:13:3b:b7,ESP-02,7c63ba24-5b8f-4fb9-b7e7-012c7de80e3c,EST-C2-R3,static,C2,Sala A,-66,Corredor,junto_porta,Sala A,True,Corredor,False,Corredor,False,False,Corredor,False,False,True,True
2026-08-25 10:35:56,2026-08-25 10:35:56,389,2239514506,2026-08-25 10:35:56,server,c3:00:00:13:3b:b7,ESP-01,dca791e5-e111-442c-98c5-d8e4c5c38824,EST-C2-R3,static,C2,Corredor,-56,Corredor,junto_porta,Corredor,True,Corredor,False,Corredor,False,False,Corredor,False,True,True,True
2026-08-25 10:36:01,2026-08-25 10:36:00,442,1690126268,2026-08-25 10:36:01,server,c3:00:00:13:3b:b7,ESP-03,19e11f3e-c32b-4540-924f-5fa53668b7e8,EST-C2-R3,static,C2,Sala B,-96,Corredor,junto_porta,Sala B,True,Corredor,False,Corredor,False,False,Corredor,False,False,True,True
2026-08-25 10:36:04,2026-08-25 10:36:04,29,1239498715,2026-08-25 10:36:04,server,c3:00:00:13:3b:b7,ESP-02,81988bf4-85c5-48ec-a324-b597a8a8dc67,EST-C2-R3,static,C2,Sala A,-65,Corredor,junto_porta,Sala A,True,Corredor,False,Corredor,False,False,Corredor,False,False,True,True
2026-08-25 10:36:09,2026-08-25 10:36:08,390,2239514506,2026-08-25 10:36:09,server,c3:00:00:13:3b:b7,ESP-01,a801e4c3-debf-4d08-9c88-ae0fc00d142a,EST-C2-R3,static,C2,Corredor,-61,Corredor,junto_porta,Corredor,True,Corredor,False,Corredor,False,False,Corredor,False,True,True,True
2026-08-25 10:36:13,2026-08-25 10:36:12,443,1690126268,2026-08-25 10:36:13,server,c3:00:00:13:3b:b7,ESP-03,f94bf246-4f5f-4478-8a35-2b0f78d65bb7,EST-C2-R3,static,C2,Sala B,-90,Corredor,junto_porta,Sala B,True,Corredor,False,Corredor,False,False,Corredor,False,False,True,True
2026-08-25 10:36:17,2026-08-25 10:36:16,30,1239498715,2026-08-25 10:36:17,server,c3:00:00:13:3b:b7,ESP-02,0f7473a4-f947-4953-a722-a3d7f63819ff,EST-C2-R3,static,C2,Sala A,-67,Corredor,junto_porta,Sala A,True,Corredor,False,Corredor,False,False,Corredor,False,False,True,True
2026-08-25 10:36:21,2026-08-25 10:36:21,391,2239514506,2026-08-25 10:36:21,server,c3:00:00:13:3b:b7,ESP-01,97eb4f4b-2ab8-47b2-b0aa-678fd35734db,EST-C2-R3,static,C2,Corredor,-72,Corredor,junto_porta,Corredor,True,Sala A,True,Corredor,False,True,Corredor,False,True,False,True
2026-08-25 10:36:26,2026-08-25 10:36:25,444,1690126268,2026-08-25 10:36:26,server,c3:00:00:13:3b:b7,ESP-03,30ea51d9-d678-4628-b69f-62d9e7709784,EST-C2-R3,static,C2,Sala B,-97,Corredor,junto_porta,Sala B,True,Corredor,True,Corredor,False,False,Corredor,False,False,True,True
2026-08-25 10:36:29,2026-08-25 10:36:28,31,1239498715,2026-08-25 10:36:29,server,c3:00:00:13:3b:b7,ESP-02,2eb02f6c-4240-4f64-89bd-e5c3ba1038b1,EST-C2-R3,static,C2,Sala A,-66,Corredor,junto_porta,Sala A,True,Sala A,True,Corredor,False,True,Corredor,False,False,False,True
2026-08-25 10:36:34,2026-08-25 10:36:33,392,2239514506,2026-08-25 10:36:34,server,c3:00:00:13:3b:b7,ESP-01,b1041cc8-ca3c-4673-98a6-d57fedbea7d5,EST-C2-R3,static,C2,Corredor,-58,Corredor,junto_porta,Corredor,True,Corredor,True,Corredor,False,False,Corredor,False,True,True,True
2026-08-25 10:36:51,2026-08-25 10:36:50,446,1690126268,2026-08-25 10:36:51,server,c3:00:00:13:3b:b7,ESP-03,1f344a0e-0732-4709-8cfb-d170a01a4dd9,EST-C2-R4,static,C2,Sala B,-85,,,Sala B,True,Sala B,True,Sala B,True,False,,False,False,False,False
2026-08-25 10:36:54,2026-08-25 10:36:53,33,1239498715,2026-08-25 10:36:54,server,c3:00:00:13:3b:b7,ESP-02,840f8b4a-f108-4ec8-87f7-7ea0c4ae1267,EST-C2-R4,static,C2,Sala A,-68,Corredor,junto_porta,Sala A,True,Sala A,True,Sala A,True,False,,False,False,False,False
2026-08-25 10:36:59,2026-08-25 10:36:59,394,2239514506,2026-08-25 10:36:59,server,c3:00:00:13:3b:b7,ESP-01,d46283c2-c6e8-4d56-bcab-cad0578d36b9,EST-C2-R4,static,C2,Corredor,-59,Corredor,junto_porta,Corredor,True,Corredor,True,Corredor,True,False,,False,False,False,False
2026-08-25 10:37:04,2026-08-25 10:37:03,447,1690126268,2026-08-25 10:37:04,server,c3:00:00:13:3b:b7,ESP-03,b36dc761-658b-485b-9902-d7000330e8c7,EST-C2-R4,static,C2,Sala B,-87,Corredor,junto_porta,Sala B,True,Corredor,False,Corredor,False,False,,False,False,False,False
2026-08-25 10:37:06,2026-08-25 10:37:05,34,1239498715,2026-08-25 10:37:06,server,c3:00:00:13:3b:b7,ESP-02,93a96ad1-0428-496d-be15-12922725c6c5,EST-C2-R4,static,C2,Sala A,-66,Corredor,junto_porta,Sala A,True,Corredor,False,Corredor,False,False,Corredor,True,False,True,True
2026-08-25 10:37:12,2026-08-25 10:37:11,395,2239514506,2026-08-25 10:37:12,server,c3:00:00:13:3b:b7,ESP-01,d41ad636-c6aa-41d3-aadf-abec41533373,EST-C2-R4,static,C2,Corredor,-69,Corredor,junto_porta,Corredor,True,Corredor,False,Corredor,False,False,Corredor,False,True,True,True
2026-08-25 10:37:17,2026-08-25 10:37:16,448,1690126268,2026-08-25 10:37:17,server,c3:00:00:13:3b:b7,ESP-03,4b1d0936-ae99-4763-8c10-9c9ef5299139,EST-C2-R4,static,C2,Sala B,-88,Corredor,junto_porta,Sala B,True,Corredor,False,Corredor,False,False,Corredor,False,False,True,True
2026-08-25 10:37:18,2026-08-25 10:37:17,35,1239498715,2026-08-25 10:37:18,server,c3:00:00:13:3b:b7,ESP-02,e90f905f-c4ec-4e68-9b0e-4bbba7698b96,EST-C2-R4,static,C2,Sala A,-69,Corredor,junto_porta,Sala A,True,Sala A,True,Corredor,False,True,Corredor,False,False,False,True
2026-08-25 10:37:24,2026-08-25 10:37:23,396,2239514506,2026-08-25 10:37:24,server,c3:00:00:13:3b:b7,ESP-01,4e5826a8-3936-4607-802c-5fe57cdf5178,EST-C2-R4,static,C2,Corredor,-68,Corredor,junto_porta,Corredor,True,Sala A,False,Corredor,False,True,Corredor,False,True,False,True
2026-08-25 10:37:30,2026-08-25 10:37:29,449,1690126268,2026-08-25 10:37:30,server,c3:00:00:13:3b:b7,ESP-03,d60b0457-45f9-4c83-a621-8a2c7ac5aa7f,EST-C2-R4,static,C2,Sala B,-86,Corredor,junto_porta,Sala B,True,Corredor,True,Corredor,False,False,Corredor,False,False,True,True
2026-08-25 10:37:30,2026-08-25 10:37:30,36,1239498715,2026-08-25 10:37:30,server,c3:00:00:13:3b:b7,ESP-02,8d96667d-cb9a-458d-9c4e-8dfad8e9ab48,EST-C2-R4,static,C2,Sala A,-68,Corredor,junto_porta,Sala A,True,Corredor,False,Corredor,False,False,Corredor,False,False,True,True
2026-08-25 10:37:37,2026-08-25 10:37:36,397,2239514506,2026-08-25 10:37:37,server,c3:00:00:13:3b:b7,ESP-01,aae85369-6f1c-4062-bdc8-a80f820f2bb3,EST-C2-R4,static,C2,Corredor,-63,Corredor,junto_porta,Corredor,True,Corredor,False,Corredor,False,False,Corredor,False,True,True,True
2026-08-25 10:37:42,2026-08-25 10:37:42,450,1690126268,2026-08-25 10:37:42,server,c3:00:00:13:3b:b7,ESP-03,b95b4c34-537f-48be-b3e7-b7711de36636,EST-C2-R4,static,C2,Sala B,-87,Corredor,junto_porta,Sala B,True,Corredor,False,Corredor,False,False,Corredor,False,False,True,True
2026-08-25 10:37:43,2026-08-25 10:37:42,37,1239498715,2026-08-25 10:37:43,server,c3:00:00:13:3b:b7,ESP-02,0393b089-787a-4130-9a0f-79a32565722f,EST-C2-R4,static,C2,Sala A,-71,Corredor,junto_porta,Sala A,True,Corredor,False,Corredor,False,False,Corredor,False,False,True,True
2026-08-25 10:37:49,2026-08-25 10:37:48,398,2239514506,2026-08-25 10:37:49,server,c3:00:00:13:3b:b7,ESP-01,1d2d3aa6-aa49-4bc5-8258-4b6d0ab6a4f5,EST-C2-R4,static,C2,Corredor,-70,Corredor,junto_porta,Corredor,True,Corredor,False,Corredor,False,False,Corredor,False,True,True,True
2026-08-25 10:37:55,2026-08-25 10:37:54,38,1239498715,2026-08-25 10:37:55,server,c3:00:00:13:3b:b7,ESP-02,b00a18b6-0233-4232-a9a5-11660edaa12e,EST-C2-R4,static,C2,Sala A,-68,Corredor,junto_porta,Sala A,True,Corredor,False,Corredor,False,False,Corredor,False,False,True,True
2026-08-25 10:37:55,2026-08-25 10:37:54,451,1690126268,2026-08-25 10:37:55,server,c3:00:00:13:3b:b7,ESP-03,98047322-ff67-4fc7-88c2-fffc84c75a2e,EST-C2-R4,static,C2,Sala B,-86,Corredor,junto_porta,Sala B,True,Sala A,True,Corredor,False,True,Corredor,False,False,False,True
2026-08-25 10:38:02,2026-08-25 10:38:01,399,2239514506,2026-08-25 10:38:02,server,c3:00:00:13:3b:b7,ESP-01,b6953ce2-0c2d-4554-b482-16704cf1883a,EST-C2-R4,static,C2,Corredor,-68,Corredor,junto_porta,Corredor,True,Corredor,True,Corredor,False,False,Corredor,False,True,True,True
2026-08-25 10:38:32,2026-08-25 10:38:31,41,1239498715,2026-08-25 10:38:32,server,c3:00:00:13:3b:b7,ESP-02,735100da-03f0-418c-a784-6d0462200966,EST-C2-R5,static,C2,Sala A,-71,,,Sala A,True,Sala A,True,Sala A,True,False,,False,False,False,False
2026-08-25 10:38:33,2026-08-25 10:38:32,454,1690126268,2026-08-25 10:38:33,server,c3:00:00:13:3b:b7,ESP-03,5c7421a3-5f61-46ab-8916-284268661730,EST-C2-R5,static,C2,Sala B,-89,,,Sala B,True,Sala A,False,Sala A,False,False,,False,False,False,False
2026-08-25 10:38:39,2026-08-25 10:38:38,402,2239514506,2026-08-25 10:38:39,server,c3:00:00:13:3b:b7,ESP-01,e1d1473f-b1ec-4f65-bbed-99ea1ddda86a,EST-C2-R5,static,C2,Corredor,-63,Corredor,junto_porta,Corredor,True,Corredor,True,Corredor,True,False,,False,False,False,False
2026-08-25 10:38:45,2026-08-25 10:38:44,42,1239498715,2026-08-25 10:38:45,server,c3:00:00:13:3b:b7,ESP-02,0f5c7f73-efb3-47d0-a89d-e03d300fa2ee,EST-C2-R5,static,C2,Sala A,-69,Corredor,junto_porta,Sala A,True,Corredor,False,Corredor,False,False,,False,False,False,False
2026-08-25 10:38:45,2026-08-25 10:38:44,455,1690126268,2026-08-25 10:38:45,server,c3:00:00:13:3b:b7,ESP-03,57fd09e6-1bd0-4abd-803c-8fb0dd3609e9,EST-C2-R5,static,C2,Sala B,-90,Corredor,junto_porta,Sala B,True,Corredor,False,Corredor,False,False,Corredor,True,False,True,True
2026-08-25 10:38:52,2026-08-25 10:38:51,403,2239514506,2026-08-25 10:38:52,server,c3:00:00:13:3b:b7,ESP-01,0b6c9a5e-d71f-4ccb-8e5c-2787227555de,EST-C2-R5,static,C2,Corredor,-62,Corredor,junto_porta,Corredor,True,Corredor,False,Corredor,False,False,Corredor,False,True,True,True
2026-08-25 10:38:57,2026-08-25 10:38:56,43,1239498715,2026-08-25 10:38:57,server,c3:00:00:13:3b:b7,ESP-02,7426cba1-7ff0-4f62-ae2e-0cb5d59335e5,EST-C2-R5,static,C2,Sala A,-69,Corredor,junto_porta,Sala A,True,Corredor,False,Corredor,False,False,Corredor,False,False,True,True
2026-08-25 10:38:58,2026-08-25 10:38:57,456,1690126268,2026-08-25 10:38:58,server,c3:00:00:13:3b:b7,ESP-03,82fc9423-5c42-40b6-8fb9-9b0ca1540a7e,EST-C2-R5,static,C2,Sala B,-91,Corredor,junto_porta,Sala B,True,Corredor,False,Corredor,False,False,Corredor,False,False,True,True
2026-08-25 10:39:04,2026-08-25 10:39:04,404,2239514506,2026-08-25 10:39:04,server,c3:00:00:13:3b:b7,ESP-01,e10c21ed-553d-4e5f-95e2-21137732be63,EST-C2-R5,static,C2,Corredor,-67,Corredor,junto_porta,Corredor,True,Corredor,False,Corredor,False,False,Corredor,False,True,True,True
2026-08-25 10:39:09,2026-08-25 10:39:09,44,1239498715,2026-08-25 10:39:09,server,c3:00:00:13:3b:b7,ESP-02,5c146291-1b65-471d-804e-c29e7607fc60,EST-C2-R5,static,C2,Sala A,-66,Corredor,junto_porta,Sala A,True,Corredor,False,Corredor,False,False,Corredor,False,False,True,True
2026-08-25 10:39:11,2026-08-25 10:39:10,457,1690126268,2026-08-25 10:39:11,server,c3:00:00:13:3b:b7,ESP-03,3ca60be6-ebd4-4140-b852-34cdbe96ee1a,EST-C2-R5,static,C2,Sala B,-88,Corredor,junto_porta,Sala B,True,Corredor,False,Corredor,False,False,Corredor,False,False,True,True
2026-08-25 10:39:17,2026-08-25 10:39:16,405,2239514506,2026-08-25 10:39:17,server,c3:00:00:13:3b:b7,ESP-01,7199cc2e-54bb-4ef6-b99c-dcc9f5b0b4bc,EST-C2-R5,static,C2,Corredor,-63,Corredor,junto_porta,Corredor,True,Corredor,False,Corredor,False,False,Corredor,False,True,True,True
2026-08-25 10:39:22,2026-08-25 10:39:21,45,1239498715,2026-08-25 10:39:22,server,c3:00:00:13:3b:b7,ESP-02,faaae281-b4af-44ff-a5dd-d77983493f41,EST-C2-R5,static,C2,Sala A,-66,Corredor,junto_porta,Sala A,True,Corredor,False,Corredor,False,False,Corredor,False,False,True,True
2026-08-25 10:39:23,2026-08-25 10:39:22,458,1690126268,2026-08-25 10:39:23,server,c3:00:00:13:3b:b7,ESP-03,dfa98e7e-4efd-4004-9119-17fb634ef7fe,EST-C2-R5,static,C2,Sala B,-90,Corredor,junto_porta,Sala B,True,Corredor,False,Corredor,False,False,Corredor,False,False,True,True
2026-08-25 10:39:29,2026-08-25 10:39:29,406,2239514506,2026-08-25 10:39:29,server,c3:00:00:13:3b:b7,ESP-01,e43557c7-2932-4099-9d9d-938fb0137ba6,EST-C2-R5,static,C2,Corredor,-65,Corredor,junto_porta,Corredor,True,Corredor,False,Corredor,False,False,Corredor,False,True,True,True
2026-08-25 10:39:34,2026-08-25 10:39:33,46,1239498715,2026-08-25 10:39:34,server,c3:00:00:13:3b:b7,ESP-02,76e189a2-9c8e-489c-b4cc-c7e08dd5cf55,EST-C2-R5,static,C2,Sala A,-72,Corredor,junto_porta,Sala A,True,Corredor,False,Corredor,False,False,Corredor,False,False,True,True
2026-08-25 10:39:35,2026-08-25 10:39:35,459,1690126268,2026-08-25 10:39:35,server,c3:00:00:13:3b:b7,ESP-03,37297b01-d204-469c-8a9c-5e9d35d78a73,EST-C2-R5,static,C2,Sala B,-87,Corredor,junto_porta,Sala B,True,Corredor,False,Corredor,False,False,Corredor,False,False,True,True
2026-08-25 10:43:04,2026-08-25 10:43:03,423,2239514506,2026-08-25 10:43:04,server,c3:00:00:13:3b:b7,ESP-01,d4d06a8b-be8b-4c26-9982-bd0b948961f1,EST-C3-R1,static,C3,Corredor,-72,Corredor,junto_porta,Corredor,True,Corredor,True,Corredor,True,False,,False,False,False,False
2026-08-25 10:43:05,2026-08-25 10:43:05,63,1239498715,2026-08-25 10:43:05,server,c3:00:00:13:3b:b7,ESP-02,63ec38ad-5bf5-450b-949c-d332f5d0a912,EST-C3-R1,static,C3,Sala A,-95,Corredor,junto_porta,Sala A,True,Corredor,False,Corredor,False,False,,False,False,False,False
2026-08-25 10:43:10,2026-08-25 10:43:10,476,1690126268,2026-08-25 10:43:10,server,c3:00:00:13:3b:b7,ESP-03,116239c4-af9c-4bc4-ac6c-6cd6d6187610,EST-C3-R1,static,C3,Sala B,-68,Corredor,junto_porta,Sala B,True,Sala B,True,Corredor,False,True,Corredor,True,False,False,True
2026-08-25 10:43:17,2026-08-25 10:43:16,424,2239514506,2026-08-25 10:43:17,server,c3:00:00:13:3b:b7,ESP-01,4e726b61-158e-4250-9778-06de7bb94864,EST-C3-R1,static,C3,Corredor,-77,Corredor,junto_porta,Corredor,True,Sala B,False,Corredor,False,True,Corredor,False,True,False,True
2026-08-25 10:43:18,2026-08-25 10:43:17,64,1239498715,2026-08-25 10:43:18,server,c3:00:00:13:3b:b7,ESP-02,3a269bbb-ab92-4e0b-b06e-3bddcfc93b61,EST-C3-R1,static,C3,Sala A,-91,Corredor,junto_porta,Sala A,True,Sala B,False,Corredor,False,True,Corredor,False,False,False,True
2026-08-25 10:43:23,2026-08-25 10:43:22,477,1690126268,2026-08-25 10:43:23,server,c3:00:00:13:3b:b7,ESP-03,5787997b-c3ce-44bb-ad80-e78940316fce,EST-C3-R1,static,C3,Sala B,-66,Corredor,junto_porta,Sala B,True,Sala B,False,Sala B,True,False,Corredor,False,False,False,False
2026-08-25 10:43:29,2026-08-25 10:43:29,425,2239514506,2026-08-25 10:43:29,server,c3:00:00:13:3b:b7,ESP-01,0abbac8b-77b7-4872-a0a1-e0d5d70fd6d8,EST-C3-R1,static,C3,Corredor,-73,Corredor,junto_porta,Corredor,True,Sala B,False,Sala B,False,False,Corredor,False,True,False,False
2026-08-25 10:43:30,2026-08-25 10:43:29,65,1239498715,2026-08-25 10:43:30,server,c3:00:00:13:3b:b7,ESP-02,4e008622-373e-48d2-8e36-d2094d004afa,EST-C3-R1,static,C3,Sala A,-91,Corredor,junto_porta,Sala A,True,Sala B,False,Sala B,False,False,Sala B,True,False,True,True
2026-08-25 10:43:36,2026-08-25 10:43:35,478,1690126268,2026-08-25 10:43:36,server,c3:00:00:13:3b:b7,ESP-03,be32f965-311a-4499-a7e1-505a440143ff,EST-C3-R1,static,C3,Sala B,-67,Corredor,junto_porta,Sala B,True,Sala B,False,Sala B,False,False,Sala B,False,True,True,True
2026-08-25 10:43:42,2026-08-25 10:43:42,66,1239498715,2026-08-25 10:43:42,server,c3:00:00:13:3b:b7,ESP-02,6cb1558a-c662-4cec-95c3-740c81b82fae,EST-C3-R1,static,C3,Sala A,-96,Corredor,junto_porta,Sala A,True,Sala B,False,Sala B,False,False,Sala B,False,False,True,True
2026-08-25 10:43:42,2026-08-25 10:43:41,426,2239514506,2026-08-25 10:43:42,server,c3:00:00:13:3b:b7,ESP-01,1112eace-c0b6-44b8-b4c1-cd648907b72c,EST-C3-R1,static,C3,Corredor,-75,Corredor,junto_porta,Corredor,True,Sala B,False,Sala B,False,False,Sala B,False,False,True,True
2026-08-25 10:43:48,2026-08-25 10:43:48,479,1690126268,2026-08-25 10:43:48,server,c3:00:00:13:3b:b7,ESP-03,06a1c6ed-23d2-4dc6-b640-cd9ce0714d35,EST-C3-R1,static,C3,Sala B,-67,Corredor,junto_porta,Sala B,True,Sala B,False,Sala B,False,False,Sala B,False,True,True,True
2026-08-25 10:43:55,2026-08-25 10:43:54,67,1239498715,2026-08-25 10:43:55,server,c3:00:00:13:3b:b7,ESP-02,2eab3c54-4163-4f0e-aee3-6f680538a7c4,EST-C3-R1,static,C3,Sala A,-92,Corredor,junto_porta,Sala A,True,Sala B,False,Sala B,False,False,Sala B,False,False,True,True
2026-08-25 10:43:55,2026-08-25 10:43:54,427,2239514506,2026-08-25 10:43:55,server,c3:00:00:13:3b:b7,ESP-01,1a104127-62b0-4d74-9458-2b1d1b899f55,EST-C3-R1,static,C3,Corredor,-79,Corredor,junto_porta,Corredor,True,Sala B,False,Sala B,False,False,Sala B,False,False,True,True
2026-08-25 10:44:01,2026-08-25 10:44:00,480,1690126268,2026-08-25 10:44:01,server,c3:00:00:13:3b:b7,ESP-03,201e1d99-cc9d-4d39-8b6f-258998ebdff6,EST-C3-R1,static,C3,Sala B,-68,Corredor,junto_porta,Sala B,True,Sala B,False,Sala B,False,False,Sala B,False,True,True,True
2026-08-25 10:44:07,2026-08-25 10:44:07,428,2239514506,2026-08-25 10:44:07,server,c3:00:00:13:3b:b7,ESP-01,1de0ab2c-4e42-4ee5-abd2-673b2d51bb39,EST-C3-R1,static,C3,Corredor,-68,Corredor,junto_porta,Corredor,True,Sala B,False,Sala B,False,False,Sala B,False,False,True,True
2026-08-25 10:44:08,2026-08-25 10:44:07,68,1239498715,2026-08-25 10:44:08,server,c3:00:00:13:3b:b7,ESP-02,13b739a0-b0fc-47f0-966b-2d85162e25c9,EST-C3-R1,static,C3,Sala A,-96,Corredor,junto_porta,Sala A,True,Sala B,False,Sala B,False,False,Sala B,False,False,True,True
2026-08-25 10:44:27,2026-08-25 10:44:26,482,1690126268,2026-08-25 10:44:27,server,c3:00:00:13:3b:b7,ESP-03,1f8cd0a3-d644-44e6-b690-17e98562fff9,EST-C3-R2,static,C3,Sala B,-67,Corredor,junto_porta,Sala B,True,Sala B,True,Sala B,True,False,,False,False,False,False
2026-08-25 10:44:33,2026-08-25 10:44:32,430,2239514506,2026-08-25 10:44:33,server,c3:00:00:13:3b:b7,ESP-01,96017150-6e78-4e66-b591-efc6124e8c3d,EST-C3-R2,static,C3,Corredor,-81,Corredor,junto_porta,Corredor,True,Sala B,False,Sala B,False,False,,False,False,False,False
2026-08-25 10:44:34,2026-08-25 10:44:33,70,1239498715,2026-08-25 10:44:34,server,c3:00:00:13:3b:b7,ESP-02,54a8450e-894a-44eb-8be1-63082f9614c7,EST-C3-R2,static,C3,Sala A,-97,Corredor,junto_porta,Sala A,True,Sala B,False,Sala B,False,False,Sala B,True,False,True,True
2026-08-25 10:44:39,2026-08-25 10:44:38,483,1690126268,2026-08-25 10:44:39,server,c3:00:00:13:3b:b7,ESP-03,868dcc51-e703-4e5d-87ed-59cdaa1bd25c,EST-C3-R2,static,C3,Sala B,-67,Corredor,junto_porta,Sala B,True,Sala B,False,Sala B,False,False,Sala B,False,True,True,True
2026-08-25 10:44:46,2026-08-25 10:44:45,431,2239514506,2026-08-25 10:44:46,server,c3:00:00:13:3b:b7,ESP-01,227fbbd8-9a00-42f6-b568-cbc5deaf02d9,EST-C3-R2,static,C3,Corredor,-72,Corredor,junto_porta,Corredor,True,Sala B,False,Sala B,False,False,Sala B,False,False,True,True
2026-08-25 10:44:46,2026-08-25 10:44:45,71,1239498715,2026-08-25 10:44:46,server,c3:00:00:13:3b:b7,ESP-02,4be18e48-c1e8-4dca-b7ad-a8871c9c66b5,EST-C3-R2,static,C3,Sala A,-91,Corredor,junto_porta,Sala A,True,Sala B,False,Sala B,False,False,Sala B,False,False,True,True
2026-08-25 10:44:52,2026-08-25 10:44:51,484,1690126268,2026-08-25 10:44:52,server,c3:00:00:13:3b:b7,ESP-03,28a57073-5737-4ab4-8bc6-bd25e7d9b4ba,EST-C3-R2,static,C3,Sala B,-66,Corredor,junto_porta,Sala B,True,Sala B,False,Sala B,False,False,Sala B,False,True,True,True
2026-08-25 10:44:59,2026-08-25 10:44:58,72,1239498715,2026-08-25 10:44:59,server,c3:00:00:13:3b:b7,ESP-02,2053cf46-0edd-4ab3-a1f1-dc18f0e77923,EST-C3-R2,static,C3,Sala A,-91,Corredor,junto_porta,Sala A,True,Sala B,False,Sala B,False,False,Sala B,False,False,True,True
2026-08-25 10:45:01,2026-08-25 10:44:57,432,2239514506,2026-08-25 10:45:01,server,c3:00:00:13:3b:b7,ESP-01,87a06102-ab0a-4c45-b7d9-4f6c93558d4f,EST-C3-R2,static,C3,Corredor,-74,Corredor,junto_porta,Corredor,True,Sala B,False,Sala B,False,False,Sala B,False,False,True,True
2026-08-25 10:45:05,2026-08-25 10:45:04,485,1690126268,2026-08-25 10:45:05,server,c3:00:00:13:3b:b7,ESP-03,3ee8f73f-a377-4e8a-8897-2127e2c3353f,EST-C3-R2,static,C3,Sala B,-67,Corredor,junto_porta,Sala B,True,Sala B,False,Sala B,False,False,Sala B,False,True,True,True
2026-08-25 10:45:11,2026-08-25 10:45:11,73,1239498715,2026-08-25 10:45:11,server,c3:00:00:13:3b:b7,ESP-02,d647d456-e52e-46d6-aec0-14dbbeb032d1,EST-C3-R2,static,C3,Sala A,-90,Corredor,junto_porta,Sala A,True,Sala B,False,Sala B,False,False,Sala B,False,False,True,True
2026-08-25 10:45:13,2026-08-25 10:45:13,433,2239514506,2026-08-25 10:45:13,server,c3:00:00:13:3b:b7,ESP-01,1533d4db-646e-4be4-a679-801cbff94c91,EST-C3-R2,static,C3,Corredor,-73,Corredor,junto_porta,Corredor,True,Sala B,False,Sala B,False,False,Sala B,False,False,True,True
2026-08-25 10:45:17,2026-08-25 10:45:17,486,1690126268,2026-08-25 10:45:17,server,c3:00:00:13:3b:b7,ESP-03,34ff2642-d4e8-4510-878d-ebdb7c73774a,EST-C3-R2,static,C3,Sala B,-68,Corredor,junto_porta,Sala B,True,Sala B,False,Sala B,False,False,Sala B,False,True,True,True
2026-08-25 10:45:24,2026-08-25 10:45:23,74,1239498715,2026-08-25 10:45:24,server,c3:00:00:13:3b:b7,ESP-02,4b34cad3-d93d-4f85-99d6-3449bcf3d8c9,EST-C3-R2,static,C3,Sala A,-96,Corredor,junto_porta,Sala A,True,Sala B,False,Sala B,False,False,Sala B,False,False,True,True
2026-08-25 10:45:29,2026-08-25 10:45:25,434,2239514506,2026-08-25 10:45:29,server,c3:00:00:13:3b:b7,ESP-01,cb47a9aa-36dc-4bec-a47e-0d0a84c6ad15,EST-C3-R2,static,C3,Corredor,-76,Corredor,junto_porta,Corredor,True,Sala B,False,Sala B,False,False,Sala B,False,False,True,True
2026-08-25 10:45:30,2026-08-25 10:45:29,487,1690126268,2026-08-25 10:45:30,server,c3:00:00:13:3b:b7,ESP-03,750e3a8d-a458-404d-a263-b734012df9dc,EST-C3-R2,static,C3,Sala B,-68,Corredor,junto_porta,Sala B,True,Sala B,False,Sala B,False,False,Sala B,False,True,True,True
2026-08-25 10:45:48,2026-08-25 10:45:47,76,1239498715,2026-08-25 10:45:48,server,c3:00:00:13:3b:b7,ESP-02,eecfa496-83fa-4a5e-ad58-6e408124cf55,EST-C3-R3,static,C3,Sala A,-88,Corredor,junto_porta,Sala A,True,Sala A,True,Sala A,True,False,,False,False,False,False
2026-08-25 10:45:54,2026-08-25 10:45:53,436,2239514506,2026-08-25 10:45:54,server,c3:00:00:13:3b:b7,ESP-01,88ffb990-88bd-4eb0-a7fe-2cbbb4167bc6,EST-C3-R3,static,C3,Corredor,-79,Corredor,junto_porta,Corredor,True,Corredor,True,Corredor,True,False,,False,False,False,False
2026-08-25 10:45:55,2026-08-25 10:45:55,489,1690126268,2026-08-25 10:45:55,server,c3:00:00:13:3b:b7,ESP-03,3455e641-04f9-47cb-b621-f1eac150c50e,EST-C3-R3,static,C3,Sala B,-66,Corredor,junto_porta,Sala B,True,Sala B,True,Sala B,True,False,,False,False,False,False
2026-08-25 10:46:01,2026-08-25 10:46:00,77,1239498715,2026-08-25 10:46:01,server,c3:00:00:13:3b:b7,ESP-02,1e1f9293-401d-4e85-bc2d-f1e26b9f6151,EST-C3-R3,static,C3,Sala A,-97,Corredor,junto_porta,Sala A,True,Sala B,False,Sala B,False,False,,False,False,False,False
2026-08-25 10:46:06,2026-08-25 10:46:05,437,2239514506,2026-08-25 10:46:06,server,c3:00:00:13:3b:b7,ESP-01,bc8aeb07-3493-44c6-91f3-64b4ba0e2305,EST-C3-R3,static,C3,Corredor,-78,Corredor,junto_porta,Corredor,True,Sala B,False,Sala B,False,False,Sala B,True,False,True,True
2026-08-25 10:46:08,2026-08-25 10:46:07,490,1690126268,2026-08-25 10:46:08,server,c3:00:00:13:3b:b7,ESP-03,74277030-55f9-4112-b985-547f2978bdde,EST-C3-R3,static,C3,Sala B,-66,Corredor,junto_porta,Sala B,True,Sala B,False,Sala B,False,False,Sala B,False,True,True,True
2026-08-25 10:46:13,2026-08-25 10:46:12,78,1239498715,2026-08-25 10:46:13,server,c3:00:00:13:3b:b7,ESP-02,dcc4ad9e-3515-417c-b64c-c4f14fa2dde6,EST-C3-R3,static,C3,Sala A,-94,Corredor,junto_porta,Sala A,True,Sala B,False,Sala B,False,False,Sala B,False,False,True,True
2026-08-25 10:46:19,2026-08-25 10:46:18,438,2239514506,2026-08-25 10:46:19,server,c3:00:00:13:3b:b7,ESP-01,24fa6e17-7a6c-4443-af8c-3db9b1808e24,EST-C3-R3,static,C3,Corredor,-71,Corredor,junto_porta,Corredor,True,Sala B,False,Sala B,False,False,Sala B,False,False,True,True
2026-08-25 10:46:21,2026-08-25 10:46:20,491,1690126268,2026-08-25 10:46:21,server,c3:00:00:13:3b:b7,ESP-03,93b47fdf-8539-4c60-86a5-732aebc4aa48,EST-C3-R3,static,C3,Sala B,-67,Corredor,junto_porta,Sala B,True,Sala B,False,Sala B,False,False,Sala B,False,True,True,True
2026-08-25 10:46:26,2026-08-25 10:46:25,79,1239498715,2026-08-25 10:46:26,server,c3:00:00:13:3b:b7,ESP-02,a4d9c59e-24a8-4d41-9294-aeb2f6553663,EST-C3-R3,static,C3,Sala A,-92,Corredor,junto_porta,Sala A,True,Sala B,False,Sala B,False,False,Sala B,False,False,True,True
2026-08-25 10:46:31,2026-08-25 10:46:30,439,2239514506,2026-08-25 10:46:31,server,c3:00:00:13:3b:b7,ESP-01,ef4c4166-4ea8-4c92-8818-3f50b672e676,EST-C3-R3,static,C3,Corredor,-73,Corredor,junto_porta,Corredor,True,Sala B,False,Sala B,False,False,Sala B,False,False,True,True
2026-08-25 10:46:34,2026-08-25 10:46:33,492,1690126268,2026-08-25 10:46:34,server,c3:00:00:13:3b:b7,ESP-03,6dc91407-d0ad-4b61-b453-01a0fec2aa1a,EST-C3-R3,static,C3,Sala B,-66,Corredor,junto_porta,Sala B,True,Sala B,False,Sala B,False,False,Sala B,False,True,True,True
2026-08-25 10:46:38,2026-08-25 10:46:37,80,1239498715,2026-08-25 10:46:38,server,c3:00:00:13:3b:b7,ESP-02,5ece9d02-2f41-461b-8564-4d4767d41bca,EST-C3-R3,static,C3,Sala A,-88,Corredor,junto_porta,Sala A,True,Sala B,False,Sala B,False,False,Sala B,False,False,True,True
2026-08-25 10:46:44,2026-08-25 10:46:43,440,2239514506,2026-08-25 10:46:44,server,c3:00:00:13:3b:b7,ESP-01,e5f2ba64-0547-4233-a7d4-97472b94bee0,EST-C3-R3,static,C3,Corredor,-68,Corredor,junto_porta,Corredor,True,Sala B,False,Sala B,False,False,Sala B,False,False,True,True
2026-08-25 10:46:46,2026-08-25 10:46:45,493,1690126268,2026-08-25 10:46:46,server,c3:00:00:13:3b:b7,ESP-03,d3df627c-e9cb-4cf7-af66-ea797b65d1e0,EST-C3-R3,static,C3,Sala B,-66,Corredor,junto_porta,Sala B,True,Sala B,False,Sala B,False,False,Sala B,False,True,True,True
2026-08-25 10:46:50,2026-08-25 10:46:49,81,1239498715,2026-08-25 10:46:50,server,c3:00:00:13:3b:b7,ESP-02,39cbca9b-36cd-4588-ae05-99f887e8dc7a,EST-C3-R3,static,C3,Sala A,-90,Corredor,junto_porta,Sala A,True,Sala B,False,Sala B,False,False,Sala B,False,False,True,True
2026-08-25 10:46:56,2026-08-25 10:46:56,441,2239514506,2026-08-25 10:46:56,server,c3:00:00:13:3b:b7,ESP-01,f9f9d593-0992-4173-bc2a-2bca7d6bb426,EST-C3-R3,static,C3,Corredor,-68,Corredor,junto_porta,Corredor,True,Sala B,False,Sala B,False,False,Sala B,False,False,True,True
2026-08-25 10:47:36,2026-08-25 10:47:35,497,1690126268,2026-08-25 10:47:36,server,c3:00:00:13:3b:b7,ESP-03,396b86b6-9c78-4620-ad08-94e83623867b,EST-C3-R4,static,C3,Sala B,-66,Corredor,junto_porta,Sala B,True,Sala B,True,Sala B,True,False,,False,False,False,False
2026-08-25 10:47:41,2026-08-25 10:47:41,85,1239498715,2026-08-25 10:47:41,server,c3:00:00:13:3b:b7,ESP-02,365e42e4-fa8c-497b-906a-84d53b9c1b0a,EST-C3-R4,static,C3,Sala A,-92,Corredor,junto_porta,Sala A,True,Sala B,False,Sala B,False,False,,False,False,False,False
2026-08-25 10:47:47,2026-08-25 10:47:46,445,2239514506,2026-08-25 10:47:47,server,c3:00:00:13:3b:b7,ESP-01,c6c446b3-c901-4b4c-8a99-5e3405b14a15,EST-C3-R4,static,C3,Corredor,-73,Corredor,junto_porta,Corredor,True,Sala B,False,Sala B,False,False,Sala B,True,False,True,True
2026-08-25 10:47:49,2026-08-25 10:47:48,498,1690126268,2026-08-25 10:47:49,server,c3:00:00:13:3b:b7,ESP-03,57ce5341-d1c6-407d-8743-af1ea513bbb5,EST-C3-R4,static,C3,Sala B,-66,Corredor,junto_porta,Sala B,True,Sala B,False,Sala B,False,False,Sala B,False,True,True,True
2026-08-25 10:47:54,2026-08-25 10:47:53,86,1239498715,2026-08-25 10:47:54,server,c3:00:00:13:3b:b7,ESP-02,45ba9829-90dc-4ca8-a498-0e8b4a14d070,EST-C3-R4,static,C3,Sala A,-92,Corredor,junto_porta,Sala A,True,Sala B,False,Sala B,False,False,Sala B,False,False,True,True
2026-08-25 10:47:59,2026-08-25 10:47:59,446,2239514506,2026-08-25 10:47:59,server,c3:00:00:13:3b:b7,ESP-01,d47c356d-db11-4ed4-a3d4-78e8ec33fd1a,EST-C3-R4,static,C3,Corredor,-75,Corredor,junto_porta,Corredor,True,Sala B,False,Sala B,False,False,Sala B,False,False,True,True
2026-08-25 10:48:01,2026-08-25 10:48:01,499,1690126268,2026-08-25 10:48:01,server,c3:00:00:13:3b:b7,ESP-03,9facc456-a60d-4b71-a78e-143f4bf738fb,EST-C3-R4,static,C3,Sala B,-68,Corredor,junto_porta,Sala B,True,Sala B,False,Sala B,False,False,Sala B,False,True,True,True
2026-08-25 10:48:06,2026-08-25 10:48:05,87,1239498715,2026-08-25 10:48:06,server,c3:00:00:13:3b:b7,ESP-02,253cb6cf-3066-4523-bd40-040f2e4ce223,EST-C3-R4,static,C3,Sala A,-91,Corredor,junto_porta,Sala A,True,Sala B,False,Sala B,False,False,Sala B,False,False,True,True
2026-08-25 10:48:12,2026-08-25 10:48:11,447,2239514506,2026-08-25 10:48:12,server,c3:00:00:13:3b:b7,ESP-01,f4914096-3622-4cd7-a49a-a7f7c1d5ae3c,EST-C3-R4,static,C3,Corredor,-74,Corredor,junto_porta,Corredor,True,Sala B,False,Sala B,False,False,Sala B,False,False,True,True
2026-08-25 10:48:14,2026-08-25 10:48:13,500,1690126268,2026-08-25 10:48:14,server,c3:00:00:13:3b:b7,ESP-03,96188103-e6ad-498d-a559-dfe3417abef3,EST-C3-R4,static,C3,Sala B,-66,Corredor,junto_porta,Sala B,True,Sala B,False,Sala B,False,False,Sala B,False,True,True,True
2026-08-25 10:48:19,2026-08-25 10:48:18,88,1239498715,2026-08-25 10:48:19,server,c3:00:00:13:3b:b7,ESP-02,4e9f4144-e60b-49d6-8e99-65038b222aa3,EST-C3-R4,static,C3,Sala A,-93,Corredor,junto_porta,Sala A,True,Sala B,False,Sala B,False,False,Sala B,False,False,True,True
2026-08-25 10:48:25,2026-08-25 10:48:24,448,2239514506,2026-08-25 10:48:25,server,c3:00:00:13:3b:b7,ESP-01,b1592027-dee2-410e-a035-bfc144439786,EST-C3-R4,static,C3,Corredor,-74,Corredor,junto_porta,Corredor,True,Sala B,False,Sala B,False,False,Sala B,False,False,True,True
2026-08-25 10:48:26,2026-08-25 10:48:25,501,1690126268,2026-08-25 10:48:26,server,c3:00:00:13:3b:b7,ESP-03,d2caa035-4efe-4465-a4db-b5fce7c81614,EST-C3-R4,static,C3,Sala B,-68,Corredor,junto_porta,Sala B,True,Sala B,False,Sala B,False,False,Sala B,False,True,True,True
2026-08-25 10:48:31,2026-08-25 10:48:31,89,1239498715,2026-08-25 10:48:31,server,c3:00:00:13:3b:b7,ESP-02,6746f934-a9b1-4ce6-95c3-0561eefcf56f,EST-C3-R4,static,C3,Sala A,-92,Corredor,junto_porta,Sala A,True,Sala B,False,Sala B,False,False,Sala B,False,False,True,True
2026-08-25 10:48:37,2026-08-25 10:48:36,449,2239514506,2026-08-25 10:48:37,server,c3:00:00:13:3b:b7,ESP-01,7a94d831-0c91-4faf-8498-0f82be2516ab,EST-C3-R4,static,C3,Corredor,-75,Corredor,junto_porta,Corredor,True,Sala B,False,Sala B,False,False,Sala B,False,False,True,True
2026-08-25 10:48:39,2026-08-25 10:48:38,502,1690126268,2026-08-25 10:48:39,server,c3:00:00:13:3b:b7,ESP-03,1d8e54ed-1300-4e64-ab2b-7e09b156cba5,EST-C3-R4,static,C3,Sala B,-64,Corredor,junto_porta,Sala B,True,Sala B,False,Sala B,False,False,Sala B,False,True,True,True
2026-08-25 10:48:50,2026-08-25 10:48:49,450,2239514506,2026-08-25 10:48:50,server,c3:00:00:13:3b:b7,ESP-01,b50466ef-d04a-479c-9cf4-f903c20c0805,EST-C3-R5,static,C3,Corredor,-74,,,Corredor,True,Corredor,True,Corredor,True,False,,False,False,False,False
2026-08-25 10:48:51,2026-08-25 10:48:50,503,1690126268,2026-08-25 10:48:51,server,c3:00:00:13:3b:b7,ESP-03,536007f7-6c16-4bd7-b91b-15138165127d,EST-C3-R5,static,C3,Sala B,-67,Corredor,junto_porta,Sala B,True,Sala B,True,Sala B,True,False,,False,False,False,False
2026-08-25 10:48:57,2026-08-25 10:48:56,91,1239498715,2026-08-25 10:48:57,server,c3:00:00:13:3b:b7,ESP-02,edb945e1-6705-447b-850f-e7944a3d6359,EST-C3-R5,static,C3,Sala A,-100,Corredor,junto_porta,Sala A,True,Sala B,False,Sala B,False,False,,False,False,False,False
2026-08-25 10:49:02,2026-08-25 10:49:01,451,2239514506,2026-08-25 10:49:02,server,c3:00:00:13:3b:b7,ESP-01,a3ad9040-1070-4394-ad50-9a3c2e34dbd8,EST-C3-R5,static,C3,Corredor,-69,Corredor,junto_porta,Corredor,True,Sala B,False,Sala B,False,False,Sala B,True,False,True,True
2026-08-25 10:49:04,2026-08-25 10:49:03,504,1690126268,2026-08-25 10:49:04,server,c3:00:00:13:3b:b7,ESP-03,ab33e264-02e3-4efb-b3a7-8ef547d33f88,EST-C3-R5,static,C3,Sala B,-69,Corredor,junto_porta,Sala B,True,Sala B,False,Sala B,False,False,Sala B,False,True,True,True
2026-08-25 10:49:09,2026-08-25 10:49:08,92,1239498715,2026-08-25 10:49:09,server,c3:00:00:13:3b:b7,ESP-02,cd77db19-70c3-48ef-88de-5627b07376f7,EST-C3-R5,static,C3,Sala A,-92,Corredor,junto_porta,Sala A,True,Sala B,False,Sala B,False,False,Sala B,False,False,True,True
2026-08-25 10:49:15,2026-08-25 10:49:14,452,2239514506,2026-08-25 10:49:15,server,c3:00:00:13:3b:b7,ESP-01,03724ed6-aafa-47f9-b9b7-52a88a293f78,EST-C3-R5,static,C3,Corredor,-75,Corredor,junto_porta,Corredor,True,Sala B,False,Sala B,False,False,Sala B,False,False,True,True
2026-08-25 10:49:16,2026-08-25 10:49:15,505,1690126268,2026-08-25 10:49:16,server,c3:00:00:13:3b:b7,ESP-03,78509ec4-9a0b-4db7-bde8-a28816022aad,EST-C3-R5,static,C3,Sala B,-68,Corredor,junto_porta,Sala B,True,Sala B,False,Sala B,False,False,Sala B,False,True,True,True
2026-08-25 10:49:21,2026-08-25 10:49:20,93,1239498715,2026-08-25 10:49:21,server,c3:00:00:13:3b:b7,ESP-02,6b39af39-4ba2-43e8-ab34-186dffe6ecd3,EST-C3-R5,static,C3,Sala A,-94,Corredor,junto_porta,Sala A,True,Sala B,False,Sala B,False,False,Sala B,False,False,True,True
2026-08-25 10:49:27,2026-08-25 10:49:27,453,2239514506,2026-08-25 10:49:27,server,c3:00:00:13:3b:b7,ESP-01,58bf0c2e-7ca2-4354-af8a-f36f702d5b0b,EST-C3-R5,static,C3,Corredor,-72,Corredor,junto_porta,Corredor,True,Sala B,False,Sala B,False,False,Sala B,False,False,True,True
2026-08-25 10:49:29,2026-08-25 10:49:28,506,1690126268,2026-08-25 10:49:29,server,c3:00:00:13:3b:b7,ESP-03,37e720fd-e9d2-48fb-9e57-b20cdadc04cb,EST-C3-R5,static,C3,Sala B,-67,Corredor,junto_porta,Sala B,True,Sala B,False,Sala B,False,False,Sala B,False,True,True,True
2026-08-25 10:49:33,2026-08-25 10:49:33,94,1239498715,2026-08-25 10:49:33,server,c3:00:00:13:3b:b7,ESP-02,fd47e9d0-9ff6-4617-b829-c75187f54436,EST-C3-R5,static,C3,Sala A,-99,Corredor,junto_porta,Sala A,True,Sala B,False,Sala B,False,False,Sala B,False,False,True,True
2026-08-25 10:49:40,2026-08-25 10:49:39,454,2239514506,2026-08-25 10:49:40,server,c3:00:00:13:3b:b7,ESP-01,b434f057-b9f0-4df0-b73f-31dc27fc700b,EST-C3-R5,static,C3,Corredor,-72,Corredor,junto_porta,Corredor,True,Sala B,False,Sala B,False,False,Sala B,False,False,True,True
2026-08-25 10:49:41,2026-08-25 10:49:40,507,1690126268,2026-08-25 10:49:41,server,c3:00:00:13:3b:b7,ESP-03,d5e37581-31d6-4090-8a8e-6d64fad31632,EST-C3-R5,static,C3,Sala B,-67,Corredor,junto_porta,Sala B,True,Sala B,False,Sala B,False,False,Sala B,False,True,True,True
2026-08-25 10:49:46,2026-08-25 10:49:45,95,1239498715,2026-08-25 10:49:46,server,c3:00:00:13:3b:b7,ESP-02,2fee448d-5e3f-4a66-89f6-6cab19359450,EST-C3-R5,static,C3,Sala A,-95,Corredor,junto_porta,Sala A,True,Sala B,False,Sala B,False,False,Sala B,False,False,True,True
2026-08-25 10:49:52,2026-08-25 10:49:52,455,2239514506,2026-08-25 10:49:52,server,c3:00:00:13:3b:b7,ESP-01,39c03a7a-7e70-4c7b-9745-77605f2ec455,EST-C3-R5,static,C3,Corredor,-75,Corredor,junto_porta,Corredor,True,Sala B,False,Sala B,False,False,Sala B,False,False,True,True
2026-08-25 10:49:54,2026-08-25 10:49:53,508,1690126268,2026-08-25 10:49:54,server,c3:00:00:13:3b:b7,ESP-03,b6e751e6-37d6-4cd1-a72a-26ec12a493e6,EST-C3-R5,static,C3,Sala B,-68,Corredor,junto_porta,Sala B,True,Sala B,False,Sala B,False,False,Sala B,False,True,True,True
2026-08-25 10:49:59,2026-08-25 10:49:58,96,1239498715,2026-08-25 10:49:59,server,c3:00:00:13:3b:b7,ESP-02,05148a3f-a939-41f4-b459-500bb15bdbfc,EST-C3-R5,static,C3,Sala A,-95,Corredor,junto_porta,Sala A,True,Sala B,False,Sala B,False,False,Sala B,False,False,True,True
2026-08-25 10:06:38,2026-08-25 10:06:37,301,1690126268,2026-08-25 10:06:38,server,c3:00:00:13:3b:b7,ESP-03,0258a90d-ea6b-483f-836f-be405db0ad3e,EST-P1-R1,static,P1,Sala B,-87,,,Sala B,True,Sala B,True,Sala B,True,False,,False,False,False,False
2026-08-25 10:06:39,2026-08-25 10:06:38,208,3069185015,2026-08-25 10:06:39,server,c3:00:00:13:3b:b7,ESP-02,94d0565a-083f-4e3e-8225-6b4ad0bea863,EST-P1-R1,static,P1,Sala A,-68,,,Sala A,True,Sala A,True,Sala A,True,False,,False,False,False,False
2026-08-25 10:06:46,2026-08-25 10:06:45,250,2239514506,2026-08-25 10:06:46,server,c3:00:00:13:3b:b7,ESP-01,63193398-9213-4542-b1c7-f4e97cc7b1ba,EST-P1-R1,static,P1,Corredor,-60,,,Corredor,True,Corredor,True,Corredor,True,False,,False,False,False,False
2026-08-25 10:06:51,2026-08-25 10:06:50,302,1690126268,2026-08-25 10:06:51,server,c3:00:00:13:3b:b7,ESP-03,55352d87-63c3-490b-9d0f-423b3897fc66,EST-P1-R1,static,P1,Sala B,-88,,,Sala B,True,Corredor,False,Corredor,False,False,,False,False,False,False
2026-08-25 10:06:51,2026-08-25 10:06:51,209,3069185015,2026-08-25 10:06:51,server,c3:00:00:13:3b:b7,ESP-02,c502489f-057e-4303-8cf4-4d17102b6178,EST-P1-R1,static,P1,Sala A,-68,,,Sala A,True,Corredor,False,Corredor,False,False,Corredor,True,False,True,True
2026-08-25 10:06:58,2026-08-25 10:06:57,251,2239514506,2026-08-25 10:06:58,server,c3:00:00:13:3b:b7,ESP-01,c0630b32-32fa-49c5-bf29-54281970d505,EST-P1-R1,static,P1,Corredor,-64,,,Corredor,True,Corredor,False,Corredor,False,False,Corredor,False,True,True,True
2026-08-25 10:07:04,2026-08-25 10:07:03,210,3069185015,2026-08-25 10:07:04,server,c3:00:00:13:3b:b7,ESP-02,da3304a1-815f-4ac4-b947-25c61519abd1,EST-P1-R1,static,P1,Sala A,-69,,,Sala A,True,Corredor,False,Corredor,False,False,Corredor,False,False,True,True
2026-08-25 10:07:04,2026-08-25 10:07:03,303,1690126268,2026-08-25 10:07:04,server,c3:00:00:13:3b:b7,ESP-03,21424108-cb74-48de-856a-1b74cd42f0c8,EST-P1-R1,static,P1,Sala B,-90,,,Sala B,True,Corredor,False,Corredor,False,False,Corredor,False,False,True,True
2026-08-25 10:07:10,2026-08-25 10:07:10,252,2239514506,2026-08-25 10:07:10,server,c3:00:00:13:3b:b7,ESP-01,84493f47-6f97-4daa-ac15-814fd4110f78,EST-P1-R1,static,P1,Corredor,-63,,,Corredor,True,Corredor,False,Corredor,False,False,Corredor,False,True,True,True
2026-08-25 10:07:16,2026-08-25 10:07:15,211,3069185015,2026-08-25 10:07:16,server,c3:00:00:13:3b:b7,ESP-02,8be77458-dd11-49cb-b82d-e3c4da154d74,EST-P1-R1,static,P1,Sala A,-68,,,Sala A,True,Corredor,False,Corredor,False,False,Corredor,False,False,True,True
2026-08-25 10:07:16,2026-08-25 10:07:16,304,1690126268,2026-08-25 10:07:16,server,c3:00:00:13:3b:b7,ESP-03,74b3a505-4a1b-46ed-a3f0-cb89467e10c9,EST-P1-R1,static,P1,Sala B,-90,,,Sala B,True,Corredor,False,Corredor,False,False,Corredor,False,False,True,True
2026-08-25 10:07:25,2026-08-25 10:07:22,253,2239514506,2026-08-25 10:07:25,server,c3:00:00:13:3b:b7,ESP-01,a763ca42-5113-459b-84b0-3f3f2404be40,EST-P1-R1,static,P1,Corredor,-65,,,Corredor,True,Corredor,False,Corredor,False,False,Corredor,False,True,True,True
2026-08-25 10:07:28,2026-08-25 10:07:27,212,3069185015,2026-08-25 10:07:28,server,c3:00:00:13:3b:b7,ESP-02,abd67e79-7cef-4100-9bc1-d8916d1a324d,EST-P1-R1,static,P1,Sala A,-69,,,Sala A,True,Corredor,False,Corredor,False,False,Corredor,False,False,True,True
2026-08-25 10:07:29,2026-08-25 10:07:28,305,1690126268,2026-08-25 10:07:29,server,c3:00:00:13:3b:b7,ESP-03,fd22dd8b-9598-4191-a5bb-d16dc5a2b59f,EST-P1-R1,static,P1,Sala B,-86,,,Sala B,True,Corredor,False,Corredor,False,False,Corredor,False,False,True,True
2026-08-25 10:07:38,2026-08-25 10:07:37,254,2239514506,2026-08-25 10:07:38,server,c3:00:00:13:3b:b7,ESP-01,958f60cc-234f-46d3-8282-686d7c3db425,EST-P1-R1,static,P1,Corredor,-63,,,Corredor,True,Corredor,False,Corredor,False,False,Corredor,False,True,True,True
2026-08-25 10:07:40,2026-08-25 10:07:40,213,3069185015,2026-08-25 10:07:40,server,c3:00:00:13:3b:b7,ESP-02,bcdb1166-942a-4041-95e4-3f9398383683,EST-P1-R1,static,P1,Sala A,-68,,,Sala A,True,Corredor,False,Corredor,False,False,Corredor,False,False,True,True
2026-08-25 10:07:41,2026-08-25 10:07:40,306,1690126268,2026-08-25 10:07:41,server,c3:00:00:13:3b:b7,ESP-03,49859e21-bcb1-4e9a-8485-845f74ef9018,EST-P1-R1,static,P1,Sala B,-88,,,Sala B,True,Corredor,False,Corredor,False,False,Corredor,False,False,True,True
2026-08-25 10:08:17,2026-08-25 10:08:17,216,3069185015,2026-08-25 10:08:17,server,c3:00:00:13:3b:b7,ESP-02,cf462afd-237a-4fa0-be6a-ff8488ba809d,EST-P1-R2,static,P1,Sala A,-68,,,Sala A,True,Sala A,True,Sala A,True,False,,False,False,False,False
2026-08-25 10:08:19,2026-08-25 10:08:18,309,1690126268,2026-08-25 10:08:19,server,c3:00:00:13:3b:b7,ESP-03,8fb351b8-32dc-48af-97f9-f466dd1d571d,EST-P1-R2,static,P1,Sala B,-86,,,Sala B,True,Sala A,False,Sala A,False,False,,False,False,False,False
2026-08-25 10:08:28,2026-08-25 10:08:27,258,2239514506,2026-08-25 10:08:28,server,c3:00:00:13:3b:b7,ESP-01,e22fafac-8dfd-40d8-8a2e-dedbaea34320,EST-P1-R2,static,P1,Corredor,-63,,,Corredor,True,Corredor,True,Corredor,True,False,,False,False,False,False
2026-08-25 10:08:30,2026-08-25 10:08:29,217,3069185015,2026-08-25 10:08:30,server,c3:00:00:13:3b:b7,ESP-02,37140c88-479b-4f5a-bad0-da5123c90958,EST-P1-R2,static,P1,Sala A,-68,,,Sala A,True,Corredor,False,Corredor,False,False,,False,False,False,False
2026-08-25 10:08:32,2026-08-25 10:08:31,310,1690126268,2026-08-25 10:08:32,server,c3:00:00:13:3b:b7,ESP-03,7cbdd1c6-256a-4504-a026-8d07feb67ce2,EST-P1-R2,static,P1,Sala B,-86,,,Sala B,True,Corredor,False,Corredor,False,False,Corredor,True,False,True,True
2026-08-25 10:08:40,2026-08-25 10:08:39,259,2239514506,2026-08-25 10:08:40,server,c3:00:00:13:3b:b7,ESP-01,2ca1756e-dd5e-4099-9b7a-59fa9b100155,EST-P1-R2,static,P1,Corredor,-57,,,Corredor,True,Corredor,False,Corredor,False,False,Corredor,False,True,True,True
2026-08-25 10:08:42,2026-08-25 10:08:42,218,3069185015,2026-08-25 10:08:42,server,c3:00:00:13:3b:b7,ESP-02,5c05ced6-2c9d-4502-a01d-2df8fe274f79,EST-P1-R2,static,P1,Sala A,-68,,,Sala A,True,Corredor,False,Corredor,False,False,Corredor,False,False,True,True
2026-08-25 10:08:44,2026-08-25 10:08:44,311,1690126268,2026-08-25 10:08:44,server,c3:00:00:13:3b:b7,ESP-03,7306438a-64e4-41f5-b9f1-9fa254bb9e31,EST-P1-R2,static,P1,Sala B,-86,,,Sala B,True,Corredor,False,Corredor,False,False,Corredor,False,False,True,True
2026-08-25 10:08:53,2026-08-25 10:08:52,260,2239514506,2026-08-25 10:08:53,server,c3:00:00:13:3b:b7,ESP-01,7cdda41b-07ec-403b-bdb2-c6e04e3c6d67,EST-P1-R2,static,P1,Corredor,-64,,,Corredor,True,Corredor,False,Corredor,False,False,Corredor,False,True,True,True
2026-08-25 10:08:55,2026-08-25 10:08:54,219,3069185015,2026-08-25 10:08:55,server,c3:00:00:13:3b:b7,ESP-02,82afe9c9-816a-4080-b6dd-0fc0729b9352,EST-P1-R2,static,P1,Sala A,-68,,,Sala A,True,Corredor,False,Corredor,False,False,Corredor,False,False,True,True
2026-08-25 10:08:57,2026-08-25 10:08:56,312,1690126268,2026-08-25 10:08:57,server,c3:00:00:13:3b:b7,ESP-03,6ad030a3-1af8-40f6-b837-31f0d0f2566f,EST-P1-R2,static,P1,Sala B,-90,,,Sala B,True,Corredor,False,Corredor,False,False,Corredor,False,False,True,True
2026-08-25 10:09:05,2026-08-25 10:09:05,261,2239514506,2026-08-25 10:09:05,server,c3:00:00:13:3b:b7,ESP-01,ff7acb4f-63e9-4a28-8dc4-388d6d4445fd,EST-P1-R2,static,P1,Corredor,-63,,,Corredor,True,Corredor,False,Corredor,False,False,Corredor,False,True,True,True
2026-08-25 10:09:07,2026-08-25 10:09:06,220,3069185015,2026-08-25 10:09:07,server,c3:00:00:13:3b:b7,ESP-02,8dad8312-d42f-4852-b9c0-f13a009d0078,EST-P1-R2,static,P1,Sala A,-69,,,Sala A,True,Corredor,False,Corredor,False,False,Corredor,False,False,True,True
2026-08-25 10:09:09,2026-08-25 10:09:08,313,1690126268,2026-08-25 10:09:09,server,c3:00:00:13:3b:b7,ESP-03,98466058-a512-465e-adf7-eee4120ce549,EST-P1-R2,static,P1,Sala B,-89,,,Sala B,True,Corredor,False,Corredor,False,False,Corredor,False,False,True,True
2026-08-25 10:09:18,2026-08-25 10:09:18,262,2239514506,2026-08-25 10:09:18,server,c3:00:00:13:3b:b7,ESP-01,82961a68-5bdf-4360-9d07-9fc5a6c7f48a,EST-P1-R2,static,P1,Corredor,-60,,,Corredor,True,Corredor,False,Corredor,False,False,Corredor,False,True,True,True
2026-08-25 10:09:19,2026-08-25 10:09:19,221,3069185015,2026-08-25 10:09:19,server,c3:00:00:13:3b:b7,ESP-02,fdbc1eb0-77de-4e72-9a99-a467e9117d0f,EST-P1-R2,static,P1,Sala A,-69,,,Sala A,True,Corredor,False,Corredor,False,False,Corredor,False,False,True,True
2026-08-25 10:09:32,2026-08-25 10:09:31,222,3069185015,2026-08-25 10:09:32,server,c3:00:00:13:3b:b7,ESP-02,bb03ba8a-cbc6-4fdc-84da-8e26b5067621,EST-P1-R3,static,P1,Sala A,-69,,,Sala A,True,Sala A,True,Sala A,True,False,,False,False,False,False
2026-08-25 10:09:34,2026-08-25 10:09:33,315,1690126268,2026-08-25 10:09:34,server,c3:00:00:13:3b:b7,ESP-03,719fe5fc-4a8d-4368-a7cf-9773cfb9ed9f,EST-P1-R3,static,P1,Sala B,-86,,,Sala B,True,Sala A,False,Sala A,False,False,,False,False,False,False
2026-08-25 10:09:43,2026-08-25 10:09:43,264,2239514506,2026-08-25 10:09:43,server,c3:00:00:13:3b:b7,ESP-01,62c88b36-ff45-441e-b244-60ff363c1128,EST-P1-R3,static,P1,Corredor,-63,,,Corredor,True,Corredor,True,Corredor,True,False,,False,False,False,False
2026-08-25 10:09:44,2026-08-25 10:09:44,223,3069185015,2026-08-25 10:09:44,server,c3:00:00:13:3b:b7,ESP-02,502bf6aa-5ce5-4fa6-ab9b-324098347a70,EST-P1-R3,static,P1,Sala A,-68,,,Sala A,True,Corredor,False,Corredor,False,False,,False,False,False,False
2026-08-25 10:09:46,2026-08-25 10:09:46,316,1690126268,2026-08-25 10:09:46,server,c3:00:00:13:3b:b7,ESP-03,e804b534-d059-4692-8ce8-74266889dbd9,EST-P1-R3,static,P1,Sala B,-89,,,Sala B,True,Corredor,False,Corredor,False,False,Corredor,True,False,True,True
2026-08-25 10:09:56,2026-08-25 10:09:55,265,2239514506,2026-08-25 10:09:56,server,c3:00:00:13:3b:b7,ESP-01,27e541f1-b49d-48a2-993d-7e6572b35684,EST-P1-R3,static,P1,Corredor,-60,,,Corredor,True,Corredor,False,Corredor,False,False,Corredor,False,True,True,True
2026-08-25 10:09:57,2026-08-25 10:09:56,224,3069185015,2026-08-25 10:09:57,server,c3:00:00:13:3b:b7,ESP-02,3dad62cf-0142-4371-b536-53338acc05a8,EST-P1-R3,static,P1,Sala A,-66,,,Sala A,True,Corredor,False,Corredor,False,False,Corredor,False,False,True,True
2026-08-25 10:09:59,2026-08-25 10:09:58,317,1690126268,2026-08-25 10:09:59,server,c3:00:00:13:3b:b7,ESP-03,d238a513-988a-4ff7-ae28-99b025c9cad6,EST-P1-R3,static,P1,Sala B,-87,,,Sala B,True,Corredor,False,Corredor,False,False,Corredor,False,False,True,True
2026-08-25 10:10:08,2026-08-25 10:10:08,266,2239514506,2026-08-25 10:10:08,server,c3:00:00:13:3b:b7,ESP-01,0a601a75-5380-4d2b-a372-27851fe3d922,EST-P1-R3,static,P1,Corredor,-63,,,Corredor,True,Corredor,False,Corredor,False,False,Corredor,False,True,True,True
2026-08-25 10:10:09,2026-08-25 10:10:08,225,3069185015,2026-08-25 10:10:09,server,c3:00:00:13:3b:b7,ESP-02,456e393c-25a0-41ed-9cf0-0e72dc6823b6,EST-P1-R3,static,P1,Sala A,-68,,,Sala A,True,Corredor,False,Corredor,False,False,Corredor,False,False,True,True
2026-08-25 10:10:11,2026-08-25 10:10:10,318,1690126268,2026-08-25 10:10:11,server,c3:00:00:13:3b:b7,ESP-03,8a0ad5d1-86cd-4d01-8865-4c8d86e8a2ee,EST-P1-R3,static,P1,Sala B,-85,,,Sala B,True,Corredor,False,Corredor,False,False,Corredor,False,False,True,True
2026-08-25 10:10:21,2026-08-25 10:10:20,267,2239514506,2026-08-25 10:10:21,server,c3:00:00:13:3b:b7,ESP-01,5de5a50a-19fa-40b8-88cf-33e1aeff6a53,EST-P1-R3,static,P1,Corredor,-60,,,Corredor,True,Corredor,False,Corredor,False,False,Corredor,False,True,True,True
2026-08-25 10:10:21,2026-08-25 10:10:21,226,3069185015,2026-08-25 10:10:21,server,c3:00:00:13:3b:b7,ESP-02,92cf7974-7d5f-45da-b5fc-174512e2803b,EST-P1-R3,static,P1,Sala A,-69,,,Sala A,True,Corredor,False,Corredor,False,False,Corredor,False,False,True,True
2026-08-25 10:10:23,2026-08-25 10:10:23,319,1690126268,2026-08-25 10:10:23,server,c3:00:00:13:3b:b7,ESP-03,bf199631-699e-4a05-9b36-9b9509255014,EST-P1-R3,static,P1,Sala B,-85,,,Sala B,True,Corredor,False,Corredor,False,False,Corredor,False,False,True,True
2026-08-25 10:10:34,2026-08-25 10:10:33,268,2239514506,2026-08-25 10:10:34,server,c3:00:00:13:3b:b7,ESP-01,d792b23c-6e61-43eb-961a-dfb91af889a7,EST-P1-R3,static,P1,Corredor,-63,,,Corredor,True,Corredor,False,Corredor,False,False,Corredor,False,True,True,True
2026-08-25 10:10:34,2026-08-25 10:10:33,227,3069185015,2026-08-25 10:10:34,server,c3:00:00:13:3b:b7,ESP-02,183cea23-cc91-4cd1-9229-ea12ca58fb27,EST-P1-R3,static,P1,Sala A,-69,,,Sala A,True,Corredor,False,Corredor,False,False,Corredor,False,False,True,True
2026-08-25 10:10:36,2026-08-25 10:10:35,320,1690126268,2026-08-25 10:10:36,server,c3:00:00:13:3b:b7,ESP-03,cb120d84-7d8e-4811-86e4-797789b1b871,EST-P1-R3,static,P1,Sala B,-85,,,Sala B,True,Corredor,False,Corredor,False,False,Corredor,False,False,True,True
2026-08-25 10:10:59,2026-08-25 10:10:58,229,3069185015,2026-08-25 10:10:59,server,c3:00:00:13:3b:b7,ESP-02,22260760-0db0-4791-8749-78aac9cbb444,EST-P1-R4,static,P1,Sala A,-70,,,Sala A,True,Sala A,True,Sala A,True,False,,False,False,False,False
2026-08-25 10:10:59,2026-08-25 10:10:58,270,2239514506,2026-08-25 10:10:59,server,c3:00:00:13:3b:b7,ESP-01,6b0b1c1a-7e29-40fd-a155-a5f2fd213a7f,EST-P1-R4,static,P1,Corredor,-60,,,Corredor,True,Corredor,True,Corredor,True,False,,False,False,False,False
2026-08-25 10:11:01,2026-08-25 10:11:00,322,1690126268,2026-08-25 10:11:01,server,c3:00:00:13:3b:b7,ESP-03,e035da11-53fe-4a9e-b3c0-83be6cfa5e77,EST-P1-R4,static,P1,Sala B,-86,,,Sala B,True,Corredor,False,Corredor,False,False,,False,False,False,False
2026-08-25 10:11:11,2026-08-25 10:11:10,230,3069185015,2026-08-25 10:11:11,server,c3:00:00:13:3b:b7,ESP-02,d789dc72-28bd-44d9-9fa9-17955a9860fb,EST-P1-R4,static,P1,Sala A,-70,,,Sala A,True,Corredor,False,Corredor,False,False,Corredor,True,False,True,True
2026-08-25 10:11:12,2026-08-25 10:11:11,271,2239514506,2026-08-25 10:11:12,server,c3:00:00:13:3b:b7,ESP-01,1aa60c12-97a6-48fe-b03c-513dfa35e875,EST-P1-R4,static,P1,Corredor,-63,,,Corredor,True,Corredor,False,Corredor,False,False,Corredor,False,True,True,True
2026-08-25 10:11:13,2026-08-25 10:11:12,323,1690126268,2026-08-25 10:11:13,server,c3:00:00:13:3b:b7,ESP-03,64143692-839b-4f34-82af-080dbece8bd9,EST-P1-R4,static,P1,Sala B,-86,,,Sala B,True,Corredor,False,Corredor,False,False,Corredor,False,False,True,True
2026-08-25 10:11:24,2026-08-25 10:11:23,231,3069185015,2026-08-25 10:11:24,server,c3:00:00:13:3b:b7,ESP-02,64ff73e1-5a68-4d96-9529-0f54edea5513,EST-P1-R4,static,P1,Sala A,-66,,,Sala A,True,Corredor,False,Corredor,False,False,Corredor,False,False,True,True
2026-08-25 10:11:24,2026-08-25 10:11:24,272,2239514506,2026-08-25 10:11:24,server,c3:00:00:13:3b:b7,ESP-01,8c5c640f-a24d-40a6-a02f-0ab8f457ad42,EST-P1-R4,static,P1,Corredor,-62,,,Corredor,True,Corredor,False,Corredor,False,False,Corredor,False,True,True,True
2026-08-25 10:11:25,2026-08-25 10:11:25,324,1690126268,2026-08-25 10:11:25,server,c3:00:00:13:3b:b7,ESP-03,3819742d-fd98-4d77-b529-6b16819326a8,EST-P1-R4,static,P1,Sala B,-86,,,Sala B,True,Corredor,False,Corredor,False,False,Corredor,False,False,True,True
2026-08-25 10:11:37,2026-08-25 10:11:36,232,3069185015,2026-08-25 10:11:37,server,c3:00:00:13:3b:b7,ESP-02,07c85c8c-edc0-4b46-a3b2-4dee2c648c0b,EST-P1-R4,static,P1,Sala A,-66,,,Sala A,True,Corredor,False,Corredor,False,False,Corredor,False,False,True,True
2026-08-25 10:11:37,2026-08-25 10:11:36,273,2239514506,2026-08-25 10:11:37,server,c3:00:00:13:3b:b7,ESP-01,2fe85a2e-26ef-43a1-ac35-dec03e6f0001,EST-P1-R4,static,P1,Corredor,-60,,,Corredor,True,Corredor,False,Corredor,False,False,Corredor,False,True,True,True
2026-08-25 10:11:38,2026-08-25 10:11:37,325,1690126268,2026-08-25 10:11:38,server,c3:00:00:13:3b:b7,ESP-03,99670257-e733-4d52-b4de-e6ad56b5876a,EST-P1-R4,static,P1,Sala B,-86,,,Sala B,True,Corredor,False,Corredor,False,False,Corredor,False,False,True,True
2026-08-25 10:11:49,2026-08-25 10:11:49,233,3069185015,2026-08-25 10:11:49,server,c3:00:00:13:3b:b7,ESP-02,9b621b32-a3ad-4b52-85bf-4578f8bcaa95,EST-P1-R4,static,P1,Sala A,-69,,,Sala A,True,Corredor,False,Corredor,False,False,Corredor,False,False,True,True
2026-08-25 10:11:50,2026-08-25 10:11:49,274,2239514506,2026-08-25 10:11:50,server,c3:00:00:13:3b:b7,ESP-01,81179c4a-2b58-477d-9d60-bffe329b83c7,EST-P1-R4,static,P1,Corredor,-60,,,Corredor,True,Corredor,False,Corredor,False,False,Corredor,False,True,True,True
2026-08-25 10:11:51,2026-08-25 10:11:50,326,1690126268,2026-08-25 10:11:51,server,c3:00:00:13:3b:b7,ESP-03,44014b01-76f7-418d-b4a6-6ef4b74dc15b,EST-P1-R4,static,P1,Sala B,-87,,,Sala B,True,Corredor,False,Corredor,False,False,Corredor,False,False,True,True
2026-08-25 10:12:27,2026-08-25 10:12:26,236,3069185015,2026-08-25 10:12:27,server,c3:00:00:13:3b:b7,ESP-02,0df5aeb5-0512-494f-b948-f54d06a97c16,EST-P1-R5,static,P1,Sala A,-69,,,Sala A,True,Sala A,True,Sala A,True,False,,False,False,False,False
2026-08-25 10:12:28,2026-08-25 10:12:27,277,2239514506,2026-08-25 10:12:28,server,c3:00:00:13:3b:b7,ESP-01,1e78ef68-45b8-4961-84f5-a60785d23287,EST-P1-R5,static,P1,Corredor,-60,,,Corredor,True,Corredor,True,Corredor,True,False,,False,False,False,False
2026-08-25 10:12:28,2026-08-25 10:12:27,329,1690126268,2026-08-25 10:12:28,server,c3:00:00:13:3b:b7,ESP-03,ffba61a8-1bdb-417b-939a-c0f3e5efeb6a,EST-P1-R5,static,P1,Sala B,-91,,,Sala B,True,Corredor,False,Corredor,False,False,,False,False,False,False
2026-08-25 10:12:40,2026-08-25 10:12:39,237,3069185015,2026-08-25 10:12:40,server,c3:00:00:13:3b:b7,ESP-02,d37512ff-b6d4-40e6-96b3-e5d09c2e9511,EST-P1-R5,static,P1,Sala A,-66,,,Sala A,True,Corredor,False,Corredor,False,False,Corredor,True,False,True,True
2026-08-25 10:12:41,2026-08-25 10:12:40,330,1690126268,2026-08-25 10:12:41,server,c3:00:00:13:3b:b7,ESP-03,237e38be-b4f2-4d36-bf2b-c1e84969b88c,EST-P1-R5,static,P1,Sala B,-86,,,Sala B,True,Corredor,False,Corredor,False,False,Corredor,False,False,True,True
2026-08-25 10:12:41,2026-08-25 10:12:40,278,2239514506,2026-08-25 10:12:41,server,c3:00:00:13:3b:b7,ESP-01,453e5508-3c1b-4fc9-87d2-14ae83949a80,EST-P1-R5,static,P1,Corredor,-63,,,Corredor,True,Corredor,False,Corredor,False,False,Corredor,False,True,True,True
2026-08-25 10:12:52,2026-08-25 10:12:52,238,3069185015,2026-08-25 10:12:52,server,c3:00:00:13:3b:b7,ESP-02,3c3c4b7c-285c-41cd-a13b-29f2b39f6b7f,EST-P1-R5,static,P1,Sala A,-70,,,Sala A,True,Corredor,False,Corredor,False,False,Corredor,False,False,True,True
2026-08-25 10:12:53,2026-08-25 10:12:52,279,2239514506,2026-08-25 10:12:53,server,c3:00:00:13:3b:b7,ESP-01,3103bbb3-eadd-4d8d-9a44-e24f58f4a222,EST-P1-R5,static,P1,Corredor,-60,,,Corredor,True,Corredor,False,Corredor,False,False,Corredor,False,True,True,True
2026-08-25 10:12:53,2026-08-25 10:12:53,331,1690126268,2026-08-25 10:12:53,server,c3:00:00:13:3b:b7,ESP-03,8187e6d4-9d68-4a89-8182-e8f5187c3386,EST-P1-R5,static,P1,Sala B,-87,,,Sala B,True,Corredor,False,Corredor,False,False,Corredor,False,False,True,True
2026-08-25 10:13:05,2026-08-25 10:13:04,239,3069185015,2026-08-25 10:13:05,server,c3:00:00:13:3b:b7,ESP-02,752cffdf-baf5-4b58-9046-e5045c5d85b5,EST-P1-R5,static,P1,Sala A,-66,,,Sala A,True,Corredor,False,Corredor,False,False,Corredor,False,False,True,True
2026-08-25 10:13:06,2026-08-25 10:13:05,280,2239514506,2026-08-25 10:13:06,server,c3:00:00:13:3b:b7,ESP-01,072e5db2-690e-4c28-a983-2735fedc9c5f,EST-P1-R5,static,P1,Corredor,-63,,,Corredor,True,Corredor,False,Corredor,False,False,Corredor,False,True,True,True
2026-08-25 10:13:06,2026-08-25 10:13:05,332,1690126268,2026-08-25 10:13:06,server,c3:00:00:13:3b:b7,ESP-03,cc271f04-d62a-4f81-8298-a9baa3d5a357,EST-P1-R5,static,P1,Sala B,-86,,,Sala B,True,Corredor,False,Corredor,False,False,Corredor,False,False,True,True
2026-08-25 10:13:17,2026-08-25 10:13:17,240,3069185015,2026-08-25 10:13:17,server,c3:00:00:13:3b:b7,ESP-02,9756ad41-e850-4b29-a479-addb5133ed71,EST-P1-R5,static,P1,Sala A,-70,,,Sala A,True,Corredor,False,Corredor,False,False,Corredor,False,False,True,True
2026-08-25 10:13:18,2026-08-25 10:13:17,281,2239514506,2026-08-25 10:13:18,server,c3:00:00:13:3b:b7,ESP-01,034d159f-2474-44f8-b26d-921ced4495a0,EST-P1-R5,static,P1,Corredor,-63,,,Corredor,True,Corredor,False,Corredor,False,False,Corredor,False,True,True,True
2026-08-25 10:13:18,2026-08-25 10:13:17,333,1690126268,2026-08-25 10:13:18,server,c3:00:00:13:3b:b7,ESP-03,c75ff972-e8bc-4a4f-ba20-165a3d63fd13,EST-P1-R5,static,P1,Sala B,-86,,,Sala B,True,Corredor,False,Corredor,False,False,Corredor,False,False,True,True
2026-08-25 10:51:35,2026-08-25 10:51:35,463,2239514506,2026-08-25 10:51:35,server,c3:00:00:13:3b:b7,ESP-01,1777e079-9ca7-448d-adaa-5682ae692e5c,EST-P2-R1,static,P2,Corredor,-82,,,Corredor,True,Corredor,True,Corredor,True,False,,False,False,False,False
2026-08-25 10:51:36,2026-08-25 10:51:36,516,1690126268,2026-08-25 10:51:36,server,c3:00:00:13:3b:b7,ESP-03,bc597bea-878c-4012-86db-1c13ef46ac5e,EST-P2-R1,static,P2,Sala B,-68,,,Sala B,True,Sala B,True,Sala B,True,False,,False,False,False,False
2026-08-25 10:51:39,2026-08-25 10:51:38,104,1239498715,2026-08-25 10:51:39,server,c3:00:00:13:3b:b7,ESP-02,8e592c5f-9f22-4d05-82c4-497ee36af449,EST-P2-R1,static,P2,Sala A,-90,,,Sala A,True,Sala B,False,Sala B,False,False,,False,False,False,False
2026-08-25 10:51:48,2026-08-25 10:51:47,464,2239514506,2026-08-25 10:51:48,server,c3:00:00:13:3b:b7,ESP-01,e2715123-7da2-46a4-a2b8-528036b3141a,EST-P2-R1,static,P2,Corredor,-78,,,Corredor,True,Sala B,False,Sala B,False,False,Sala B,True,False,True,True
2026-08-25 10:51:49,2026-08-25 10:51:48,517,1690126268,2026-08-25 10:51:49,server,c3:00:00:13:3b:b7,ESP-03,542e60d9-bd82-45be-af66-a825d5507667,EST-P2-R1,static,P2,Sala B,-69,,,Sala B,True,Sala B,False,Sala B,False,False,Sala B,False,True,True,True
2026-08-25 10:51:51,2026-08-25 10:51:50,105,1239498715,2026-08-25 10:51:51,server,c3:00:00:13:3b:b7,ESP-02,6944c824-a205-48c6-8c4b-9b84e38fb714,EST-P2-R1,static,P2,Sala A,-91,,,Sala A,True,Sala B,False,Sala B,False,False,Sala B,False,False,True,True
2026-08-25 10:52:00,2026-08-25 10:52:00,465,2239514506,2026-08-25 10:52:00,server,c3:00:00:13:3b:b7,ESP-01,abefa862-7815-4417-ad7c-87d49d5a0283,EST-P2-R1,static,P2,Corredor,-81,,,Corredor,True,Sala B,False,Sala B,False,False,Sala B,False,False,True,True
2026-08-25 10:52:02,2026-08-25 10:52:01,518,1690126268,2026-08-25 10:52:02,server,c3:00:00:13:3b:b7,ESP-03,ca0df223-e261-44dd-b710-f1b934362193,EST-P2-R1,static,P2,Sala B,-69,,,Sala B,True,Sala B,False,Sala B,False,False,Sala B,False,True,True,True
2026-08-25 10:52:03,2026-08-25 10:52:03,106,1239498715,2026-08-25 10:52:03,server,c3:00:00:13:3b:b7,ESP-02,be2eb378-3a34-40d0-89ad-c00f40675ca9,EST-P2-R1,static,P2,Sala A,-85,,,Sala A,True,Sala B,False,Sala B,False,False,Sala B,False,False,True,True
2026-08-25 10:52:13,2026-08-25 10:52:12,466,2239514506,2026-08-25 10:52:13,server,c3:00:00:13:3b:b7,ESP-01,ffbd1e0e-1fc8-42f1-aeb0-edd62ad3f262,EST-P2-R1,static,P2,Corredor,-79,,,Corredor,True,Sala B,False,Sala B,False,False,Sala B,False,False,True,True
2026-08-25 10:52:15,2026-08-25 10:52:14,519,1690126268,2026-08-25 10:52:15,server,c3:00:00:13:3b:b7,ESP-03,db9b99cc-7e37-43cb-b9f7-44a6e77a4874,EST-P2-R1,static,P2,Sala B,-68,,,Sala B,True,Sala B,False,Sala B,False,False,Sala B,False,True,True,True
2026-08-25 10:52:16,2026-08-25 10:52:15,107,1239498715,2026-08-25 10:52:16,server,c3:00:00:13:3b:b7,ESP-02,10622e68-efc1-4b7b-b9df-51c224af99c0,EST-P2-R1,static,P2,Sala A,-92,,,Sala A,True,Sala B,False,Sala B,False,False,Sala B,False,False,True,True
2026-08-25 10:52:25,2026-08-25 10:52:25,467,2239514506,2026-08-25 10:52:25,server,c3:00:00:13:3b:b7,ESP-01,bb84c0a8-bced-4b30-9e63-3859fd33b7bd,EST-P2-R1,static,P2,Corredor,-81,,,Corredor,True,Sala B,False,Sala B,False,False,Sala B,False,False,True,True
2026-08-25 10:52:28,2026-08-25 10:52:27,520,1690126268,2026-08-25 10:52:28,server,c3:00:00:13:3b:b7,ESP-03,5f5020f8-3584-4021-8078-783783c02e99,EST-P2-R1,static,P2,Sala B,-69,,,Sala B,True,Sala B,False,Sala B,False,False,Sala B,False,True,True,True
2026-08-25 10:52:29,2026-08-25 10:52:28,108,1239498715,2026-08-25 10:52:29,server,c3:00:00:13:3b:b7,ESP-02,8891c992-2a06-4032-9312-9fd71d984d27,EST-P2-R1,static,P2,Sala A,-92,,,Sala A,True,Sala B,False,Sala B,False,False,Sala B,False,False,True,True
2026-08-25 10:52:38,2026-08-25 10:52:38,468,2239514506,2026-08-25 10:52:38,server,c3:00:00:13:3b:b7,ESP-01,65b3ddd2-7f5a-4c27-9f91-0c05b5198be0,EST-P2-R1,static,P2,Corredor,-80,,,Corredor,True,Sala B,False,Sala B,False,False,Sala B,False,False,True,True
2026-08-25 10:52:40,2026-08-25 10:52:39,521,1690126268,2026-08-25 10:52:40,server,c3:00:00:13:3b:b7,ESP-03,5661c943-a453-427f-ba31-f1c1390f22c8,EST-P2-R1,static,P2,Sala B,-72,,,Sala B,True,Sala B,False,Sala B,False,False,Sala B,False,True,True,True
2026-08-25 10:52:41,2026-08-25 10:52:40,109,1239498715,2026-08-25 10:52:41,server,c3:00:00:13:3b:b7,ESP-02,ae8dc53f-619c-4bb6-8ed5-1cac9623ecd9,EST-P2-R1,static,P2,Sala A,-86,,,Sala A,True,Sala B,False,Sala B,False,False,Sala B,False,False,True,True
2026-08-25 10:52:53,2026-08-25 10:52:52,522,1690126268,2026-08-25 10:52:53,server,c3:00:00:13:3b:b7,ESP-03,5519bc9a-6cb8-460b-a0d3-796faef3c223,EST-P2-R2,static,P2,Sala B,-72,,,Sala B,True,Sala B,True,Sala B,True,False,,False,False,False,False
2026-08-25 10:52:54,2026-08-25 10:52:53,110,1239498715,2026-08-25 10:52:54,server,c3:00:00:13:3b:b7,ESP-02,42bca9f2-638a-44b6-a5a3-6896c9986879,EST-P2-R2,static,P2,Sala A,-94,,,Sala A,True,Sala B,False,Sala B,False,False,,False,False,False,False
2026-08-25 10:53:03,2026-08-25 10:53:03,470,2239514506,2026-08-25 10:53:03,server,c3:00:00:13:3b:b7,ESP-01,28e81326-091c-44b1-ac90-034e7dcafa07,EST-P2-R2,static,P2,Corredor,-94,,,Corredor,True,Sala B,False,Sala B,False,False,Sala B,True,False,True,True
2026-08-25 10:53:06,2026-08-25 10:53:05,523,1690126268,2026-08-25 10:53:06,server,c3:00:00:13:3b:b7,ESP-03,4e4ac729-acb9-425c-86ad-829ff55c44fa,EST-P2-R2,static,P2,Sala B,-72,,,Sala B,True,Sala B,False,Sala B,False,False,Sala B,False,True,True,True
2026-08-25 10:53:06,2026-08-25 10:53:05,111,1239498715,2026-08-25 10:53:06,server,c3:00:00:13:3b:b7,ESP-02,bad9e1e5-9feb-4250-ad28-d2aceedd92f5,EST-P2-R2,static,P2,Sala A,-88,,,Sala A,True,Sala B,False,Sala B,False,False,Sala B,False,False,True,True
2026-08-25 10:53:16,2026-08-25 10:53:15,471,2239514506,2026-08-25 10:53:16,server,c3:00:00:13:3b:b7,ESP-01,29d3d61a-1252-4d0e-91aa-e42320ca43ea,EST-P2-R2,static,P2,Corredor,-85,,,Corredor,True,Sala B,False,Sala B,False,False,Sala B,False,False,True,True
2026-08-25 10:53:18,2026-08-25 10:53:17,112,1239498715,2026-08-25 10:53:18,server,c3:00:00:13:3b:b7,ESP-02,4a3a71e6-2707-4048-9ae2-628eae3ed614,EST-P2-R2,static,P2,Sala A,-87,,,Sala A,True,Sala B,False,Sala B,False,False,Sala B,False,False,True,True
2026-08-25 10:53:18,2026-08-25 10:53:17,524,1690126268,2026-08-25 10:53:18,server,c3:00:00:13:3b:b7,ESP-03,fe09820f-325b-474d-96de-4847cddf233a,EST-P2-R2,static,P2,Sala B,-68,,,Sala B,True,Sala B,False,Sala B,False,False,Sala B,False,True,True,True
2026-08-25 10:53:29,2026-08-25 10:53:28,472,2239514506,2026-08-25 10:53:29,server,c3:00:00:13:3b:b7,ESP-01,68578954-0129-4b91-877c-cb1c1b1975da,EST-P2-R2,static,P2,Corredor,-79,,,Corredor,True,Sala B,False,Sala B,False,False,Sala B,False,False,True,True
2026-08-25 10:53:31,2026-08-25 10:53:30,525,1690126268,2026-08-25 10:53:31,server,c3:00:00:13:3b:b7,ESP-03,76973b7c-30af-4c73-9b40-bb678cee3b17,EST-P2-R2,static,P2,Sala B,-72,,,Sala B,True,Sala B,False,Sala B,False,False,Sala B,False,True,True,True
2026-08-25 10:53:31,2026-08-25 10:53:30,113,1239498715,2026-08-25 10:53:31,server,c3:00:00:13:3b:b7,ESP-02,6198e213-1925-4a30-b804-ad5625f8576c,EST-P2-R2,static,P2,Sala A,-94,,,Sala A,True,Sala B,False,Sala B,False,False,Sala B,False,False,True,True
2026-08-25 10:53:41,2026-08-25 10:53:41,473,2239514506,2026-08-25 10:53:41,server,c3:00:00:13:3b:b7,ESP-01,40ff8e89-5f71-41b7-9dfc-3f4e1d7ab1ba,EST-P2-R2,static,P2,Corredor,-86,,,Corredor,True,Sala B,False,Sala B,False,False,Sala B,False,False,True,True
2026-08-25 10:53:43,2026-08-25 10:53:43,114,1239498715,2026-08-25 10:53:43,server,c3:00:00:13:3b:b7,ESP-02,b36b3802-fc93-4577-91f6-047f1bf8202f,EST-P2-R2,static,P2,Sala A,-86,,,Sala A,True,Sala B,False,Sala B,False,False,Sala B,False,False,True,True
2026-08-25 10:53:43,2026-08-25 10:53:43,526,1690126268,2026-08-25 10:53:43,server,c3:00:00:13:3b:b7,ESP-03,e10eeefc-3b74-4a1e-a4fb-f47c5cc9d18e,EST-P2-R2,static,P2,Sala B,-69,,,Sala B,True,Sala B,False,Sala B,False,False,Sala B,False,True,True,True
2026-08-25 10:53:54,2026-08-25 10:53:53,474,2239514506,2026-08-25 10:53:54,server,c3:00:00:13:3b:b7,ESP-01,6fe829c1-70ad-42ad-ac1b-684fda2c8585,EST-P2-R2,static,P2,Corredor,-96,,,Corredor,True,Sala B,False,Sala B,False,False,Sala B,False,False,True,True
2026-08-25 10:54:19,2026-08-25 10:54:18,476,2239514506,2026-08-25 10:54:19,server,c3:00:00:13:3b:b7,ESP-01,c1a02912-8f27-4299-9658-0eafc4982f37,EST-P2-R3,static,P2,Corredor,-85,,,Corredor,True,Corredor,True,Corredor,True,False,,False,False,False,False
2026-08-25 10:54:20,2026-08-25 10:54:19,117,1239498715,2026-08-25 10:54:20,server,c3:00:00:13:3b:b7,ESP-02,09cd8183-c139-4597-a6ea-da2cf254543a,EST-P2-R3,static,P2,Sala A,-86,,,Sala A,True,Corredor,False,Corredor,False,False,,False,False,False,False
2026-08-25 10:54:22,2026-08-25 10:54:21,529,1690126268,2026-08-25 10:54:22,server,c3:00:00:13:3b:b7,ESP-03,146ebd97-48b4-44cc-9dca-d9414fb7cf05,EST-P2-R3,static,P2,Sala B,-68,,,Sala B,True,Sala B,True,Sala B,True,False,,False,False,False,False
2026-08-25 10:54:31,2026-08-25 10:54:30,477,2239514506,2026-08-25 10:54:31,server,c3:00:00:13:3b:b7,ESP-01,048f84ea-3685-4a91-b2be-be4aa9cbdb2e,EST-P2-R3,static,P2,Corredor,-85,,,Corredor,True,Sala B,False,Sala B,False,False,,False,False,False,False
2026-08-25 10:54:32,2026-08-25 10:54:32,118,1239498715,2026-08-25 10:54:32,server,c3:00:00:13:3b:b7,ESP-02,3ed6e336-8f5e-4d99-a95a-ba367a9f8cd0,EST-P2-R3,static,P2,Sala A,-86,,,Sala A,True,Sala B,False,Sala B,False,False,Sala B,True,False,True,True
2026-08-25 10:54:35,2026-08-25 10:54:34,530,1690126268,2026-08-25 10:54:35,server,c3:00:00:13:3b:b7,ESP-03,547466b6-4fb9-4ebc-a081-ec451cdc2c8d,EST-P2-R3,static,P2,Sala B,-68,,,Sala B,True,Sala B,False,Sala B,False,False,Sala B,False,True,True,True
2026-08-25 10:54:44,2026-08-25 10:54:43,478,2239514506,2026-08-25 10:54:44,server,c3:00:00:13:3b:b7,ESP-01,681aa001-eb97-4540-a227-43c64db6765f,EST-P2-R3,static,P2,Corredor,-86,,,Corredor,True,Sala B,False,Sala B,False,False,Sala B,False,False,True,True
2026-08-25 10:54:45,2026-08-25 10:54:44,119,1239498715,2026-08-25 10:54:45,server,c3:00:00:13:3b:b7,ESP-02,eb0f870d-6456-4555-abe2-6d961d709d1c,EST-P2-R3,static,P2,Sala A,-86,,,Sala A,True,Sala B,False,Sala B,False,False,Sala B,False,False,True,True
2026-08-25 10:54:47,2026-08-25 10:54:47,531,1690126268,2026-08-25 10:54:47,server,c3:00:00:13:3b:b7,ESP-03,e538f237-b3f4-44d2-b50e-b95272b7b4f2,EST-P2-R3,static,P2,Sala B,-68,,,Sala B,True,Sala B,False,Sala B,False,False,Sala B,False,True,True,True
2026-08-25 10:54:56,2026-08-25 10:54:55,479,2239514506,2026-08-25 10:54:56,server,c3:00:00:13:3b:b7,ESP-01,33b88991-1b58-4d53-a353-d4b09098f94b,EST-P2-R3,static,P2,Corredor,-95,,,Corredor,True,Sala B,False,Sala B,False,False,Sala B,False,False,True,True
2026-08-25 10:54:57,2026-08-25 10:54:56,120,1239498715,2026-08-25 10:54:57,server,c3:00:00:13:3b:b7,ESP-02,a2049ff7-d24e-49dc-9ae0-f5130cc47478,EST-P2-R3,static,P2,Sala A,-86,,,Sala A,True,Sala B,False,Sala B,False,False,Sala B,False,False,True,True
2026-08-25 10:55:00,2026-08-25 10:54:59,532,1690126268,2026-08-25 10:55:00,server,c3:00:00:13:3b:b7,ESP-03,ed59ade6-fe5f-488f-b679-c2ceea773828,EST-P2-R3,static,P2,Sala B,-68,,,Sala B,True,Sala B,False,Sala B,False,False,Sala B,False,True,True,True
2026-08-25 10:55:09,2026-08-25 10:55:08,480,2239514506,2026-08-25 10:55:09,server,c3:00:00:13:3b:b7,ESP-01,081f6023-8311-4b31-a41e-9ad3870c8edd,EST-P2-R3,static,P2,Corredor,-79,,,Corredor,True,Sala B,False,Sala B,False,False,Sala B,False,False,True,True
2026-08-25 10:55:09,2026-08-25 10:55:09,121,1239498715,2026-08-25 10:55:09,server,c3:00:00:13:3b:b7,ESP-02,1dd7aead-ce8e-4c88-a661-bae97c7c89c3,EST-P2-R3,static,P2,Sala A,-85,,,Sala A,True,Sala B,False,Sala B,False,False,Sala B,False,False,True,True
2026-08-25 10:55:26,2026-08-25 10:55:25,534,1690126268,2026-08-25 10:55:26,server,c3:00:00:13:3b:b7,ESP-03,5b72f65c-d87f-494f-b01e-0af84850bf11,EST-P2-R4,static,P2,Sala B,-69,,,Sala B,True,Sala B,True,Sala B,True,False,,False,False,False,False
2026-08-25 10:55:33,2026-08-25 10:55:33,482,2239514506,2026-08-25 10:55:33,server,c3:00:00:13:3b:b7,ESP-01,0e01ec84-6caa-419a-aa7f-67760132f817,EST-P2-R4,static,P2,Corredor,-80,,,Corredor,True,Sala B,False,Sala B,False,False,,False,False,False,False
2026-08-25 10:55:34,2026-08-25 10:55:33,123,1239498715,2026-08-25 10:55:34,server,c3:00:00:13:3b:b7,ESP-02,58b63945-17f2-41a0-b7f0-1bab895b6f03,EST-P2-R4,static,P2,Sala A,-86,,,Sala A,True,Sala B,False,Sala B,False,False,Sala B,True,False,True,True
2026-08-25 10:55:39,2026-08-25 10:55:38,535,1690126268,2026-08-25 10:55:39,server,c3:00:00:13:3b:b7,ESP-03,10c63dbb-ca95-4c32-b794-189a801cd2ec,EST-P2-R4,static,P2,Sala B,-69,,,Sala B,True,Sala B,False,Sala B,False,False,Sala B,False,True,True,True
2026-08-25 10:55:46,2026-08-25 10:55:45,483,2239514506,2026-08-25 10:55:46,server,c3:00:00:13:3b:b7,ESP-01,56f616d3-7b82-4e30-9fb8-81b242ddabeb,EST-P2-R4,static,P2,Corredor,-93,,,Corredor,True,Sala B,False,Sala B,False,False,Sala B,False,False,True,True
2026-08-25 10:55:47,2026-08-25 10:55:46,124,1239498715,2026-08-25 10:55:47,server,c3:00:00:13:3b:b7,ESP-02,deaf8279-b241-4bee-8206-e86d3606456f,EST-P2-R4,static,P2,Sala A,-86,,,Sala A,True,Sala B,False,Sala B,False,False,Sala B,False,False,True,True
2026-08-25 10:55:51,2026-08-25 10:55:51,536,1690126268,2026-08-25 10:55:51,server,c3:00:00:13:3b:b7,ESP-03,220cd106-adda-456f-bf83-e040cd75c9a4,EST-P2-R4,static,P2,Sala B,-68,,,Sala B,True,Sala B,False,Sala B,False,False,Sala B,False,True,True,True
2026-08-25 10:55:58,2026-08-25 10:55:58,484,2239514506,2026-08-25 10:55:58,server,c3:00:00:13:3b:b7,ESP-01,c8cdacec-a89f-4a23-a13b-b9d4dfb193da,EST-P2-R4,static,P2,Corredor,-81,,,Corredor,True,Sala B,False,Sala B,False,False,Sala B,False,False,True,True
2026-08-25 10:55:59,2026-08-25 10:55:58,125,1239498715,2026-08-25 10:55:59,server,c3:00:00:13:3b:b7,ESP-02,63c8e977-8763-44aa-982f-eb8ec552e846,EST-P2-R4,static,P2,Sala A,-86,,,Sala A,True,Sala B,False,Sala B,False,False,Sala B,False,False,True,True
2026-08-25 10:56:04,2026-08-25 10:56:03,537,1690126268,2026-08-25 10:56:04,server,c3:00:00:13:3b:b7,ESP-03,57b6b041-45c5-4f0b-83ab-0027772979c2,EST-P2-R4,static,P2,Sala B,-68,,,Sala B,True,Sala B,False,Sala B,False,False,Sala B,False,True,True,True
2026-08-25 10:56:11,2026-08-25 10:56:10,485,2239514506,2026-08-25 10:56:11,server,c3:00:00:13:3b:b7,ESP-01,abaf07d2-938e-4404-96fb-42eb7ca47162,EST-P2-R4,static,P2,Corredor,-96,,,Corredor,True,Sala B,False,Sala B,False,False,Sala B,False,False,True,True
2026-08-25 10:56:12,2026-08-25 10:56:11,126,1239498715,2026-08-25 10:56:12,server,c3:00:00:13:3b:b7,ESP-02,6b55d822-50ac-4871-9b6d-b2257e3b8209,EST-P2-R4,static,P2,Sala A,-86,,,Sala A,True,Sala B,False,Sala B,False,False,Sala B,False,False,True,True
2026-08-25 10:56:16,2026-08-25 10:56:16,538,1690126268,2026-08-25 10:56:16,server,c3:00:00:13:3b:b7,ESP-03,98c0edf2-0b41-4fbf-a053-e15cee1acbdb,EST-P2-R4,static,P2,Sala B,-73,,,Sala B,True,Sala B,False,Sala B,False,False,Sala B,False,True,True,True
2026-08-25 10:56:23,2026-08-25 10:56:22,486,2239514506,2026-08-25 10:56:23,server,c3:00:00:13:3b:b7,ESP-01,fde49123-d039-4995-b068-61f5d2e331c5,EST-P2-R4,static,P2,Corredor,-79,,,Corredor,True,Sala B,False,Sala B,False,False,Sala B,False,False,True,True
2026-08-25 10:56:24,2026-08-25 10:56:23,127,1239498715,2026-08-25 10:56:24,server,c3:00:00:13:3b:b7,ESP-02,7e05ad3d-8d92-4992-bd6c-5e50c99ccdb9,EST-P2-R4,static,P2,Sala A,-92,,,Sala A,True,Sala B,False,Sala B,False,False,Sala B,False,False,True,True
2026-08-25 10:56:42,2026-08-25 10:56:41,540,1690126268,2026-08-25 10:56:42,server,c3:00:00:13:3b:b7,ESP-03,f98677c2-6ac3-4dd8-b9cc-38f4d679548f,EST-P2-R5,static,P2,Sala B,-73,,,Sala B,True,Sala B,True,Sala B,True,False,,False,False,False,False
2026-08-25 10:56:48,2026-08-25 10:56:47,488,2239514506,2026-08-25 10:56:48,server,c3:00:00:13:3b:b7,ESP-01,7f3a86e4-348f-43f9-ae01-6d7cd7f839f2,EST-P2-R5,static,P2,Corredor,-86,,,Corredor,True,Sala B,False,Sala B,False,False,,False,False,False,False
2026-08-25 10:56:49,2026-08-25 10:56:48,129,1239498715,2026-08-25 10:56:49,server,c3:00:00:13:3b:b7,ESP-02,a4d51cf8-f6e6-4f4a-b150-319d7530f78d,EST-P2-R5,static,P2,Sala A,-89,,,Sala A,True,Sala B,False,Sala B,False,False,Sala B,True,False,True,True
2026-08-25 10:56:54,2026-08-25 10:56:54,541,1690126268,2026-08-25 10:56:54,server,c3:00:00:13:3b:b7,ESP-03,6585490f-de76-48ec-9661-5503337c1978,EST-P2-R5,static,P2,Sala B,-73,,,Sala B,True,Sala B,False,Sala B,False,False,Sala B,False,True,True,True
2026-08-25 10:57:01,2026-08-25 10:57:00,489,2239514506,2026-08-25 10:57:01,server,c3:00:00:13:3b:b7,ESP-01,a3cb5dca-4e0a-446f-bdde-3ec8ae2e598f,EST-P2-R5,static,P2,Corredor,-81,,,Corredor,True,Sala B,False,Sala B,False,False,Sala B,False,False,True,True
2026-08-25 10:57:02,2026-08-25 10:57:01,130,1239498715,2026-08-25 10:57:02,server,c3:00:00:13:3b:b7,ESP-02,0bfc8ea3-6cff-4000-a383-4a96b468555d,EST-P2-R5,static,P2,Sala A,-95,,,Sala A,True,Sala B,False,Sala B,False,False,Sala B,False,False,True,True
2026-08-25 10:57:07,2026-08-25 10:57:06,542,1690126268,2026-08-25 10:57:07,server,c3:00:00:13:3b:b7,ESP-03,7c6dbb1a-4aab-49d8-9cb2-53fcddc90c25,EST-P2-R5,static,P2,Sala B,-69,,,Sala B,True,Sala B,False,Sala B,False,False,Sala B,False,True,True,True
2026-08-25 10:57:13,2026-08-25 10:57:12,490,2239514506,2026-08-25 10:57:13,server,c3:00:00:13:3b:b7,ESP-01,6fd0b9d6-dff6-4839-b589-041f4b365e59,EST-P2-R5,static,P2,Corredor,-86,,,Corredor,True,Sala B,False,Sala B,False,False,Sala B,False,False,True,True
2026-08-25 10:57:14,2026-08-25 10:57:13,131,1239498715,2026-08-25 10:57:14,server,c3:00:00:13:3b:b7,ESP-02,de496e8f-1a03-4171-8a7c-48aa598f069e,EST-P2-R5,static,P2,Sala A,-86,,,Sala A,True,Sala B,False,Sala B,False,False,Sala B,False,False,True,True
2026-08-25 10:57:20,2026-08-25 10:57:19,543,1690126268,2026-08-25 10:57:20,server,c3:00:00:13:3b:b7,ESP-03,44be3148-c0bb-40ed-8843-726547de17ce,EST-P2-R5,static,P2,Sala B,-73,,,Sala B,True,Sala B,False,Sala B,False,False,Sala B,False,True,True,True
2026-08-25 10:57:26,2026-08-25 10:57:25,491,2239514506,2026-08-25 10:57:26,server,c3:00:00:13:3b:b7,ESP-01,cc21770e-124e-4f27-825c-92715c3cd5e0,EST-P2-R5,static,P2,Corredor,-95,,,Corredor,True,Sala B,False,Sala B,False,False,Sala B,False,False,True,True
2026-08-25 10:57:26,2026-08-25 10:57:26,132,1239498715,2026-08-25 10:57:26,server,c3:00:00:13:3b:b7,ESP-02,3a15f65f-af75-4d68-a69f-0271bda53a3a,EST-P2-R5,static,P2,Sala A,-86,,,Sala A,True,Sala B,False,Sala B,False,False,Sala B,False,False,True,True
2026-08-25 10:57:32,2026-08-25 10:57:32,544,1690126268,2026-08-25 10:57:32,server,c3:00:00:13:3b:b7,ESP-03,fc74cdb4-ae10-4a60-aa72-be97d3b8577c,EST-P2-R5,static,P2,Sala B,-73,,,Sala B,True,Sala B,False,Sala B,False,False,Sala B,False,True,True,True
2026-08-25 10:57:38,2026-08-25 10:57:38,492,2239514506,2026-08-25 10:57:38,server,c3:00:00:13:3b:b7,ESP-01,2ec3bc09-55a7-4b59-8541-19eafd496b4a,EST-P2-R5,static,P2,Corredor,-91,,,Corredor,True,Sala B,False,Sala B,False,False,Sala B,False,False,True,True
2026-08-25 10:57:39,2026-08-25 10:57:38,133,1239498715,2026-08-25 10:57:39,server,c3:00:00:13:3b:b7,ESP-02,077a735d-0d16-41d2-b5b2-0691ba3ee0a4,EST-P2-R5,static,P2,Sala A,-85,,,Sala A,True,Sala B,False,Sala B,False,False,Sala B,False,False,True,True
