time,node_time,node_seq,boot_id,effective_time,clock_source,mac,esp_id,batch_id,experiment_id,trial_type,trial_position,raw_room,raw_rssi,ground_truth_room,ground_truth_scenario,baseline_room,baseline_changed,median_room,median_changed,median_hysteresis_room,median_hysteresis_changed,median_hysteresis_rejected,median_hysteresis_candidate_room,median_hysteresis_candidate_rssi,median_hysteresis_current_room_rssi,median_hysteresis_difference_db,median_hysteresis_persistence_room,median_hysteresis_persistence_changed,baseline_agrees_with_final,median_agrees_with_final,median_hysteresis_agrees_with_final
2026-08-26 15:33:16,2026-08-26 15:33:15,24,1242899341,2026-08-26 15:33:16,server,c3:00:00:13:3b:b7,ESP-03,c2fc1929-bec0-4633-bd6e-8298c5920c98,DIN2–AB-R5,,,Sala B,-87,Sala A,movimento,Sala B,True,Sala B,True,Sala B,True,False,Sala B,-87.0,,,,False,False,False,False
2026-08-26 15:33:16,2026-08-26 15:33:15,13,998155149,2026-08-26 15:33:16,server,c3:00:00:13:3b:b7,ESP-01,581adb95-7d15-42e0-a5ae-c4fb22a49639,DIN2–AB-R5,,,Corredor,-85,Sala A,movimento,Corredor,True,Corredor,True,Sala B,False,True,Corredor,-85.0,-87.0,2.0,Sala B,True,False,False,True
2026-08-26 15:33:17,2026-08-26 15:33:16,44,3242572198,2026-08-26 15:33:17,server,c3:00:00:13:3b:b7,ESP-02,54518f49-c1c5-416c-8a8d-889018d8bcaf,DIN2–AB-R5,,,Sala A,-51,Sala A,movimento,Sala A,True,Sala A,True,Sala A,True,False,Sala A,-51.0,-87.0,36.0,Sala B,False,False,False,False
2026-08-26 15:33:20,2026-08-26 15:33:19,25,1242899341,2026-08-26 15:33:20,server,c3:00:00:13:3b:b7,ESP-03,74038c89-0350-4dd1-bee3-99670809161a,DIN2–AB-R5,,,Sala B,-84,Sala A,movimento,Sala B,True,Sala A,False,Sala A,False,False,Sala A,-51.0,-51.0,,Sala A,True,False,True,True
2026-08-26 15:33:20,2026-08-26 15:33:19,14,998155149,2026-08-26 15:33:20,server,c3:00:00:13:3b:b7,ESP-01,b6c6dc55-6a2a-4320-8518-293334387b20,DIN2–AB-R5,,,Corredor,-69,Sala A,movimento,Corredor,True,Sala A,False,Sala A,False,False,Sala A,-51.0,-51.0,,Sala A,False,False,True,True
2026-08-26 15:33:21,2026-08-26 15:33:20,45,3242572198,2026-08-26 15:33:21,server,c3:00:00:13:3b:b7,ESP-02,95f5d19c-b892-40d4-bb10-71b97a626ca8,DIN2–AB-R5,,,Sala A,-49,Sala A,movimento,Sala A,True,Sala A,False,Sala A,False,False,Sala A,-49.0,-49.0,,Sala A,False,True,True,True
2026-08-26 15:33:23,2026-08-26 15:33:22,26,1242899341,2026-08-26 15:33:23,server,c3:00:00:13:3b:b7,ESP-03,ba629c76-fc11-437b-b293-240789002b43,DIN2–AB-R5,,,Sala B,-100,Sala A,movimento,Sala B,True,Sala A,False,Sala A,False,False,Sala A,-49.0,-49.0,,Sala A,False,False,True,True
2026-08-26 15:33:24,2026-08-26 15:33:23,15,998155149,2026-08-26 15:33:24,server,c3:00:00:13:3b:b7,ESP-01,f80d0aae-4449-4c4b-a1d0-7324eb0eb90d,DIN2–AB-R5,,,Corredor,-90,Sala A,movimento,Corredor,True,Sala A,False,Sala A,False,False,Sala A,-49.0,-49.0,,Sala A,False,False,True,True
2026-08-26 15:33:24,2026-08-26 15:33:23,46,3242572198,2026-08-26 15:33:24,server,c3:00:00:13:3b:b7,ESP-02,228284f7-c7fc-4939-9c36-a8ea7b1498d2,DIN2–AB-R5,,,Sala A,-66,Sala A,movimento,Sala A,True,Sala A,False,Sala A,False,False,Sala A,-57.5,-57.5,,Sala A,False,True,True,True
2026-08-26 15:33:26,2026-08-26 15:33:25,27,1242899341,2026-08-26 15:33:26,server,c3:00:00:13:3b:b7,ESP-03,11ba8928-e622-4ace-9fef-e6893280173c,DIN2–AB-R5,,,Sala B,-98,Sala A,movimento,Sala B,True,Sala A,False,Sala A,False,False,Sala A,-66.0,-66.0,,Sala A,False,False,True,True
2026-08-26 15:33:27,2026-08-26 15:33:26,16,998155149,2026-08-26 15:33:27,server,c3:00:00:13:3b:b7,ESP-01,27edfbcd-3400-433f-a7a1-7ebc8c3cb6db,DIN2–AB-R5,,,Corredor,-78,Sala A,movimento,Corredor,True,Sala A,False,Sala A,False,False,Sala A,-66.0,-66.0,,Sala A,False,False,True,True
2026-08-26 15:33:28,2026-08-26 15:33:27,47,3242572198,2026-08-26 15:33:28,server,c3:00:00:13:3b:b7,ESP-02,527a2c49-dfb6-4ca4-8882-c45500b369c8,DIN2–AB-R5,,,Sala A,-49,Sala A,movimento,Sala A,True,Sala A,False,Sala A,False,False,Sala A,-49.0,-49.0,,Sala A,False,True,True,True
2026-08-26 15:33:30,2026-08-26 15:33:29,28,1242899341,2026-08-26 15:33:30,server,c3:00:00:13:3b:b7,ESP-03,992e48e0-d7d4-4dcb-a71a-c32fc87117cd,DIN2–AB-R5,,,Sala B,-85,Sala A,movimento,Sala B,True,Sala A,False,Sala A,False,False,Sala A,-49.0,-49.0,,Sala A,False,False,True,True
2026-08-26 15:33:31,2026-08-26 15:33:30,17,998155149,2026-08-26 15:33:31,server,c3:00:00:13:3b:b7,ESP-01,69783bdc-2be4-4692-a379-2df9b487542c,DIN2–AB-R5,,,Corredor,-84,Sala A,movimento,Corredor,True,Sala A,False,Sala A,False,False,Sala A,-49.0,-49.0,,Sala A,False,False,True,True
2026-08-26 15:33:31,2026-08-26 15:33:30,48,3242572198,2026-08-26 15:33:31,server,c3:00:00:13:3b:b7,ESP-02,70514111-de05-4f64-b448-dbe4aa6c9ba4,DIN2–AB-R5,,,Sala A,-50,Sala A,movimento,Sala A,True,Sala A,False,Sala A,False,False,Sala A,-49.5,-49.5,,Sala A,False,True,True,True
2026-08-26 15:33:33,2026-08-26 15:33:32,29,1242899341,2026-08-26 15:33:33,server,c3:00:00:13:3b:b7,ESP-03,89ab75fd-30ce-4022-9f4c-36a483d6f683,DIN2–AB-R5,,,Sala B,-90,Corredor,movimento,Sala B,True,Sala A,False,Sala A,False,False,Sala A,-50.0,-50.0,,Sala A,False,False,True,True
2026-08-26 15:33:34,2026-08-26 15:33:33,18,998155149,2026-08-26 15:33:34,server,c3:00:00:13:3b:b7,ESP-01,60ae09bf-bbc6-4b80-b4de-01efd83f4c81,DIN2–AB-R5,,,Corredor,-66,Corredor,movimento,Corredor,True,Sala A,False,Sala A,False,False,Sala A,-50.0,-50.0,,Sala A,False,False,True,True
2026-08-26 15:33:35,2026-08-26 15:33:34,49,3242572198,2026-08-26 15:33:35,server,c3:00:00:13:3b:b7,ESP-02,f4982a65-3e35-430f-97cb-da256fbb1652,DIN2–AB-R5,,,Sala A,-73,Corredor,movimento,Sala A,True,Corredor,True,Corredor,True,False,Corredor,-66.0,-73.0,7.0,Sala A,False,True,False,False
2026-08-26 15:33:37,2026-08-26 15:33:36,30,1242899341,2026-08-26 15:33:37,server,c3:00:00:13:3b:b7,ESP-03,5488f59a-d07b-4533-8a19-016b3baaaaf9,DIN2–AB-R5,,,Sala B,-92,Corredor,movimento,Sala B,True,Corredor,False,Corredor,False,False,Corredor,-66.0,-66.0,,Corredor,True,False,True,True
2026-08-26 15:33:38,2026-08-26 15:33:37,19,998155149,2026-08-26 15:33:38,server,c3:00:00:13:3b:b7,ESP-01,3d8c9abc-50c5-4670-ac85-577d28dd3671,DIN2–AB-R5,,,Corredor,-55,Corredor,movimento,Corredor,True,Corredor,False,Corredor,False,False,Corredor,-55.0,-55.0,,Corredor,False,True,True,True
2026-08-26 15:33:38,2026-08-26 15:33:37,50,3242572198,2026-08-26 15:33:38,server,c3:00:00:13:3b:b7,ESP-02,2c949c4f-5325-48b5-bed7-960b5973eb0c,DIN2–AB-R5,,,Sala A,-86,Corredor,movimento,Sala A,True,Corredor,False,Corredor,False,False,Corredor,-55.0,-55.0,,Corredor,False,False,True,True
2026-08-26 15:33:41,2026-08-26 15:33:40,31,1242899341,2026-08-26 15:33:41,server,c3:00:00:13:3b:b7,ESP-03,0d7b7a81-a319-4fc9-8d32-82ebacbcaa77,DIN2–AB-R5,,,Sala B,-87,Sala B,movimento,Sala B,True,Corredor,False,Corredor,False,False,Corredor,-55.0,-55.0,,Corredor,False,False,True,True
2026-08-26 15:33:42,2026-08-26 15:33:41,20,998155149,2026-08-26 15:33:42,server,c3:00:00:13:3b:b7,ESP-01,8cfe7e95-1295-4f22-a643-fd510bf16929,DIN2–AB-R5,,,Corredor,-94,Sala B,movimento,Corredor,True,Sala B,True,Sala B,True,False,Sala B,-87.0,-94.0,7.0,Corredor,False,True,False,False
2026-08-26 15:33:42,2026-08-26 15:33:41,51,3242572198,2026-08-26 15:33:42,server,c3:00:00:13:3b:b7,ESP-02,f19d6ed1-e7d5-4919-af26-41ec1c81749d,DIN2–AB-R5,,,Sala A,-94,Sala B,movimento,Sala A,True,Sala B,False,Sala B,False,False,Sala B,-87.0,-87.0,,Sala B,True,False,True,True
2026-08-26 15:33:44,2026-08-26 15:33:43,32,1242899341,2026-08-26 15:33:44,server,c3:00:00:13:3b:b7,ESP-03,a858995c-7939-4632-86c0-dd213a7a91f3,DIN2–AB-R5,,,Sala B,-64,Sala B,movimento,Sala B,True,Sala B,False,Sala B,False,False,Sala B,-75.5,-75.5,,Sala B,False,True,True,True
2026-08-26 15:33:45,2026-08-26 15:33:44,21,998155149,2026-08-26 15:33:45,server,c3:00:00:13:3b:b7,ESP-01,7c3e90c2-0d9f-484b-806a-bba5efb8d90c,DIN2–AB-R5,,,Corredor,-81,Sala B,movimento,Corredor,True,Sala B,False,Sala B,False,False,Sala B,-64.0,-64.0,,Sala B,False,False,True,True
2026-08-26 15:33:46,2026-08-26 15:33:45,52,3242572198,2026-08-26 15:33:46,server,c3:00:00:13:3b:b7,ESP-02,0c2337bb-7e8d-4e10-ad7c-5d35730d0881,DIN2–AB-R5,,,Sala A,-84,Sala B,movimento,Sala A,True,Sala B,False,Sala B,False,False,Sala B,-64.0,-64.0,,Sala B,False,False,True,True
2026-08-26 15:33:48,2026-08-26 15:33:47,33,1242899341,2026-08-26 15:33:48,server,c3:00:00:13:3b:b7,ESP-03,ee244bd6-fb05-4fd3-9427-5f58ce15b53e,DIN2–AB-R5,,,Sala B,-50,Sala B,movimento,Sala B,True,Sala B,False,Sala B,False,False,Sala B,-50.0,-50.0,,Sala B,False,True,True,True
2026-08-26 15:33:49,2026-08-26 15:33:48,22,998155149,2026-08-26 15:33:49,server,c3:00:00:13:3b:b7,ESP-01,56190bb8-c64b-49cd-b4ac-d5327be4fbf0,DIN2–AB-R5,,,Corredor,-85,Sala B,movimento,Corredor,True,Sala B,False,Sala B,False,False,Sala B,-50.0,-50.0,,Sala B,False,False,True,True
2026-08-26 15:33:51,2026-08-26 15:33:50,34,1242899341,2026-08-26 15:33:51,server,c3:00:00:13:3b:b7,ESP-03,93cd901b-1a8b-4eeb-94cc-341e1bcfffdd,DIN2–AB-R5,,,Sala B,-57,Sala B,movimento,Sala B,True,Sala B,False,Sala B,False,False,Sala B,-53.5,-53.5,,Sala B,False,True,True,True
2026-08-26 15:33:52,2026-08-26 15:33:51,23,998155149,2026-08-26 15:33:52,server,c3:00:00:13:3b:b7,ESP-01,b11b7815-f1d2-4b30-bc78-8eeeaeba0678,DIN2–AB-R5,,,Corredor,-89,Sala B,movimento,Corredor,True,Sala B,False,Sala B,False,False,Sala B,-57.0,-57.0,,Sala B,False,False,True,True
2026-08-26 15:33:55,2026-08-26 15:33:54,35,1242899341,2026-08-26 15:33:55,server,c3:00:00:13:3b:b7,ESP-03,e71bd3c5-7dbb-48db-950f-b020bc629945,DIN2–AB-R5,,,Sala B,-66,Sala B,movimento,Sala B,True,Sala B,False,Sala B,False,False,Sala B,-66.0,-66.0,,Sala B,False,True,True,True
2026-08-26 15:33:56,2026-08-26 15:33:55,24,998155149,2026-08-26 15:33:56,server,c3:00:00:13:3b:b7,ESP-01,5a79a64b-f2f8-4633-8715-11d20cfb99d5,DIN2–AB-R5,,,Corredor,-85,Sala B,movimento,Corredor,True,Sala B,False,Sala B,False,False,Sala B,-66.0,-66.0,,Sala B,False,False,True,True
2026-08-26 15:33:58,2026-08-26 15:33:57,36,1242899341,2026-08-26 15:33:58,server,c3:00:00:13:3b:b7,ESP-03,34599742-b73b-4066-9a46-d42947a10dd8,DIN2–AB-R5,,,Sala B,-56,Sala B,movimento,Sala B,True,Sala B,False,Sala B,False,False,Sala B,-61.0,-61.0,,Sala B,False,True,True,True
2026-08-26 15:33:59,2026-08-26 15:33:58,25,998155149,2026-08-26 15:33:59,server,c3:00:00:13:3b:b7,ESP-01,600484d7-a042-4d1f-b2e3-7ff7dd3af6f9,DIN2–AB-R5,,,Corredor,-87,Sala B,movimento,Corredor,True,Sala B,False,Sala B,False,False,Sala B,-56.0,-56.0,,Sala B,False,False,True,True
2026-08-26 15:34:02,2026-08-26 15:34:01,37,1242899341,2026-08-26 15:34:02,server,c3:00:00:13:3b:b7,ESP-03,48cb89db-68c7-4a51-a32b-399fa70d69b0,DIN2–AB-R5,,,Sala B,-61,Sala B,movimento,Sala B,True,Sala B,False,Sala B,False,False,Sala B,-61.0,-61.0,,Sala B,False,True,True,True
2026-08-26 15:34:03,2026-08-26 15:34:02,26,998155149,2026-08-26 15:34:03,server,c3:00:00:13:3b:b7,ESP-01,1996794e-30fc-4c44-9eec-0155040391d8,DIN2–AB-R5,,,Corredor,-88,Sala B,movimento,Corredor,True,Sala B,False,Sala B,False,False,Sala B,-61.0,-61.0,,Sala B,False,False,True,True
2026-08-26 15:34:04,2026-08-26 15:34:03,57,3242572198,2026-08-26 15:34:04,server,c3:00:00:13:3b:b7,ESP-02,25a7e9b8-b0c0-4d98-8216-9b7e051ef27d,DIN2–AB-R5,,,Sala A,-91,Sala B,movimento,Sala A,True,Sala B,False,Sala B,False,False,Sala B,-61.0,-61.0,,Sala B,False,False,True,True
2026-08-26 15:35:42,2026-08-26 15:35:41,65,1242899341,2026-08-26 15:35:42,server,c3:00:00:13:3b:b7,ESP-03,3c741d35-78e4-4eb2-9164-01007e9d4ef8,DIN2–AB-R6,,,Sala B,-88,,,Sala B,True,Sala B,True,Sala B,True,False,Sala B,-88.0,,,,False,False,False,False
2026-08-26 15:35:43,2026-08-26 15:35:42,54,998155149,2026-08-26 15:35:43,server,c3:00:00:13:3b:b7,ESP-01,dbae7904-0547-4311-bab6-36d30ad89980,DIN2–AB-R6,,,Corredor,-77,Sala A,movimento,Corredor,True,Corredor,True,Corredor,True,False,Corredor,-77.0,-88.0,11.0,,False,False,False,False
2026-08-26 15:35:44,2026-08-26 15:35:43,85,3242572198,2026-08-26 15:35:44,server,c3:00:00:13:3b:b7,ESP-02,b104766e-baf5-4883-a352-c72852c6c09d,DIN2–AB-R6,,,Sala A,-60,Sala A,movimento,Sala A,True,Sala A,True,Sala A,True,False,Sala A,-60.0,-77.0,17.0,,False,False,False,False
2026-08-26 15:35:46,2026-08-26 15:35:45,66,1242899341,2026-08-26 15:35:46,server,c3:00:00:13:3b:b7,ESP-03,fb6d8e72-23bf-4d81-8ad0-1cab5bfca66c,DIN2–AB-R6,,,Sala B,-82,Sala A,movimento,Sala B,True,Sala A,False,Sala A,False,False,Sala A,-60.0,-60.0,,Sala A,True,False,True,True
2026-08-26 15:35:47,2026-08-26 15:35:46,55,998155149,2026-08-26 15:35:47,server,c3:00:00:13:3b:b7,ESP-01,1e70c525-d844-492e-8d3e-cf989f35898d,DIN2–AB-R6,,,Corredor,-92,Sala A,movimento,Corredor,True,Sala A,False,Sala A,False,False,Sala A,-60.0,-60.0,,Sala A,False,False,True,True
2026-08-26 15:35:47,2026-08-26 15:35:47,86,3242572198,2026-08-26 15:35:47,server,c3:00:00:13:3b:b7,ESP-02,bf614e49-8482-46b9-8fac-0895adb2fb24,DIN2–AB-R6,,,Sala A,-57,Sala A,movimento,Sala A,True,Sala A,False,Sala A,False,False,Sala A,-58.5,-58.5,,Sala A,False,True,True,True
2026-08-26 15:35:50,2026-08-26 15:35:49,67,1242899341,2026-08-26 15:35:50,server,c3:00:00:13:3b:b7,ESP-03,c0b848d7-6c33-4312-9a09-09d77022eb73,DIN2–AB-R6,,,Sala B,-89,Sala A,movimento,Sala B,True,Sala A,False,Sala A,False,False,Sala A,-57.0,-57.0,,Sala A,False,False,True,True
2026-08-26 15:35:51,2026-08-26 15:35:50,56,998155149,2026-08-26 15:35:51,server,c3:00:00:13:3b:b7,ESP-01,36c81f8f-fb72-4cdf-b81b-6cfc83a3d024,DIN2–AB-R6,,,Corredor,-85,Sala A,movimento,Corredor,True,Corredor,True,Corredor,True,False,Corredor,-85.0,,,Sala A,False,False,False,False
2026-08-26 15:35:51,2026-08-26 15:35:50,87,3242572198,2026-08-26 15:35:51,server,c3:00:00:13:3b:b7,ESP-02,f03c1697-a5ef-41d2-b94e-829cf3302c0a,DIN2–AB-R6,,,Sala A,-48,Sala A,movimento,Sala A,True,Sala A,True,Sala A,True,False,Sala A,-48.0,-85.0,37.0,Sala A,False,True,True,True
2026-08-26 15:35:53,2026-08-26 15:35:52,68,1242899341,2026-08-26 15:35:53,server,c3:00:00:13:3b:b7,ESP-03,d38fc864-053d-40a0-8eac-3753434f527c,DIN2–AB-R6,,,Sala B,-76,Sala A,movimento,Sala B,True,Sala A,False,Sala A,False,False,Sala A,-48.0,-48.0,,Sala A,False,False,True,True
2026-08-26 15:35:54,2026-08-26 15:35:53,57,998155149,2026-08-26 15:35:54,server,c3:00:00:13:3b:b7,ESP-01,e83572a8-ee4c-46f6-a6fe-85012c18a682,DIN2–AB-R6,,,Corredor,-71,Sala A,movimento,Corredor,True,Sala A,False,Sala A,False,False,Sala A,-48.0,-48.0,,Sala A,False,False,True,True
2026-08-26 15:35:55,2026-08-26 15:35:54,88,3242572198,2026-08-26 15:35:55,server,c3:00:00:13:3b:b7,ESP-02,be0a104e-0265-493c-a79c-bb0176fecf2f,DIN2–AB-R6,,,Sala A,-60,Sala A,movimento,Sala A,True,Sala A,False,Sala A,False,False,Sala A,-60.0,-60.0,,Sala A,False,True,True,True
2026-08-26 15:35:57,2026-08-26 15:35:56,69,1242899341,2026-08-26 15:35:57,server,c3:00:00:13:3b:b7,ESP-03,7ed71bef-0e7e-4ab0-82e6-0042b12500fb,DIN2–AB-R6,,,Sala B,-78,Sala A,movimento,Sala B,True,Sala A,False,Sala A,False,False,Sala A,-60.0,-60.0,,Sala A,False,False,True,True
2026-08-26 15:35:58,2026-08-26 15:35:57,58,998155149,2026-08-26 15:35:58,server,c3:00:00:13:3b:b7,ESP-01,ab7394ea-c7df-428c-aa2f-6d61386339f6,DIN2–AB-R6,,,Corredor,-74,Sala A,movimento,Corredor,True,Sala A,False,Sala A,False,False,Sala A,-60.0,-60.0,,Sala A,False,False,True,True
2026-08-26 15:35:58,2026-08-26 15:35:57,89,3242572198,2026-08-26 15:35:58,server,c3:00:00:13:3b:b7,ESP-02,a7993565-c54d-42f2-94ac-bd6dc885377c,DIN2–AB-R6,,,Sala A,-51,Sala A,movimento,Sala A,True,Sala A,False,Sala A,False,False,Sala A,-55.5,-55.5,,Sala A,False,True,True,True
2026-08-26 15:36:00,2026-08-26 15:35:59,70,1242899341,2026-08-26 15:36:00,server,c3:00:00:13:3b:b7,ESP-03,6b6b6a4e-1a1e-4925-8c91-187ce07679d5,DIN2–AB-R6,,,Sala B,-76,Sala A,movimento,Sala B,True,Sala A,False,Sala A,False,False,Sala A,-51.0,-51.0,,Sala A,False,False,True,True
2026-08-26 15:36:01,2026-08-26 15:36:00,59,998155149,2026-08-26 15:36:01,server,c3:00:00:13:3b:b7,ESP-01,d005f1d5-b833-46d7-aa2d-8e5707c58d97,DIN2–AB-R6,,,Corredor,-75,Sala A,movimento,Corredor,True,Sala A,False,Sala A,False,False,Sala A,-51.0,-51.0,,Sala A,False,False,True,True
2026-08-26 15:36:02,2026-08-26 15:36:01,90,3242572198,2026-08-26 15:36:02,server,c3:00:00:13:3b:b7,ESP-02,cb7eb05b-d88f-484e-bad9-c3b9341d7d53,DIN2–AB-R6,,,Sala A,-50,Sala A,movimento,Sala A,True,Sala A,False,Sala A,False,False,Sala A,-50.0,-50.0,,Sala A,False,True,True,True
2026-08-26 15:36:04,2026-08-26 15:36:03,71,1242899341,2026-08-26 15:36:04,server,c3:00:00:13:3b:b7,ESP-03,8f195aeb-6cba-447a-b36b-18c1ff50a9aa,DIN2–AB-R6,,,Sala B,-85,Sala A,movimento,Sala B,True,Sala A,False,Sala A,False,False,Sala A,-50.0,-50.0,,Sala A,False,False,True,True
2026-08-26 15:36:05,2026-08-26 15:36:04,60,998155149,2026-08-26 15:36:05,server,c3:00:00:13:3b:b7,ESP-01,1ad3f3d9-d3ff-4980-92b9-e8e105bb4314,DIN2–AB-R6,,,Corredor,-78,Corredor,movimento,Corredor,True,Sala A,False,Sala A,False,False,Sala A,-50.0,-50.0,,Sala A,False,False,True,True
2026-08-26 15:36:05,2026-08-26 15:36:04,91,3242572198,2026-08-26 15:36:05,server,c3:00:00:13:3b:b7,ESP-02,81f82630-c1bd-4243-8acc-02ddcbaa968a,DIN2–AB-R6,,,Sala A,-68,Corredor,movimento,Sala A,True,Sala A,False,Sala A,False,False,Sala A,-59.0,-59.0,,Sala A,False,True,True,True
2026-08-26 15:36:08,2026-08-26 15:36:07,72,1242899341,2026-08-26 15:36:08,server,c3:00:00:13:3b:b7,ESP-03,072af30c-30d3-446b-be34-47f9fe388b96,DIN2–AB-R6,,,Sala B,-91,Corredor,movimento,Sala B,True,Sala A,False,Sala A,False,False,Sala A,-68.0,-68.0,,Sala A,False,False,True,True
2026-08-26 15:36:09,2026-08-26 15:36:08,61,998155149,2026-08-26 15:36:09,server,c3:00:00:13:3b:b7,ESP-01,d61b48fe-6a10-4cf8-b818-44e4ad23a73a,DIN2–AB-R6,,,Corredor,-48,Corredor,movimento,Corredor,True,Corredor,True,Corredor,True,False,Corredor,-48.0,,,Sala A,False,False,False,False
2026-08-26 15:36:09,2026-08-26 15:36:08,92,3242572198,2026-08-26 15:36:09,server,c3:00:00:13:3b:b7,ESP-02,14b4b772-5651-4f9a-9a15-28831cc7afa3,DIN2–AB-R6,,,Sala A,-70,Corredor,movimento,Sala A,True,Corredor,False,Corredor,False,False,Corredor,-48.0,-48.0,,Corredor,True,False,True,True
2026-08-26 15:36:11,2026-08-26 15:36:10,73,1242899341,2026-08-26 15:36:11,server,c3:00:00:13:3b:b7,ESP-03,434d012f-08b2-48e9-bc9d-d5cb0f43225f,DIN2–AB-R6,,,Sala B,-81,Corredor,movimento,Sala B,True,Corredor,False,Corredor,False,False,Corredor,-48.0,-48.0,,Corredor,False,False,True,True
2026-08-26 15:36:12,2026-08-26 15:36:11,62,998155149,2026-08-26 15:36:12,server,c3:00:00:13:3b:b7,ESP-01,ef51ade8-70d0-4afe-9154-d3d15cdfac67,DIN2–AB-R6,,,Corredor,-76,Sala B,movimento,Corredor,True,Corredor,False,Corredor,False,False,Corredor,-62.0,-62.0,,Corredor,False,True,True,True
2026-08-26 15:36:13,2026-08-26 15:36:12,93,3242572198,2026-08-26 15:36:13,server,c3:00:00:13:3b:b7,ESP-02,3204f094-aef7-4a4b-ad3d-db3d8a633dcd,DIN2–AB-R6,,,Sala A,-95,Sala B,movimento,Sala A,True,Corredor,False,Corredor,False,False,Corredor,-76.0,-76.0,,Corredor,False,False,True,True
2026-08-26 15:36:15,2026-08-26 15:36:14,74,1242899341,2026-08-26 15:36:15,server,c3:00:00:13:3b:b7,ESP-03,c790c927-0d6a-4fa0-8d40-c6f4d686752e,DIN2–AB-R6,,,Sala B,-66,Sala B,movimento,Sala B,True,Sala B,True,Sala B,True,False,Sala B,-66.0,-76.0,10.0,Corredor,False,False,False,False
2026-08-26 15:36:16,2026-08-26 15:36:15,63,998155149,2026-08-26 15:36:16,server,c3:00:00:13:3b:b7,ESP-01,6f45fb91-6962-4b62-8035-477d70dd1e54,DIN2–AB-R6,,,Corredor,-76,Sala B,movimento,Corredor,True,Sala B,False,Sala B,False,False,Sala B,-66.0,-66.0,,Sala B,True,False,True,True
2026-08-26 15:36:16,2026-08-26 15:36:15,94,3242572198,2026-08-26 15:36:16,server,c3:00:00:13:3b:b7,ESP-02,3fd6d0cf-5a07-48fd-a0ba-8dd984fa25e0,DIN2–AB-R6,,,Sala A,-93,Sala B,movimento,Sala A,True,Sala B,False,Sala B,False,False,Sala B,-66.0,-66.0,,Sala B,False,False,True,True
2026-08-26 15:36:18,2026-08-26 15:36:17,75,1242899341,2026-08-26 15:36:18,server,c3:00:00:13:3b:b7,ESP-03,73d45e12-1ac7-4ae8-8edf-03d2bfe11e2c,DIN2–AB-R6,,,Sala B,-59,Sala B,movimento,Sala B,True,Sala B,False,Sala B,False,False,Sala B,-62.5,-62.5,,Sala B,False,True,True,True
2026-08-26 15:36:19,2026-08-26 15:36:18,64,998155149,2026-08-26 15:36:19,server,c3:00:00:13:3b:b7,ESP-01,d41ad736-1a7f-4ebe-8208-1ba75f3da9e1,DIN2–AB-R6,,,Corredor,-84,Sala B,movimento,Corredor,True,Sala B,False,Sala B,False,False,Sala B,-59.0,-59.0,,Sala B,False,False,True,True
2026-08-26 15:36:20,2026-08-26 15:36:19,95,3242572198,2026-08-26 15:36:20,server,c3:00:00:13:3b:b7,ESP-02,52c9b7f8-c61f-41da-ad70-98fb68f83613,DIN2–AB-R6,,,Sala A,-85,Sala B,movimento,Sala A,True,Sala B,False,Sala B,False,False,Sala B,-59.0,-59.0,,Sala B,False,False,True,True
2026-08-26 15:36:22,2026-08-26 15:36:21,76,1242899341,2026-08-26 15:36:22,server,c3:00:00:13:3b:b7,ESP-03,b7baae75-14b4-4e83-ae69-b5dce4e2c140,DIN2–AB-R6,,,Sala B,-53,Sala B,movimento,Sala B,True,Sala B,False,Sala B,False,False,Sala B,-53.0,-53.0,,Sala B,False,True,True,True
2026-08-26 15:36:23,2026-08-26 15:36:22,65,998155149,2026-08-26 15:36:23,server,c3:00:00:13:3b:b7,ESP-01,f0d83499-307c-4026-98e9-a1f484d7bfa2,DIN2–AB-R6,,,Corredor,-84,Sala B,movimento,Corredor,True,Sala B,False,Sala B,False,False,Sala B,-53.0,-53.0,,Sala B,False,False,True,True
2026-08-26 15:36:23,2026-08-26 15:36:22,96,3242572198,2026-08-26 15:36:23,server,c3:00:00:13:3b:b7,ESP-02,be4189e3-5563-4e1d-b78e-61fab87f0167,DIN2–AB-R6,,,Sala A,-83,Sala B,movimento,Sala A,True,Sala B,False,Sala B,False,False,Sala B,-53.0,-53.0,,Sala B,False,False,True,True
2026-08-26 15:36:25,2026-08-26 15:36:24,77,1242899341,2026-08-26 15:36:25,server,c3:00:00:13:3b:b7,ESP-03,146853d9-73ca-4c8a-beb7-2fd2c81a7819,DIN2–AB-R6,,,Sala B,-54,Sala B,movimento,Sala B,True,Sala B,False,Sala B,False,False,Sala B,-53.5,-53.5,,Sala B,False,True,True,True
2026-08-26 15:36:26,2026-08-26 15:36:25,66,998155149,2026-08-26 15:36:26,server,c3:00:00:13:3b:b7,ESP-01,9142bb04-8d34-4d76-b240-78f59d2523c3,DIN2–AB-R6,,,Corredor,-87,Sala B,movimento,Corredor,True,Sala B,False,Sala B,False,False,Sala B,-54.0,-54.0,,Sala B,False,False,True,True
2026-08-26 15:36:27,2026-08-26 15:36:26,97,3242572198,2026-08-26 15:36:27,server,c3:00:00:13:3b:b7,ESP-02,b1eb8dec-c4d9-4c76-a489-0a83b210f5d0,DIN2–AB-R6,,,Sala A,-84,Sala B,movimento,Sala A,True,Sala B,False,Sala B,False,False,Sala B,-54.0,-54.0,,Sala B,False,False,True,True
2026-08-26 15:36:29,2026-08-26 15:36:28,78,1242899341,2026-08-26 15:36:29,server,c3:00:00:13:3b:b7,ESP-03,32f1ef89-7768-4503-8acc-be6dfb22279b,DIN2–AB-R6,,,Sala B,-59,Sala B,movimento,Sala B,True,Sala B,False,Sala B,False,False,Sala B,-59.0,-59.0,,Sala B,False,True,True,True
2026-08-26 15:37:49,2026-08-26 15:37:48,89,998155149,2026-08-26 15:37:49,server,c3:00:00:13:3b:b7,ESP-01,579e712d-1e6b-4afb-a6a3-5d890991677c,DIN2–AB-R7,,,Corredor,-79,,,Corredor,True,Corredor,True,Corredor,True,False,Corredor,-79.0,,,,False,False,False,False
2026-08-26 15:37:49,2026-08-26 15:37:48,120,3242572198,2026-08-26 15:37:49,server,c3:00:00:13:3b:b7,ESP-02,6b716ca8-403b-414e-bff5-a2140f6aff5f,DIN2–AB-R7,,,Sala A,-58,,,Sala A,True,Sala A,True,Sala A,True,False,Sala A,-58.0,-79.0,21.0,,False,False,False,False
2026-08-26 15:37:51,2026-08-26 15:37:50,101,1242899341,2026-08-26 15:37:51,server,c3:00:00:13:3b:b7,ESP-03,db9a4c14-3686-4cd1-8da2-630c07513d40,DIN2–AB-R7,,,Sala B,-75,Sala A,movimento,Sala B,True,Sala A,False,Sala A,False,False,Sala A,-58.0,-58.0,,Sala A,True,False,True,True
2026-08-26 15:37:52,2026-08-26 15:37:51,90,998155149,2026-08-26 15:37:52,server,c3:00:00:13:3b:b7,ESP-01,f7c1133e-a9f1-4971-a602-615658169fd5,DIN2–AB-R7,,,Corredor,-88,Sala A,movimento,Corredor,True,Sala A,False,Sala A,False,False,Sala A,-58.0,-58.0,,Sala A,False,False,True,True
2026-08-26 15:37:53,2026-08-26 15:37:52,121,3242572198,2026-08-26 15:37:53,server,c3:00:00:13:3b:b7,ESP-02,49119217-7bbc-44b7-8a66-51efd63580a8,DIN2–AB-R7,,,Sala A,-63,Sala A,movimento,Sala A,True,Sala A,False,Sala A,False,False,Sala A,-63.0,-63.0,,Sala A,False,True,True,True
2026-08-26 15:37:54,2026-08-26 15:37:53,102,1242899341,2026-08-26 15:37:54,server,c3:00:00:13:3b:b7,ESP-03,612dc28f-a89f-4a5f-a297-0fcfb46d4320,DIN2–AB-R7,,,Sala B,-76,Sala A,movimento,Sala B,True,Sala A,False,Sala A,False,False,Sala A,-63.0,-63.0,,Sala A,False,False,True,True
2026-08-26 15:37:56,2026-08-26 15:37:55,91,998155149,2026-08-26 15:37:56,server,c3:00:00:13:3b:b7,ESP-01,b78f1be9-200e-4fa1-86ca-d8111d2017d0,DIN2–AB-R7,,,Corredor,-82,Sala A,movimento,Corredor,True,Sala A,False,Sala A,False,False,Sala A,-63.0,-63.0,,Sala A,False,False,True,True
2026-08-26 15:37:57,2026-08-26 15:37:56,122,3242572198,2026-08-26 15:37:57,server,c3:00:00:13:3b:b7,ESP-02,ca253145-a539-4042-81fb-f7c7b4567248,DIN2–AB-R7,,,Sala A,-64,Sala A,movimento,Sala A,True,Sala A,False,Sala A,False,False,Sala A,-64.0,-64.0,,Sala A,False,True,True,True
2026-08-26 15:37:58,2026-08-26 15:37:57,103,1242899341,2026-08-26 15:37:58,server,c3:00:00:13:3b:b7,ESP-03,fa390669-5a26-4cc8-9c73-ab4127441a2b,DIN2–AB-R7,,,Sala B,-81,Sala A,movimento,Sala B,True,Sala A,False,Sala A,False,False,Sala A,-64.0,-64.0,,Sala A,False,False,True,True
2026-08-26 15:38:00,2026-08-26 15:37:59,92,998155149,2026-08-26 15:38:00,server,c3:00:00:13:3b:b7,ESP-01,5651015c-c66d-40c6-ad6d-54c60a918c98,DIN2–AB-R7,,,Corredor,-83,Sala A,movimento,Corredor,True,Sala A,False,Sala A,False,False,Sala A,-64.0,-64.0,,Sala A,False,False,True,True
2026-08-26 15:38:00,2026-08-26 15:37:59,123,3242572198,2026-08-26 15:38:00,server,c3:00:00:13:3b:b7,ESP-02,854b6592-6bed-4579-8ce5-2de028fc6f1e,DIN2–AB-R7,,,Sala A,-56,Sala A,movimento,Sala A,True,Sala A,False,Sala A,False,False,Sala A,-60.0,-60.0,,Sala A,False,True,True,True
2026-08-26 15:38:02,2026-08-26 15:38:01,104,1242899341,2026-08-26 15:38:02,server,c3:00:00:13:3b:b7,ESP-03,acd469b9-3725-435b-a134-b16bb661b2b4,DIN2–AB-R7,,,Sala B,-81,Sala A,movimento,Sala B,True,Sala A,False,Sala A,False,False,Sala A,-56.0,-56.0,,Sala A,False,False,True,True
2026-08-26 15:38:03,2026-08-26 15:38:02,93,998155149,2026-08-26 15:38:03,server,c3:00:00:13:3b:b7,ESP-01,5b088918-d3e3-4a7a-b63c-f0ebc865d2f9,DIN2–AB-R7,,,Corredor,-94,Sala A,movimento,Corredor,True,Sala A,False,Sala A,False,False,Sala A,-56.0,-56.0,,Sala A,False,False,True,True
2026-08-26 15:38:04,2026-08-26 15:38:03,124,3242572198,2026-08-26 15:38:04,server,c3:00:00:13:3b:b7,ESP-02,d40b76d5-d73f-4300-aff1-51b1e7a3cf96,DIN2–AB-R7,,,Sala A,-51,Sala A,movimento,Sala A,True,Sala A,False,Sala A,False,False,Sala A,-51.0,-51.0,,Sala A,False,True,True,True
2026-08-26 15:38:05,2026-08-26 15:38:04,105,1242899341,2026-08-26 15:38:05,server,c3:00:00:13:3b:b7,ESP-03,de574ba0-d9cc-413c-b7e8-bc84067e249f,DIN2–AB-R7,,,Sala B,-77,Sala A,movimento,Sala B,True,Sala A,False,Sala A,False,False,Sala A,-51.0,-51.0,,Sala A,False,False,True,True
2026-08-26 15:38:07,2026-08-26 15:38:06,94,998155149,2026-08-26 15:38:07,server,c3:00:00:13:3b:b7,ESP-01,faa64321-61b7-45e4-8e88-1d8950cbbaef,DIN2–AB-R7,,,Corredor,-83,Sala A,movimento,Corredor,True,Sala A,False,Sala A,False,False,Sala A,-51.0,-51.0,,Sala A,False,False,True,True
2026-08-26 15:38:07,2026-08-26 15:38:06,125,3242572198,2026-08-26 15:38:07,server,c3:00:00:13:3b:b7,ESP-02,08ec10ec-f028-4608-912f-31ab98876a4f,DIN2–AB-R7,,,Sala A,-55,Sala A,movimento,Sala A,True,Sala A,False,Sala A,False,False,Sala A,-53.0,-53.0,,Sala A,False,True,True,True
2026-08-26 15:38:09,2026-08-26 15:38:08,106,1242899341,2026-08-26 15:38:09,server,c3:00:00:13:3b:b7,ESP-03,d8339097-11c2-44c3-8fcd-124c06c12b68,DIN2–AB-R7,,,Sala B,-90,Corredor,movimento,Sala B,True,Sala A,False,Sala A,False,False,Sala A,-55.0,-55.0,,Sala A,False,False,True,True
2026-08-26 15:38:10,2026-08-26 15:38:09,95,998155149,2026-08-26 15:38:10,server,c3:00:00:13:3b:b7,ESP-01,900c2a4c-0689-4652-adc3-dd38b676c215,DIN2–AB-R7,,,Corredor,-52,Corredor,movimento,Corredor,True,Sala A,False,Sala A,False,False,Sala A,-55.0,-55.0,,Sala A,False,False,True,True
2026-08-26 15:38:11,2026-08-26 15:38:10,126,3242572198,2026-08-26 15:38:11,server,c3:00:00:13:3b:b7,ESP-02,011917d3-226b-41db-8acb-73e72f1f2e64,DIN2–AB-R7,,,Sala A,-74,Corredor,movimento,Sala A,True,Corredor,True,Corredor,True,False,Corredor,-52.0,-74.0,22.0,Sala A,False,True,False,False
2026-08-26 15:38:12,2026-08-26 15:38:11,107,1242899341,2026-08-26 15:38:12,server,c3:00:00:13:3b:b7,ESP-03,0bc5daf5-b960-4615-aa17-b174edea1254,DIN2–AB-R7,,,Sala B,-75,Corredor,movimento,Sala B,True,Corredor,False,Corredor,False,False,Corredor,-52.0,-52.0,,Corredor,True,False,True,True
2026-08-26 15:38:14,2026-08-26 15:38:13,96,998155149,2026-08-26 15:38:14,server,c3:00:00:13:3b:b7,ESP-01,bfa65675-9694-404e-8469-f75fe7df0f37,DIN2–AB-R7,,,Corredor,-80,Sala B,movimento,Corredor,True,Sala A,True,Sala A,True,False,Sala A,-74.0,-80.0,6.0,Corredor,False,True,False,False
2026-08-26 15:38:14,2026-08-26 15:38:13,127,3242572198,2026-08-26 15:38:14,server,c3:00:00:13:3b:b7,ESP-02,f7e10db8-2804-4bf5-a8b1-2d47ba7dd51d,DIN2–AB-R7,,,Sala A,-92,Sala B,movimento,Sala A,True,Sala B,True,Sala B,True,False,Sala B,-75.0,-83.0,8.0,Corredor,False,False,False,False
2026-08-26 15:38:16,2026-08-26 15:38:15,108,1242899341,2026-08-26 15:38:16,server,c3:00:00:13:3b:b7,ESP-03,e9798c74-bafb-4b54-be7c-bdcd971db373,DIN2–AB-R7,,,Sala B,-65,Sala B,movimento,Sala B,True,Sala B,False,Sala B,False,False,Sala B,-65.0,-65.0,,Sala B,True,True,True,True
2026-08-26 15:38:18,2026-08-26 15:38:17,97,998155149,2026-08-26 15:38:18,server,c3:00:00:13:3b:b7,ESP-01,90c9883f-b53c-4663-99e9-047ccf71735d,DIN2–AB-R7,,,Corredor,-72,Sala B,movimento,Corredor,True,Sala B,False,Sala B,False,False,Sala B,-65.0,-65.0,,Sala B,False,False,True,True
2026-08-26 15:38:18,2026-08-26 15:38:17,128,3242572198,2026-08-26 15:38:18,server,c3:00:00:13:3b:b7,ESP-02,60660200-57c0-4a2f-b1b3-3cbde00437d8,DIN2–AB-R7,,,Sala A,-89,Sala B,movimento,Sala A,True,Sala B,False,Sala B,False,False,Sala B,-65.0,-65.0,,Sala B,False,False,True,True
2026-08-26 15:38:20,2026-08-26 15:38:19,109,1242899341,2026-08-26 15:38:20,server,c3:00:00:13:3b:b7,ESP-03,33090528-19fb-4dde-8beb-0afd6de40304,DIN2–AB-R7,,,Sala B,-54,Sala B,movimento,Sala B,True,Sala B,False,Sala B,False,False,Sala B,-54.0,-54.0,,Sala B,False,True,True,True
2026-08-26 15:38:21,2026-08-26 15:38:20,98,998155149,2026-08-26 15:38:21,server,c3:00:00:13:3b:b7,ESP-01,7bc251e6-94bc-4e28-8244-a7efc79fa6b4,DIN2–AB-R7,,,Corredor,-84,Sala B,movimento,Corredor,True,Sala B,False,Sala B,False,False,Sala B,-54.0,-54.0,,Sala B,False,False,True,True
2026-08-26 15:38:22,2026-08-26 15:38:21,129,3242572198,2026-08-26 15:38:22,server,c3:00:00:13:3b:b7,ESP-02,8a128ed5-d46f-4365-857f-a89425f3ca35,DIN2–AB-R7,,,Sala A,-88,Sala B,movimento,Sala A,True,Sala B,False,Sala B,False,False,Sala B,-54.0,-54.0,,Sala B,False,False,True,True
2026-08-26 15:38:23,2026-08-26 15:38:22,110,1242899341,2026-08-26 15:38:23,server,c3:00:00:13:3b:b7,ESP-03,a6921648-b350-4a86-a85e-608ce33b000c,DIN2–AB-R7,,,Sala B,-55,Sala B,movimento,Sala B,True,Sala B,False,Sala B,False,False,Sala B,-54.5,-54.5,,Sala B,False,True,True,True
2026-08-26 15:38:25,2026-08-26 15:38:24,99,998155149,2026-08-26 15:38:25,server,c3:00:00:13:3b:b7,ESP-01,6aec1fd5-ae7a-4592-94a0-07a4c6c4e702,DIN2–AB-R7,,,Corredor,-95,Sala B,movimento,Corredor,True,Sala B,False,Sala B,False,False,Sala B,-55.0,-55.0,,Sala B,False,False,True,True
2026-08-26 15:38:25,2026-08-26 15:38:24,130,3242572198,2026-08-26 15:38:25,server,c3:00:00:13:3b:b7,ESP-02,462557e1-ae1f-40f4-8f8e-d02e8ac87bb6,DIN2–AB-R7,,,Sala A,-87,Sala B,movimento,Sala A,True,Sala B,False,Sala B,False,False,Sala B,-55.0,-55.0,,Sala B,False,False,True,True
2026-08-26 15:38:27,2026-08-26 15:38:26,111,1242899341,2026-08-26 15:38:27,server,c3:00:00:13:3b:b7,ESP-03,c89f7266-0115-49b5-ac3f-99e442884106,DIN2–AB-R7,,,Sala B,-51,Sala B,movimento,Sala B,True,Sala B,False,Sala B,False,False,Sala B,-51.0,-51.0,,Sala B,False,True,True,True
2026-08-26 15:38:28,2026-08-26 15:38:27,100,998155149,2026-08-26 15:38:28,server,c3:00:00:13:3b:b7,ESP-01,830f2d03-6d50-4e71-ab73-09e58ac9f363,DIN2–AB-R7,,,Corredor,-82,Sala B,movimento,Corredor,True,Sala B,False,Sala B,False,False,Sala B,-51.0,-51.0,,Sala B,False,False,True,True
2026-08-26 15:38:29,2026-08-26 15:38:28,131,3242572198,2026-08-26 15:38:29,server,c3:00:00:13:3b:b7,ESP-02,3016b53e-3f52-44cd-b86c-cdf3e8cc57c7,DIN2–AB-R7,,,Sala A,-83,Sala B,movimento,Sala A,True,Sala B,False,Sala B,False,False,Sala B,-51.0,-51.0,,Sala B,False,False,True,True
2026-08-26 15:38:30,2026-08-26 15:38:29,112,1242899341,2026-08-26 15:38:30,server,c3:00:00:13:3b:b7,ESP-03,f63a44f5-46ff-4256-a259-cd792cff55c6,DIN2–AB-R7,,,Sala B,-50,Sala B,movimento,Sala B,True,Sala B,False,Sala B,False,False,Sala B,-50.5,-50.5,,Sala B,False,True,True,True
2026-08-26 15:50:56,2026-08-26 15:50:55,308,998155149,2026-08-26 15:50:56,server,c3:00:00:13:3b:b7,ESP-01,feb9dc19-50d1-49f4-ad4b-40e2ca150f92,DIN2–AB-R8,,,Corredor,-79,,,Corredor,True,Corredor,True,Corredor,True,False,Corredor,-79.0,,,,False,False,False,False
2026-08-26 15:50:57,2026-08-26 15:50:56,319,1242899341,2026-08-26 15:50:57,server,c3:00:00:13:3b:b7,ESP-03,b058537e-f5ad-401f-82a6-189d043e616b,DIN2–AB-R8,,,Sala B,-88,,,Sala B,True,Corredor,False,Corredor,False,False,Corredor,-79.0,-79.0,,Corredor,True,False,True,True
2026-08-26 15:50:58,2026-08-26 15:50:54,316,3242572198,2026-08-26 15:50:58,server,c3:00:00:13:3b:b7,ESP-02,c8435eaa-c310-41e4-a4ba-4d94e4cdb858,DIN2–AB-R8,,,Sala A,-64,,,Sala A,True,Sala A,True,Sala A,True,False,Sala A,-64.0,-79.0,15.0,Corredor,False,False,False,False
2026-08-26 15:51:00,2026-08-26 15:50:59,309,998155149,2026-08-26 15:51:00,server,c3:00:00:13:3b:b7,ESP-01,611b0006-eab6-4c11-861e-dddca3b4c260,DIN2–AB-R8,,,Corredor,-86,,,Corredor,True,Sala A,False,Sala A,False,False,Sala A,-64.0,-64.0,,Sala A,True,False,True,True
2026-08-26 15:51:00,2026-08-26 15:50:59,320,1242899341,2026-08-26 15:51:00,server,c3:00:00:13:3b:b7,ESP-03,55767133-9953-4533-93c9-90ab86d87dd3,DIN2–AB-R8,,,Sala B,-80,,,Sala B,True,Sala A,False,Sala A,False,False,Sala A,-64.0,-64.0,,Sala A,False,False,True,True
2026-08-26 15:51:14,2026-08-26 15:51:13,313,998155149,2026-08-26 15:51:14,server,c3:00:00:13:3b:b7,ESP-01,de446070-d2df-4f2d-abd1-f7fcb94de1d9,DIN2–AB-R8,,,Corredor,-83,,,Corredor,True,Corredor,True,Corredor,True,False,Corredor,-83.0,,,Sala A,False,False,False,False
2026-08-26 15:51:15,2026-08-26 15:51:14,324,1242899341,2026-08-26 15:51:15,server,c3:00:00:13:3b:b7,ESP-03,6a750bfb-a7e1-41ef-94b7-f133b88e920a,DIN2–AB-R8,,,Sala B,-87,Sala A,movimento,Sala B,True,Corredor,False,Corredor,False,False,Corredor,-83.0,-83.0,,Corredor,True,False,True,True
2026-08-26 15:51:18,2026-08-26 15:51:17,314,998155149,2026-08-26 15:51:18,server,c3:00:00:13:3b:b7,ESP-01,9cbb0ced-2210-43a8-a917-dd7bec4caca0,DIN2–AB-R8,,,Corredor,-82,Sala A,movimento,Corredor,True,Corredor,False,Corredor,False,False,Corredor,-82.0,-82.0,,Corredor,False,True,True,True
2026-08-26 15:51:18,2026-08-26 15:51:17,325,1242899341,2026-08-26 15:51:18,server,c3:00:00:13:3b:b7,ESP-03,2a4d5dde-552f-4850-8e31-fccb91e435eb,DIN2–AB-R8,,,Sala B,-92,Sala A,movimento,Sala B,True,Corredor,False,Corredor,False,False,Corredor,-82.0,-82.0,,Corredor,False,False,True,True
2026-08-26 15:51:20,2026-08-26 15:51:16,321,3242572198,2026-08-26 15:51:20,server,c3:00:00:13:3b:b7,ESP-02,7071a461-b1a0-4f0d-a66e-f22dacfaa6f8,DIN2–AB-R8,,,Sala A,-48,Sala A,movimento,Sala A,True,Sala A,True,Sala A,True,False,Sala A,-48.0,-82.0,34.0,Corredor,False,False,False,False
2026-08-26 15:51:21,2026-08-26 15:51:20,315,998155149,2026-08-26 15:51:21,server,c3:00:00:13:3b:b7,ESP-01,79165b95-0162-4006-a32f-340192699ef8,DIN2–AB-R8,,,Corredor,-73,Sala A,movimento,Corredor,True,Sala A,False,Sala A,False,False,Sala A,-48.0,-48.0,,Sala A,True,False,True,True
2026-08-26 15:51:22,2026-08-26 15:51:21,326,1242899341,2026-08-26 15:51:22,server,c3:00:00:13:3b:b7,ESP-03,167bb5a0-a47f-44e0-b52d-179be5374a3d,DIN2–AB-R8,,,Sala B,-93,Sala A,movimento,Sala B,True,Sala A,False,Sala A,False,False,Sala A,-48.0,-48.0,,Sala A,False,False,True,True
2026-08-26 15:51:24,2026-08-26 15:51:22,322,3242572198,2026-08-26 15:51:24,server,c3:00:00:13:3b:b7,ESP-02,c329e71a-8ee0-4529-9710-3393887d1696,DIN2–AB-R8,,,Sala A,-49,Sala A,movimento,Sala A,True,Sala A,False,Sala A,False,False,Sala A,-49.0,-49.0,,Sala A,False,True,True,True
2026-08-26 15:51:25,2026-08-26 15:51:24,316,998155149,2026-08-26 15:51:25,server,c3:00:00:13:3b:b7,ESP-01,491d971f-9ccf-4410-8302-1a94adfb2867,DIN2–AB-R8,,,Corredor,-84,Sala A,movimento,Corredor,True,Sala A,False,Sala A,False,False,Sala A,-49.0,-49.0,,Sala A,False,False,True,True
2026-08-26 15:51:26,2026-08-26 15:51:25,327,1242899341,2026-08-26 15:51:26,server,c3:00:00:13:3b:b7,ESP-03,1f089123-1dba-4b2b-b90e-31b7f3c7d399,DIN2–AB-R8,,,Sala B,-83,Sala A,movimento,Sala B,True,Sala A,False,Sala A,False,False,Sala A,-49.0,-49.0,,Sala A,False,False,True,True
2026-08-26 15:51:27,2026-08-26 15:51:26,323,3242572198,2026-08-26 15:51:27,server,c3:00:00:13:3b:b7,ESP-02,0328686f-91b1-4a2e-b992-27f5892ecc0a,DIN2–AB-R8,,,Sala A,-56,Sala A,movimento,Sala A,True,Sala A,False,Sala A,False,False,Sala A,-52.5,-52.5,,Sala A,False,True,True,True
2026-08-26 15:51:29,2026-08-26 15:51:28,317,998155149,2026-08-26 15:51:29,server,c3:00:00:13:3b:b7,ESP-01,f9526dde-f4df-47b4-a52b-52e0bc5f4b62,DIN2–AB-R8,,,Corredor,-79,Sala A,movimento,Corredor,True,Sala A,False,Sala A,False,False,Sala A,-56.0,-56.0,,Sala A,False,False,True,True
2026-08-26 15:51:29,2026-08-26 15:51:28,328,1242899341,2026-08-26 15:51:29,server,c3:00:00:13:3b:b7,ESP-03,2c552d28-41cb-4763-94c0-45510c6ac2df,DIN2–AB-R8,,,Sala B,-84,Sala A,movimento,Sala B,True,Sala A,False,Sala A,False,False,Sala A,-56.0,-56.0,,Sala A,False,False,True,True
2026-08-26 15:51:32,2026-08-26 15:51:31,318,998155149,2026-08-26 15:51:32,server,c3:00:00:13:3b:b7,ESP-01,29f6e02d-99d5-4058-a522-76349aa1f134,DIN2–AB-R8,,,Corredor,-77,Sala A,movimento,Corredor,True,Corredor,True,Corredor,True,False,Corredor,-78.0,,,Sala A,False,False,False,False
2026-08-26 15:51:33,2026-08-26 15:51:32,329,1242899341,2026-08-26 15:51:33,server,c3:00:00:13:3b:b7,ESP-03,aa3f2c26-31b6-4371-b2fb-4a8e167b8ec9,DIN2–AB-R8,,,Sala B,-91,Sala A,movimento,Sala B,True,Corredor,False,Corredor,False,False,Corredor,-77.0,-77.0,,Corredor,True,False,True,True
2026-08-26 15:51:33,2026-08-26 15:51:30,324,3242572198,2026-08-26 15:51:33,server,c3:00:00:13:3b:b7,ESP-02,c9605c49-725c-4b5c-8e3a-ae0abb725b15,DIN2–AB-R8,,,Sala A,-66,Sala A,movimento,Sala A,True,Sala A,True,Sala A,True,False,Sala A,-66.0,-77.0,11.0,Corredor,False,False,False,False
2026-08-26 15:51:36,2026-08-26 15:51:35,319,998155149,2026-08-26 15:51:36,server,c3:00:00:13:3b:b7,ESP-01,bed3867a-e0a1-49f9-bad5-a14ad1d2aa51,DIN2–AB-R8,,,Corredor,-72,Corredor,movimento,Corredor,True,Sala A,False,Sala A,False,False,Sala A,-66.0,-66.0,,Sala A,True,False,True,True
2026-08-26 15:51:36,2026-08-26 15:51:35,330,1242899341,2026-08-26 15:51:36,server,c3:00:00:13:3b:b7,ESP-03,4080d61f-5ff8-4c70-8c2e-26b99946c410,DIN2–AB-R8,,,Sala B,-83,Corredor,movimento,Sala B,True,Sala A,False,Sala A,False,False,Sala A,-66.0,-66.0,,Sala A,False,False,True,True
2026-08-26 15:51:37,2026-08-26 15:51:36,325,3242572198,2026-08-26 15:51:37,server,c3:00:00:13:3b:b7,ESP-02,c3a92ccc-f76e-47bf-8ae5-91cf2bcec5d7,DIN2–AB-R8,,,Sala A,-70,Corredor,movimento,Sala A,True,Sala A,False,Sala A,False,False,Sala A,-70.0,-70.0,,Sala A,False,True,True,True
2026-08-26 15:51:39,2026-08-26 15:51:38,320,998155149,2026-08-26 15:51:39,server,c3:00:00:13:3b:b7,ESP-01,1b58f54c-87e9-471b-9b66-0b43292ba23b,DIN2–AB-R8,,,Corredor,-49,Corredor,movimento,Corredor,True,Corredor,True,Corredor,True,False,Corredor,-60.5,-70.0,9.5,Sala A,False,False,False,False
2026-08-26 15:51:40,2026-08-26 15:51:39,331,1242899341,2026-08-26 15:51:40,server,c3:00:00:13:3b:b7,ESP-03,6a4c3dc2-1c92-4855-88ea-e70fcc120346,DIN2–AB-R8,,,Sala B,-79,Corredor,movimento,Sala B,True,Corredor,False,Corredor,False,False,Corredor,-49.0,-49.0,,Corredor,True,False,True,True
2026-08-26 15:51:40,2026-08-26 15:51:39,326,3242572198,2026-08-26 15:51:40,server,c3:00:00:13:3b:b7,ESP-02,3c310b92-91fb-4b6d-864a-ef6b3287e39c,DIN2–AB-R8,,,Sala A,-77,Corredor,movimento,Sala A,True,Corredor,False,Corredor,False,False,Corredor,-49.0,-49.0,,Corredor,False,False,True,True
2026-08-26 15:51:43,2026-08-26 15:51:42,321,998155149,2026-08-26 15:51:43,server,c3:00:00:13:3b:b7,ESP-01,740dedcd-9c54-455f-9e47-7fd07b22f4b2,DIN2–AB-R8,,,Corredor,-83,Sala B,movimento,Corredor,True,Sala A,True,Sala A,True,False,Sala A,-77.0,-83.0,6.0,Corredor,False,True,False,False
2026-08-26 15:51:43,2026-08-26 15:51:42,332,1242899341,2026-08-26 15:51:43,server,c3:00:00:13:3b:b7,ESP-03,bc13dbbe-4b94-4b3d-be96-380a2cc87456,DIN2–AB-R8,,,Sala B,-63,Sala B,movimento,Sala B,True,Sala B,True,Sala B,True,False,Sala B,-71.0,-77.0,6.0,Corredor,False,False,False,False
2026-08-26 15:51:44,2026-08-26 15:51:43,327,3242572198,2026-08-26 15:51:44,server,c3:00:00:13:3b:b7,ESP-02,dbcd5e6d-0557-41bc-8deb-32c726dfbf00,DIN2–AB-R8,,,Sala A,-88,Sala B,movimento,Sala A,True,Sala B,False,Sala B,False,False,Sala B,-63.0,-63.0,,Sala B,True,False,True,True
2026-08-26 15:51:47,2026-08-26 15:51:46,322,998155149,2026-08-26 15:51:47,server,c3:00:00:13:3b:b7,ESP-01,d6d06126-6a0a-454a-8079-df8fddbb484e,DIN2–AB-R8,,,Corredor,-85,Sala B,movimento,Corredor,True,Corredor,True,Corredor,True,False,Corredor,-85.0,,,Sala B,False,False,False,False
2026-08-26 15:51:47,2026-08-26 15:51:46,333,1242899341,2026-08-26 15:51:47,server,c3:00:00:13:3b:b7,ESP-03,399a73b2-89b0-4483-b569-62312483eb92,DIN2–AB-R8,,,Sala B,-49,Sala B,movimento,Sala B,True,Sala B,True,Sala B,True,False,Sala B,-49.0,-85.0,36.0,Sala B,False,True,True,True
2026-08-26 15:51:48,2026-08-26 15:51:47,328,3242572198,2026-08-26 15:51:48,server,c3:00:00:13:3b:b7,ESP-02,2895ef06-5d3f-498b-a6bf-6e25f4e878b6,DIN2–AB-R8,,,Sala A,-91,Sala B,movimento,Sala A,True,Sala B,False,Sala B,False,False,Sala B,-49.0,-49.0,,Sala B,False,False,True,True
2026-08-26 15:51:50,2026-08-26 15:51:49,323,998155149,2026-08-26 15:51:50,server,c3:00:00:13:3b:b7,ESP-01,b5c7b4f8-6bb2-431c-9908-7cc17cd2c589,DIN2–AB-R8,,,Corredor,-76,Sala B,movimento,Corredor,True,Sala B,False,Sala B,False,False,Sala B,-49.0,-49.0,,Sala B,False,False,True,True
2026-08-26 15:51:51,2026-08-26 15:51:50,334,1242899341,2026-08-26 15:51:51,server,c3:00:00:13:3b:b7,ESP-03,53bc6ff4-cf00-4137-9e66-562cb6eb214b,DIN2–AB-R8,,,Sala B,-56,Sala B,movimento,Sala B,True,Sala B,False,Sala B,False,False,Sala B,-56.0,-56.0,,Sala B,False,True,True,True
2026-08-26 15:51:52,2026-08-26 15:51:51,329,3242572198,2026-08-26 15:51:52,server,c3:00:00:13:3b:b7,ESP-02,64b983b2-5601-48b2-a47a-164016c1a659,DIN2–AB-R8,,,Sala A,-90,Sala B,movimento,Sala A,True,Sala B,False,Sala B,False,False,Sala B,-56.0,-56.0,,Sala B,False,False,True,True
2026-08-26 15:51:54,2026-08-26 15:51:53,324,998155149,2026-08-26 15:51:54,server,c3:00:00:13:3b:b7,ESP-01,d69aa17c-942f-4a21-b6e6-d1f2ea4a539f,DIN2–AB-R8,,,Corredor,-87,Sala B,movimento,Corredor,True,Sala B,False,Sala B,False,False,Sala B,-56.0,-56.0,,Sala B,False,False,True,True
2026-08-26 15:51:54,2026-08-26 15:51:53,335,1242899341,2026-08-26 15:51:54,server,c3:00:00:13:3b:b7,ESP-03,2351bca9-e6ab-45cf-ae64-a359c9817466,DIN2–AB-R8,,,Sala B,-46,Sala B,movimento,Sala B,True,Sala B,False,Sala B,False,False,Sala B,-51.0,-51.0,,Sala B,False,True,True,True
2026-08-26 15:51:55,2026-08-26 15:51:54,330,3242572198,2026-08-26 15:51:55,server,c3:00:00:13:3b:b7,ESP-02,af903e18-c3b8-41f8-940c-376ea4a0c672,DIN2–AB-R8,,,Sala A,-92,Sala B,movimento,Sala A,True,Sala B,False,Sala B,False,False,Sala B,-46.0,-46.0,,Sala B,False,False,True,True
2026-08-26 15:51:57,2026-08-26 15:51:56,325,998155149,2026-08-26 15:51:57,server,c3:00:00:13:3b:b7,ESP-01,a7d05189-6c89-478d-aea9-1eff968b7bd0,DIN2–AB-R8,,,Corredor,-78,Sala B,movimento,Corredor,True,Sala B,False,Sala B,False,False,Sala B,-46.0,-46.0,,Sala B,False,False,True,True
2026-08-26 15:51:58,2026-08-26 15:51:57,336,1242899341,2026-08-26 15:51:58,server,c3:00:00:13:3b:b7,ESP-03,00740ce7-7d9a-4ee5-9c4d-c9010ac9f3ad,DIN2–AB-R8,,,Sala B,-48,Sala B,movimento,Sala B,True,Sala B,False,Sala B,False,False,Sala B,-48.0,-48.0,,Sala B,False,True,True,True
2026-08-26 15:54:02,2026-08-26 15:54:01,370,1242899341,2026-08-26 15:54:02,server,c3:00:00:13:3b:b7,ESP-03,50ca30da-5c73-44e2-88fa-039c68eaf083,DIN2–AB-R9,,,Sala B,-81,Sala A,movimento,Sala B,True,Sala B,True,Sala B,True,False,Sala B,-81.0,,,,False,False,False,False
2026-08-26 15:54:03,2026-08-26 15:54:02,360,998155149,2026-08-26 15:54:03,server,c3:00:00:13:3b:b7,ESP-01,a64fce72-d01e-4c49-bd48-81a3d17a1dac,DIN2–AB-R9,,,Corredor,-77,Sala A,movimento,Corredor,True,Corredor,True,Sala B,False,True,Corredor,-77.0,-81.0,4.0,Sala B,True,False,False,True
2026-08-26 15:54:05,2026-08-26 15:54:04,371,1242899341,2026-08-26 15:54:05,server,c3:00:00:13:3b:b7,ESP-03,9151fa3f-2801-4dbb-a0d6-75c2802c0c61,DIN2–AB-R9,,,Sala B,-82,Sala A,movimento,Sala B,True,Corredor,False,Sala B,False,True,Corredor,-77.0,-81.5,4.5,Sala B,False,True,False,True
2026-08-26 15:54:05,2026-08-26 15:53:57,355,3242572198,2026-08-26 15:54:05,server,c3:00:00:13:3b:b7,ESP-02,0003f31f-d0b1-4454-8f92-fca87509e2d8,DIN2–AB-R9,,,Sala A,-65,Sala A,movimento,Sala A,True,Sala A,True,Sala A,True,False,Sala A,-65.0,-81.5,16.5,Sala B,False,False,False,False
2026-08-26 15:54:06,2026-08-26 15:54:05,356,3242572198,2026-08-26 15:54:06,server,c3:00:00:13:3b:b7,ESP-02,e5df5298-48be-4e1a-aa18-49203e5fa2a7,DIN2–AB-R9,,,Sala A,-60,Sala A,movimento,Sala A,False,Sala A,False,Sala A,False,False,Sala A,-62.5,-62.5,,Sala A,True,True,True,True
2026-08-26 15:54:06,2026-08-26 15:54:05,361,998155149,2026-08-26 15:54:06,server,c3:00:00:13:3b:b7,ESP-01,c05dac47-c5f4-4604-82e6-0a97410af63a,DIN2–AB-R9,,,Corredor,-71,Sala A,movimento,Corredor,True,Sala A,False,Sala A,False,False,Sala A,-62.5,-62.5,,Sala A,False,False,True,True
2026-08-26 15:54:09,2026-08-26 15:54:08,372,1242899341,2026-08-26 15:54:09,server,c3:00:00:13:3b:b7,ESP-03,468315f8-9b93-42df-a3d6-ce991a5f21df,DIN2–AB-R9,,,Sala B,-88,Sala A,movimento,Sala B,True,Sala A,False,Sala A,False,False,Sala A,-60.0,-60.0,,Sala A,False,False,True,True
2026-08-26 15:54:10,2026-08-26 15:54:09,362,998155149,2026-08-26 15:54:10,server,c3:00:00:13:3b:b7,ESP-01,c89ef403-9529-43aa-bd3f-ec4c92a905f2,DIN2–AB-R9,,,Corredor,-77,Sala A,movimento,Corredor,True,Corredor,True,Corredor,True,False,Corredor,-77.0,,,Sala A,False,False,False,False
2026-08-26 15:54:12,2026-08-26 15:54:08,357,3242572198,2026-08-26 15:54:12,server,c3:00:00:13:3b:b7,ESP-02,d346b08a-cf94-4323-b0f7-b868ac68e815,DIN2–AB-R9,,,Sala A,-49,Sala A,movimento,Sala A,True,Sala A,True,Sala A,True,False,Sala A,-49.0,-77.0,28.0,Sala A,False,True,True,True
2026-08-26 15:54:12,2026-08-26 15:54:11,373,1242899341,2026-08-26 15:54:12,server,c3:00:00:13:3b:b7,ESP-03,55f4c2d2-64e8-40cc-9557-ba89cf96dfa9,DIN2–AB-R9,,,Sala B,-81,Sala A,movimento,Sala B,True,Sala A,False,Sala A,False,False,Sala A,-49.0,-49.0,,Sala A,False,False,True,True
2026-08-26 15:54:13,2026-08-26 15:54:12,363,998155149,2026-08-26 15:54:13,server,c3:00:00:13:3b:b7,ESP-01,a9d9d9c9-4e96-4ece-8899-584ccf333f3a,DIN2–AB-R9,,,Corredor,-82,Sala A,movimento,Corredor,True,Sala A,False,Sala A,False,False,Sala A,-49.0,-49.0,,Sala A,False,False,True,True
2026-08-26 15:54:16,2026-08-26 15:54:15,374,1242899341,2026-08-26 15:54:16,server,c3:00:00:13:3b:b7,ESP-03,afec805f-db50-4255-88e6-d942ed2e0b57,DIN2–AB-R9,,,Sala B,-83,Sala A,movimento,Sala B,True,Corredor,True,Corredor,True,False,Corredor,-82.0,,,Sala A,False,False,False,False
2026-08-26 15:54:16,2026-08-26 15:54:15,358,3242572198,2026-08-26 15:54:16,server,c3:00:00:13:3b:b7,ESP-02,2010a538-891b-4c16-b5fa-64f1b5d8cb02,DIN2–AB-R9,,,Sala A,-55,Sala A,movimento,Sala A,True,Sala A,True,Sala A,True,False,Sala A,-55.0,-82.0,27.0,Sala A,False,True,True,True
2026-08-26 15:54:17,2026-08-26 15:54:16,364,998155149,2026-08-26 15:54:17,server,c3:00:00:13:3b:b7,ESP-01,9d8fcc50-3c3f-4b44-8431-04f2a6444cc8,DIN2–AB-R9,,,Corredor,-77,Sala A,movimento,Corredor,True,Sala A,False,Sala A,False,False,Sala A,-55.0,-55.0,,Sala A,False,False,True,True
2026-08-26 15:54:20,2026-08-26 15:54:19,375,1242899341,2026-08-26 15:54:20,server,c3:00:00:13:3b:b7,ESP-03,4ef4f359-2f36-44e7-b27b-85401a153d9c,DIN2–AB-R9,,,Sala B,-91,Sala A,movimento,Sala B,True,Corredor,True,Corredor,True,False,Corredor,-77.0,,,Sala A,False,False,False,False
2026-08-26 15:54:20,2026-08-26 15:54:19,359,3242572198,2026-08-26 15:54:20,server,c3:00:00:13:3b:b7,ESP-02,26cb3e73-3ca3-43d8-b8c1-d990b8ec1dcb,DIN2–AB-R9,,,Sala A,-57,Sala A,movimento,Sala A,True,Sala A,True,Sala A,True,False,Sala A,-57.0,-77.0,20.0,Sala A,False,True,True,True
2026-08-26 15:54:21,2026-08-26 15:54:20,365,998155149,2026-08-26 15:54:21,server,c3:00:00:13:3b:b7,ESP-01,5903e1f6-3e00-4158-83f3-9c689c87ff6e,DIN2–AB-R9,,,Corredor,-80,Corredor,movimento,Corredor,True,Sala A,False,Sala A,False,False,Sala A,-57.0,-57.0,,Sala A,False,False,True,True
2026-08-26 15:54:24,2026-08-26 15:54:22,360,3242572198,2026-08-26 15:54:24,server,c3:00:00:13:3b:b7,ESP-02,4c613bd1-18cc-4737-bddb-f843fd06859e,DIN2–AB-R9,,,Sala A,-72,Corredor,movimento,Sala A,True,Sala A,False,Sala A,False,False,Sala A,-72.0,-72.0,,Sala A,False,True,True,True
2026-08-26 15:54:24,2026-08-26 15:54:23,366,998155149,2026-08-26 15:54:24,server,c3:00:00:13:3b:b7,ESP-01,5a167afb-8fb7-4ea2-bcc0-3223d25a9313,DIN2–AB-R9,,,Corredor,-48,Corredor,movimento,Corredor,True,Corredor,True,Corredor,True,False,Corredor,-64.0,-72.0,8.0,Sala A,False,False,False,False
2026-08-26 15:54:27,2026-08-26 15:54:26,377,1242899341,2026-08-26 15:54:27,server,c3:00:00:13:3b:b7,ESP-03,834b3636-716f-4224-92a5-a4a511200868,DIN2–AB-R9,,,Sala B,-77,Sala B,movimento,Sala B,True,Corredor,False,Corredor,False,False,Corredor,-48.0,-48.0,,Corredor,True,False,True,True
2026-08-26 15:54:28,2026-08-26 15:54:27,367,998155149,2026-08-26 15:54:28,server,c3:00:00:13:3b:b7,ESP-01,ec065a67-4b6b-44e0-a1e6-08055ea59fab,DIN2–AB-R9,,,Corredor,-77,Sala B,movimento,Corredor,True,Corredor,False,Corredor,False,False,Corredor,-77.0,-77.0,,Corredor,False,True,True,True
2026-08-26 15:54:30,2026-08-26 15:54:26,361,3242572198,2026-08-26 15:54:30,server,c3:00:00:13:3b:b7,ESP-02,511d52a1-e205-437d-b92c-ccc20948045e,DIN2–AB-R9,,,Sala A,-96,Sala B,movimento,Sala A,True,Corredor,False,Corredor,False,False,Corredor,-77.0,-77.0,,Corredor,False,False,True,True
2026-08-26 15:54:30,2026-08-26 15:54:29,378,1242899341,2026-08-26 15:54:30,server,c3:00:00:13:3b:b7,ESP-03,6de69c48-651f-4aa3-a2eb-e71778b0993c,DIN2–AB-R9,,,Sala B,-69,Sala B,movimento,Sala B,True,Sala B,True,Corredor,False,True,Sala B,-73.0,-77.0,4.0,Corredor,False,False,False,True
2026-08-26 15:54:31,2026-08-26 15:54:30,368,998155149,2026-08-26 15:54:31,server,c3:00:00:13:3b:b7,ESP-01,f1bbcbaf-ccfd-439f-833c-732264094984,DIN2–AB-R9,,,Corredor,-82,Sala B,movimento,Corredor,True,Sala B,False,Sala B,True,False,Sala B,-69.0,-79.5,10.5,Corredor,False,True,False,False
2026-08-26 15:54:33,2026-08-26 15:54:32,379,1242899341,2026-08-26 15:54:33,server,c3:00:00:13:3b:b7,ESP-03,6ca1775c-ef20-485f-af04-71e5ba7227e6,DIN2–AB-R9,,,Sala B,-55,Sala B,movimento,Sala B,True,Sala B,False,Sala B,False,False,Sala B,-62.0,-62.0,,Sala B,True,True,True,True
2026-08-26 15:54:35,2026-08-26 15:54:34,369,998155149,2026-08-26 15:54:35,server,c3:00:00:13:3b:b7,ESP-01,5b205e94-a1b6-4fa4-81dd-a67c4dad279b,DIN2–AB-R9,,,Corredor,-77,Sala B,movimento,Corredor,True,Sala B,False,Sala B,False,False,Sala B,-55.0,-55.0,,Sala B,False,False,True,True
2026-08-26 15:54:36,2026-08-26 15:54:32,362,3242572198,2026-08-26 15:54:36,server,c3:00:00:13:3b:b7,ESP-02,cf5ba969-6523-47db-97d5-542d35e797b2,DIN2–AB-R9,,,Sala A,-90,Sala B,movimento,Sala A,True,Sala B,False,Sala B,False,False,Sala B,-55.0,-55.0,,Sala B,False,False,True,True
2026-08-26 15:54:37,2026-08-26 15:54:36,380,1242899341,2026-08-26 15:54:37,server,c3:00:00:13:3b:b7,ESP-03,0d3bdf4d-5e8b-4221-bf73-7c92016389ff,DIN2–AB-R9,,,Sala B,-61,Sala B,movimento,Sala B,True,Sala B,False,Sala B,False,False,Sala B,-61.0,-61.0,,Sala B,False,True,True,True
2026-08-26 15:54:39,2026-08-26 15:54:38,370,998155149,2026-08-26 15:54:39,server,c3:00:00:13:3b:b7,ESP-01,55cb5c90-4396-4ea2-a68e-fb042a76981c,DIN2–AB-R9,,,Corredor,-77,Sala B,movimento,Corredor,True,Sala B,False,Sala B,False,False,Sala B,-61.0,-61.0,,Sala B,False,False,True,True
2026-08-26 15:54:40,2026-08-26 15:54:39,363,3242572198,2026-08-26 15:54:40,server,c3:00:00:13:3b:b7,ESP-02,322c5187-dcd8-475f-85c0-ab34b74ddc32,DIN2–AB-R9,,,Sala A,-90,Sala B,movimento,Sala A,True,Sala B,False,Sala B,False,False,Sala B,-61.0,-61.0,,Sala B,False,False,True,True
2026-08-26 15:54:41,2026-08-26 15:54:40,381,1242899341,2026-08-26 15:54:41,server,c3:00:00:13:3b:b7,ESP-03,c2df5623-6a47-4578-9db1-e0c13327c7f8,DIN2–AB-R9,,,Sala B,-71,Sala B,movimento,Sala B,True,Sala B,False,Sala B,False,False,Sala B,-71.0,-71.0,,Sala B,False,True,True,True
2026-08-26 15:54:42,2026-08-26 15:54:41,371,998155149,2026-08-26 15:54:42,server,c3:00:00:13:3b:b7,ESP-01,16c03cd4-e1d2-4b39-b4ee-8f62ece5f044,DIN2–AB-R9,,,Corredor,-70,Sala B,movimento,Corredor,True,Sala B,False,Sala B,False,False,Sala B,-71.0,-71.0,,Sala B,False,False,True,True
2026-08-26 15:54:44,2026-08-26 15:54:43,382,1242899341,2026-08-26 15:54:44,server,c3:00:00:13:3b:b7,ESP-03,87e4e1fe-1033-4e05-bc46-cb1dc1aa0f6e,DIN2–AB-R9,,,Sala B,-65,Sala B,movimento,Sala B,True,Sala B,False,Sala B,False,False,Sala B,-68.0,-68.0,,Sala B,False,True,True,True
2026-08-26 15:54:46,2026-08-26 15:54:45,372,998155149,2026-08-26 15:54:46,server,c3:00:00:13:3b:b7,ESP-01,8ae21103-c615-4fd1-8e31-1e33339b84f1,DIN2–AB-R9,,,Corredor,-86,Sala B,movimento,Corredor,True,Sala B,False,Sala B,False,False,Sala B,-65.0,-65.0,,Sala B,False,False,True,True
2026-08-26 15:54:47,2026-08-26 15:54:43,364,3242572198,2026-08-26 15:54:47,server,c3:00:00:13:3b:b7,ESP-02,0872a715-e4c7-4e16-a7ba-d4567ad91e26,DIN2–AB-R9,,,Sala A,-83,Sala B,movimento,Sala A,True,Sala B,False,Sala B,False,False,Sala B,-65.0,-65.0,,Sala B,False,False,True,True
2026-08-26 15:56:05,2026-08-26 15:56:04,404,1242899341,2026-08-26 15:56:05,server,c3:00:00:13:3b:b7,ESP-03,b054b4fa-0e7f-437f-af9d-0b3e71583b36,DIN2–AB-R10,,,Sala B,-89,Sala A,movimento,Sala B,True,Sala B,True,Sala B,True,False,Sala B,-89.0,,,,False,False,False,False
2026-08-26 15:56:05,2026-08-26 15:56:04,378,3242572198,2026-08-26 15:56:05,server,c3:00:00:13:3b:b7,ESP-02,d6c98ade-0829-47b1-96fb-5817728c1430,DIN2–AB-R10,,,Sala A,-59,Sala A,movimento,Sala A,True,Sala A,True,Sala A,True,False,Sala A,-59.0,-89.0,30.0,,False,False,False,False
2026-08-26 15:56:08,2026-08-26 15:56:07,395,998155149,2026-08-26 15:56:08,server,c3:00:00:13:3b:b7,ESP-01,cc7f1aa1-f7d9-4484-81c4-0969d4ce9541,DIN2–AB-R10,,,Corredor,-73,Sala A,movimento,Corredor,True,Sala A,False,Sala A,False,False,Sala A,-59.0,-59.0,,Sala A,True,False,True,True
2026-08-26 15:56:09,2026-08-26 15:56:08,405,1242899341,2026-08-26 15:56:09,server,c3:00:00:13:3b:b7,ESP-03,d8be1dd2-e5d2-4d42-ba95-f5b1288173cf,DIN2–AB-R10,,,Sala B,-95,Sala A,movimento,Sala B,True,Corredor,True,Corredor,True,False,Corredor,-73.0,,,Sala A,False,False,False,False
2026-08-26 15:56:12,2026-08-26 15:56:11,396,998155149,2026-08-26 15:56:12,server,c3:00:00:13:3b:b7,ESP-01,d5966265-b85e-4177-83e5-994d80dbde7a,DIN2–AB-R10,,,Corredor,-76,Sala A,movimento,Corredor,True,Corredor,False,Corredor,False,False,Corredor,-76.0,-76.0,,Corredor,True,True,True,True
2026-08-26 15:56:12,2026-08-26 15:56:11,406,1242899341,2026-08-26 15:56:12,server,c3:00:00:13:3b:b7,ESP-03,2eb7f7ef-eaec-4627-b265-f68b34539d8f,DIN2–AB-R10,,,Sala B,-79,Sala A,movimento,Sala B,True,Corredor,False,Corredor,False,False,Corredor,-76.0,-76.0,,Corredor,False,False,True,True
2026-08-26 15:56:13,2026-08-26 15:56:08,379,3242572198,2026-08-26 15:56:13,server,c3:00:00:13:3b:b7,ESP-02,18839dd3-5474-4573-bd5e-e870555561d2,DIN2–AB-R10,,,Sala A,-51,Sala A,movimento,Sala A,True,Sala A,True,Sala A,True,False,Sala A,-51.0,-76.0,25.0,Corredor,False,False,False,False
2026-08-26 15:56:15,2026-08-26 15:56:14,397,998155149,2026-08-26 15:56:15,server,c3:00:00:13:3b:b7,ESP-01,e22ae87f-1062-45e7-bef0-763225179b21,DIN2–AB-R10,,,Corredor,-73,Sala A,movimento,Corredor,True,Sala A,False,Sala A,False,False,Sala A,-51.0,-51.0,,Sala A,True,False,True,True
2026-08-26 15:56:16,2026-08-26 15:56:15,407,1242899341,2026-08-26 15:56:16,server,c3:00:00:13:3b:b7,ESP-03,5d04c670-9039-4ca1-b64c-cae1793f69fc,DIN2–AB-R10,,,Sala B,-85,Sala A,movimento,Sala B,True,Sala A,False,Sala A,False,False,Sala A,-51.0,-51.0,,Sala A,False,False,True,True
2026-08-26 15:56:17,2026-08-26 15:56:15,380,3242572198,2026-08-26 15:56:17,server,c3:00:00:13:3b:b7,ESP-02,920cce07-54a0-4d8f-aee5-00b23cb74190,DIN2–AB-R10,,,Sala A,-62,Sala A,movimento,Sala A,True,Sala A,False,Sala A,False,False,Sala A,-62.0,-62.0,,Sala A,False,True,True,True
2026-08-26 15:56:19,2026-08-26 15:56:18,398,998155149,2026-08-26 15:56:19,server,c3:00:00:13:3b:b7,ESP-01,c1cb415f-9af9-432f-a2bc-a8a8a6eddc4b,DIN2–AB-R10,,,Corredor,-75,Sala A,movimento,Corredor,True,Sala A,False,Sala A,False,False,Sala A,-62.0,-62.0,,Sala A,False,False,True,True
2026-08-26 15:56:19,2026-08-26 15:56:18,408,1242899341,2026-08-26 15:56:19,server,c3:00:00:13:3b:b7,ESP-03,3849af26-30f5-4f2c-ae65-7026d8fb056a,DIN2–AB-R10,,,Sala B,-84,Sala A,movimento,Sala B,True,Sala A,False,Sala A,False,False,Sala A,-62.0,-62.0,,Sala A,False,False,True,True
2026-08-26 15:56:21,2026-08-26 15:56:19,381,3242572198,2026-08-26 15:56:21,server,c3:00:00:13:3b:b7,ESP-02,9253ff16-833b-4dd0-bca1-510359ccce99,DIN2–AB-R10,,,Sala A,-52,Sala A,movimento,Sala A,True,Sala A,False,Sala A,False,False,Sala A,-52.0,-52.0,,Sala A,False,True,True,True
2026-08-26 15:56:21,2026-08-26 15:55:34,373,3242572198,2026-08-26 15:56:21,server,c3:00:00:13:3b:b7,ESP-02,47133071-0cce-4842-a0bf-e134343f4068,DIN2–AB-R10,,,Sala A,-62,Sala A,movimento,Sala A,False,Sala A,False,Sala A,False,False,Sala A,-57.0,-57.0,,Sala A,False,True,True,True
2026-08-26 15:56:22,2026-08-26 15:56:21,399,998155149,2026-08-26 15:56:22,server,c3:00:00:13:3b:b7,ESP-01,6b23b0e0-3896-4633-bd05-057b05797b45,DIN2–AB-R10,,,Corredor,-78,Sala A,movimento,Corredor,True,Sala A,False,Sala A,False,False,Sala A,-57.0,-57.0,,Sala A,False,False,True,True
2026-08-26 15:56:23,2026-08-26 15:56:22,409,1242899341,2026-08-26 15:56:23,server,c3:00:00:13:3b:b7,ESP-03,9d7e7a72-6ffb-4f7e-ae47-af79062fd37c,DIN2–AB-R10,,,Sala B,-85,Sala A,movimento,Sala B,True,Sala A,False,Sala A,False,False,Sala A,-57.0,-57.0,,Sala A,False,False,True,True
2026-08-26 15:56:26,2026-08-26 15:56:25,400,998155149,2026-08-26 15:56:26,server,c3:00:00:13:3b:b7,ESP-01,1bd88db0-22c4-46b3-bca6-3a4eb0c22ab1,DIN2–AB-R10,,,Corredor,-63,Corredor,movimento,Corredor,True,Corredor,True,Corredor,True,False,Corredor,-63.0,,,Sala A,False,False,False,False
2026-08-26 15:56:27,2026-08-26 15:56:26,410,1242899341,2026-08-26 15:56:27,server,c3:00:00:13:3b:b7,ESP-03,852ea125-64f7-4106-815c-4c82760482af,DIN2–AB-R10,,,Sala B,-75,Corredor,movimento,Sala B,True,Corredor,False,Corredor,False,False,Corredor,-63.0,-63.0,,Corredor,True,False,True,True
2026-08-26 15:56:27,2026-08-26 15:55:48,375,3242572198,2026-08-26 15:56:27,server,c3:00:00:13:3b:b7,ESP-02,50978c77-2ee0-4133-a65e-b57fe5b37ba6,DIN2–AB-R10,,,Sala A,-61,Corredor,movimento,Sala A,True,Sala A,True,Corredor,False,True,Sala A,-61.0,-63.0,2.0,Corredor,False,False,False,True
2026-08-26 15:56:29,2026-08-26 15:56:28,401,998155149,2026-08-26 15:56:29,server,c3:00:00:13:3b:b7,ESP-01,e37c8de6-edf4-4308-ab8e-445c8f7e86a2,DIN2–AB-R10,,,Corredor,-55,Corredor,movimento,Corredor,True,Corredor,True,Corredor,False,False,Corredor,-59.0,-59.0,,Corredor,False,True,True,True
2026-08-26 15:56:30,2026-08-26 15:56:23,382,3242572198,2026-08-26 15:56:30,server,c3:00:00:13:3b:b7,ESP-02,b38feef3-17c3-4db7-9d89-bfa20223f32d,DIN2–AB-R10,,,Sala A,-45,Sala B,movimento,Sala A,True,Sala A,True,Corredor,False,True,Sala A,-53.0,-55.0,2.0,Corredor,False,False,False,True
2026-08-26 15:56:30,2026-08-26 15:56:29,411,1242899341,2026-08-26 15:56:30,server,c3:00:00:13:3b:b7,ESP-03,77f62b76-2a93-4f33-a366-cc5dc8ce48e3,DIN2–AB-R10,,,Sala B,-75,Sala B,movimento,Sala B,True,Sala A,False,Corredor,False,True,Sala A,-53.0,-55.0,2.0,Corredor,False,False,False,True
2026-08-26 15:56:33,2026-08-26 15:56:31,383,3242572198,2026-08-26 15:56:33,server,c3:00:00:13:3b:b7,ESP-02,12251ce0-1e22-4d97-b16f-87ed36d20686,DIN2–AB-R10,,,Sala A,-89,Sala B,movimento,Sala A,True,Sala A,False,Sala A,True,False,Sala A,-67.0,,,Corredor,False,False,False,False
2026-08-26 15:56:33,2026-08-26 15:56:32,402,998155149,2026-08-26 15:56:33,server,c3:00:00:13:3b:b7,ESP-01,4fccbf4d-ec73-4be3-b2a4-1304a0c938c9,DIN2–AB-R10,,,Corredor,-82,Sala B,movimento,Corredor,True,Sala A,False,Sala A,False,False,Sala A,-67.0,-67.0,,Sala A,True,False,True,True
2026-08-26 15:56:34,2026-08-26 15:56:33,412,1242899341,2026-08-26 15:56:34,server,c3:00:00:13:3b:b7,ESP-03,b3b42773-9fb6-4869-af5f-56228e302947,DIN2–AB-R10,,,Sala B,-63,Sala B,movimento,Sala B,True,Sala B,True,Sala B,True,False,Sala B,-63.0,-89.0,26.0,Sala A,False,False,False,False
2026-08-26 15:56:36,2026-08-26 15:56:35,403,998155149,2026-08-26 15:56:36,server,c3:00:00:13:3b:b7,ESP-01,1013bd27-2a47-4bd3-af0d-5da7457eac72,DIN2–AB-R10,,,Corredor,-87,Sala B,movimento,Corredor,True,Sala B,False,Sala B,False,False,Sala B,-63.0,-63.0,,Sala B,True,False,True,True
2026-08-26 15:56:37,2026-08-26 15:56:36,413,1242899341,2026-08-26 15:56:37,server,c3:00:00:13:3b:b7,ESP-03,f2d728ea-576a-447c-b438-4353955f1c6d,DIN2–AB-R10,,,Sala B,-78,Sala B,movimento,Sala B,True,Sala B,False,Sala B,False,False,Sala B,-70.5,-70.5,,Sala B,False,True,True,True
2026-08-26 15:56:39,2026-08-26 15:56:35,384,3242572198,2026-08-26 15:56:39,server,c3:00:00:13:3b:b7,ESP-02,c860bb68-1fbb-4f27-ad2c-c485d151c450,DIN2–AB-R10,,,Sala A,-91,Sala B,movimento,Sala A,True,Sala B,False,Sala B,False,False,Sala B,-78.0,-78.0,,Sala B,False,False,True,True
2026-08-26 15:56:40,2026-08-26 15:56:39,404,998155149,2026-08-26 15:56:40,server,c3:00:00:13:3b:b7,ESP-01,0e83621c-2a19-4501-93c3-ae56bcef1048,DIN2–AB-R10,,,Corredor,-85,Sala B,movimento,Corredor,True,Sala B,False,Sala B,False,False,Sala B,-78.0,-78.0,,Sala B,False,False,True,True
2026-08-26 15:56:41,2026-08-26 15:56:40,414,1242899341,2026-08-26 15:56:41,server,c3:00:00:13:3b:b7,ESP-03,fdd9e649-89f5-4d52-896f-da55e79de892,DIN2–AB-R10,,,Sala B,-51,Sala B,movimento,Sala B,True,Sala B,False,Sala B,False,False,Sala B,-51.0,-51.0,,Sala B,False,True,True,True
2026-08-26 15:56:43,2026-08-26 15:56:42,405,998155149,2026-08-26 15:56:43,server,c3:00:00:13:3b:b7,ESP-01,df91eacd-14f6-4906-824d-61ff7115070a,DIN2–AB-R10,,,Corredor,-82,Sala B,movimento,Corredor,True,Sala B,False,Sala B,False,False,Sala B,-51.0,-51.0,,Sala B,False,False,True,True
2026-08-26 15:56:45,2026-08-26 15:56:43,415,1242899341,2026-08-26 15:56:45,server,c3:00:00:13:3b:b7,ESP-03,14f39f8c-15e5-4f1e-b963-0cb1c4f3dedf,DIN2–AB-R10,,,Sala B,-51,Sala B,movimento,Sala B,True,Sala B,False,Sala B,False,False,Sala B,-51.0,-51.0,,Sala B,False,True,True,True
2026-08-26 15:56:45,2026-08-26 15:56:41,385,3242572198,2026-08-26 15:56:45,server,c3:00:00:13:3b:b7,ESP-02,07dd6782-7e48-4b97-a164-8bf6064c6f87,DIN2–AB-R10,,,Sala A,-82,Sala B,movimento,Sala A,True,Sala B,False,Sala B,False,False,Sala B,-51.0,-51.0,,Sala B,False,False,True,True
2026-08-26 15:59:43,2026-08-26 15:59:42,455,998155149,2026-08-26 15:59:43,server,c3:00:00:13:3b:b7,ESP-01,9f950039-7797-4030-9401-430b0857cec8,DIN2–AB-R11,,,Corredor,-80,Sala A,movimento,Corredor,True,Corredor,True,Corredor,True,False,Corredor,-80.0,,,,False,False,False,False
2026-08-26 15:59:44,2026-08-26 15:59:43,465,1242899341,2026-08-26 15:59:44,server,c3:00:00:13:3b:b7,ESP-03,11031631-8507-4ad4-846d-b4676ef9d3ba,DIN2–AB-R11,,,Sala B,-81,Sala A,movimento,Sala B,True,Corredor,False,Corredor,False,False,Corredor,-80.0,-80.0,,Corredor,True,False,True,True
2026-08-26 15:59:45,2026-08-26 15:59:44,11,1964215701,2026-08-26 15:59:45,server,c3:00:00:13:3b:b7,ESP-02,eb3648ab-938a-480b-b405-f4813bbd01d0,DIN2–AB-R11,,,Sala A,-57,Sala A,movimento,Sala A,True,Sala A,True,Sala A,True,False,Sala A,-57.0,-80.0,23.0,Corredor,False,False,False,False
2026-08-26 15:59:47,2026-08-26 15:59:46,456,998155149,2026-08-26 15:59:47,server,c3:00:00:13:3b:b7,ESP-01,60863598-f918-44e8-b62a-6a9024d079c6,DIN2–AB-R11,,,Corredor,-83,Sala A,movimento,Corredor,True,Sala A,False,Sala A,False,False,Sala A,-57.0,-57.0,,Sala A,True,False,True,True
2026-08-26 15:59:47,2026-08-26 15:59:46,466,1242899341,2026-08-26 15:59:47,server,c3:00:00:13:3b:b7,ESP-03,d29c11a7-d558-4319-b276-7cf3d6894226,DIN2–AB-R11,,,Sala B,-91,Sala A,movimento,Sala B,True,Sala A,False,Sala A,False,False,Sala A,-57.0,-57.0,,Sala A,False,False,True,True
2026-08-26 15:59:48,2026-08-26 15:59:47,12,1964215701,2026-08-26 15:59:48,server,c3:00:00:13:3b:b7,ESP-02,ade3e876-7479-4f7d-942c-893bee09bd51,DIN2–AB-R11,,,Sala A,-63,Sala A,movimento,Sala A,True,Sala A,False,Sala A,False,False,Sala A,-60.0,-60.0,,Sala A,False,True,True,True
2026-08-26 15:59:50,2026-08-26 15:59:49,457,998155149,2026-08-26 15:59:50,server,c3:00:00:13:3b:b7,ESP-01,4c678694-4fe9-4abc-bda2-53919fc80aa2,DIN2–AB-R11,,,Corredor,-73,Sala A,movimento,Corredor,True,Sala A,False,Sala A,False,False,Sala A,-63.0,-63.0,,Sala A,False,False,True,True
2026-08-26 15:59:51,2026-08-26 15:59:50,467,1242899341,2026-08-26 15:59:51,server,c3:00:00:13:3b:b7,ESP-03,8a78e082-4006-4925-82b1-6ab89d1fa10b,DIN2–AB-R11,,,Sala B,-83,Sala A,movimento,Sala B,True,Sala A,False,Sala A,False,False,Sala A,-63.0,-63.0,,Sala A,False,False,True,True
2026-08-26 15:59:52,2026-08-26 15:59:51,13,1964215701,2026-08-26 15:59:52,server,c3:00:00:13:3b:b7,ESP-02,b015ab43-8738-4695-a665-9b13b99d40d5,DIN2–AB-R11,,,Sala A,-63,Sala A,movimento,Sala A,True,Sala A,False,Sala A,False,False,Sala A,-63.0,-63.0,,Sala A,False,True,True,True
2026-08-26 15:59:54,2026-08-26 15:59:53,458,998155149,2026-08-26 15:59:54,server,c3:00:00:13:3b:b7,ESP-01,76cec524-a8a3-43e4-a3f6-5ab52d6d1d97,DIN2–AB-R11,,,Corredor,-74,Sala A,movimento,Corredor,True,Sala A,False,Sala A,False,False,Sala A,-63.0,-63.0,,Sala A,False,False,True,True
2026-08-26 15:59:54,2026-08-26 15:59:53,468,1242899341,2026-08-26 15:59:54,server,c3:00:00:13:3b:b7,ESP-03,b23269e9-8d7a-4cc3-b12e-86950d6ea0be,DIN2–AB-R11,,,Sala B,-88,Sala A,movimento,Sala B,True,Sala A,False,Sala A,False,False,Sala A,-63.0,-63.0,,Sala A,False,False,True,True
2026-08-26 15:59:55,2026-08-26 15:59:54,14,1964215701,2026-08-26 15:59:55,server,c3:00:00:13:3b:b7,ESP-02,eb8214be-3da8-4d09-9868-e0450015fa02,DIN2–AB-R11,,,Sala A,-60,Sala A,movimento,Sala A,True,Sala A,False,Sala A,False,False,Sala A,-61.5,-61.5,,Sala A,False,True,True,True
2026-08-26 15:59:58,2026-08-26 15:59:57,459,998155149,2026-08-26 15:59:58,server,c3:00:00:13:3b:b7,ESP-01,b5c0e1bd-3ed1-46b2-9c09-43a336da04f0,DIN2–AB-R11,,,Corredor,-74,Sala A,movimento,Corredor,True,Sala A,False,Sala A,False,False,Sala A,-60.0,-60.0,,Sala A,False,False,True,True
2026-08-26 15:59:58,2026-08-26 15:59:57,469,1242899341,2026-08-26 15:59:58,server,c3:00:00:13:3b:b7,ESP-03,228699c9-8b83-4528-bc6c-2a9edb44dc22,DIN2–AB-R11,,,Sala B,-87,Sala A,movimento,Sala B,True,Sala A,False,Sala A,False,False,Sala A,-60.0,-60.0,,Sala A,False,False,True,True
2026-08-26 15:59:59,2026-08-26 15:59:58,15,1964215701,2026-08-26 15:59:59,server,c3:00:00:13:3b:b7,ESP-02,0ef40b9a-63aa-48a8-8db8-189b62a0aa9d,DIN2–AB-R11,,,Sala A,-60,Sala A,movimento,Sala A,True,Sala A,False,Sala A,False,False,Sala A,-60.0,-60.0,,Sala A,False,True,True,True
2026-08-26 16:00:01,2026-08-26 16:00:00,460,998155149,2026-08-26 16:00:01,server,c3:00:00:13:3b:b7,ESP-01,92453edc-f435-465f-be54-b94d87cf6ba1,DIN2–AB-R11,,,Corredor,-77,Sala A,movimento,Corredor,True,Sala A,False,Sala A,False,False,Sala A,-60.0,-60.0,,Sala A,False,False,True,True
2026-08-26 16:00:02,2026-08-26 16:00:01,470,1242899341,2026-08-26 16:00:02,server,c3:00:00:13:3b:b7,ESP-03,6eaf32cd-207d-474d-8bfa-596cda3f05df,DIN2–AB-R11,,,Sala B,-97,Sala A,movimento,Sala B,True,Sala A,False,Sala A,False,False,Sala A,-60.0,-60.0,,Sala A,False,False,True,True
2026-08-26 16:00:03,2026-08-26 16:00:02,16,1964215701,2026-08-26 16:00:03,server,c3:00:00:13:3b:b7,ESP-02,2fada00a-8d35-4240-863b-b32ce8db78dd,DIN2–AB-R11,,,Sala A,-64,Sala A,movimento,Sala A,True,Sala A,False,Sala A,False,False,Sala A,-64.0,-64.0,,Sala A,False,True,True,True
2026-08-26 16:00:05,2026-08-26 16:00:04,461,998155149,2026-08-26 16:00:05,server,c3:00:00:13:3b:b7,ESP-01,dac404e6-1e54-4fb2-9932-43299640de24,DIN2–AB-R11,,,Corredor,-77,Sala A,movimento,Corredor,True,Sala A,False,Sala A,False,False,Sala A,-64.0,-64.0,,Sala A,False,False,True,True
2026-08-26 16:00:05,2026-08-26 16:00:04,471,1242899341,2026-08-26 16:00:05,server,c3:00:00:13:3b:b7,ESP-03,2a43983e-b041-47ed-9b9a-182dff29b60a,DIN2–AB-R11,,,Sala B,-88,Sala A,movimento,Sala B,True,Sala A,False,Sala A,False,False,Sala A,-64.0,-64.0,,Sala A,False,False,True,True
2026-08-26 16:00:06,2026-08-26 16:00:05,17,1964215701,2026-08-26 16:00:06,server,c3:00:00:13:3b:b7,ESP-02,84f1c94b-d308-41ef-9705-4c2f3dfbc709,DIN2–AB-R11,,,Sala A,-57,Corredor,movimento,Sala A,True,Sala A,False,Sala A,False,False,Sala A,-60.5,-60.5,,Sala A,False,True,True,True
2026-08-26 16:00:08,2026-08-26 16:00:07,462,998155149,2026-08-26 16:00:08,server,c3:00:00:13:3b:b7,ESP-01,3428852f-a8fb-43b9-ad7d-75574bc60cb6,DIN2–AB-R11,,,Corredor,-75,Corredor,movimento,Corredor,True,Sala A,False,Sala A,False,False,Sala A,-57.0,-57.0,,Sala A,False,False,True,True
2026-08-26 16:00:09,2026-08-26 16:00:08,472,1242899341,2026-08-26 16:00:09,server,c3:00:00:13:3b:b7,ESP-03,fc0aa4ea-2651-4f46-9cd2-8c2fbb1e56a8,DIN2–AB-R11,,,Sala B,-91,Corredor,movimento,Sala B,True,Sala A,False,Sala A,False,False,Sala A,-57.0,-57.0,,Sala A,False,False,True,True
2026-08-26 16:00:10,2026-08-26 16:00:09,18,1964215701,2026-08-26 16:00:10,server,c3:00:00:13:3b:b7,ESP-02,ecd001f4-458e-40b6-b99a-37db98028d20,DIN2–AB-R11,,,Sala A,-78,Corredor,movimento,Sala A,True,Corredor,True,Sala A,False,True,Corredor,-75.0,-78.0,3.0,Sala A,False,True,False,True
2026-08-26 16:00:12,2026-08-26 16:00:11,463,998155149,2026-08-26 16:00:12,server,c3:00:00:13:3b:b7,ESP-01,e3702b44-012e-4afa-8546-2014aeadc0b7,DIN2–AB-R11,,,Corredor,-67,Sala B,movimento,Corredor,True,Corredor,False,Corredor,True,False,Corredor,-67.0,-78.0,11.0,Sala A,False,False,False,False
2026-08-26 16:00:12,2026-08-26 16:00:11,473,1242899341,2026-08-26 16:00:12,server,c3:00:00:13:3b:b7,ESP-03,5b1ab082-6ea2-4999-8d73-85553425eafe,DIN2–AB-R11,,,Sala B,-77,Sala B,movimento,Sala B,True,Corredor,False,Corredor,False,False,Corredor,-67.0,-67.0,,Corredor,True,False,True,True
2026-08-26 16:00:13,2026-08-26 16:00:12,19,1964215701,2026-08-26 16:00:13,server,c3:00:00:13:3b:b7,ESP-02,29c5ded5-54ff-4ae4-9704-5d064316e7b3,DIN2–AB-R11,,,Sala A,-89,Sala B,movimento,Sala A,True,Corredor,False,Corredor,False,False,Corredor,-67.0,-67.0,,Corredor,False,False,True,True
2026-08-26 16:00:15,2026-08-26 16:00:14,464,998155149,2026-08-26 16:00:15,server,c3:00:00:13:3b:b7,ESP-01,de95f88c-17da-4ec2-a8a4-296205e4421f,DIN2–AB-R11,,,Corredor,-78,Sala B,movimento,Corredor,True,Corredor,False,Corredor,False,False,Corredor,-72.5,-72.5,,Corredor,False,True,True,True
2026-08-26 16:00:16,2026-08-26 16:00:15,474,1242899341,2026-08-26 16:00:16,server,c3:00:00:13:3b:b7,ESP-03,fcaec865-4f45-494b-8620-b1dabb34d138,DIN2–AB-R11,,,Sala B,-73,Sala B,movimento,Sala B,True,Sala B,True,Sala B,True,False,Sala B,-73.0,-78.0,5.0,Corredor,False,False,False,False
2026-08-26 16:00:17,2026-08-26 16:00:16,20,1964215701,2026-08-26 16:00:17,server,c3:00:00:13:3b:b7,ESP-02,feea50f0-8c5d-4ac2-94fe-46e45cea543d,DIN2–AB-R11,,,Sala A,-92,Sala B,movimento,Sala A,True,Sala B,False,Sala B,False,False,Sala B,-73.0,-73.0,,Sala B,True,False,True,True
2026-08-26 16:00:19,2026-08-26 16:00:18,465,998155149,2026-08-26 16:00:19,server,c3:00:00:13:3b:b7,ESP-01,bd8edab5-1bd7-42c6-931f-70927c969577,DIN2–AB-R11,,,Corredor,-90,Sala B,movimento,Corredor,True,Sala B,False,Sala B,False,False,Sala B,-73.0,-73.0,,Sala B,False,False,True,True
2026-08-26 16:00:20,2026-08-26 16:00:19,475,1242899341,2026-08-26 16:00:20,server,c3:00:00:13:3b:b7,ESP-03,a74efdce-1ebd-492d-9ca2-c2d696506b5f,DIN2–AB-R11,,,Sala B,-53,Sala B,movimento,Sala B,True,Sala B,False,Sala B,False,False,Sala B,-53.0,-53.0,,Sala B,False,True,True,True
2026-08-26 16:00:21,2026-08-26 16:00:20,21,1964215701,2026-08-26 16:00:21,server,c3:00:00:13:3b:b7,ESP-02,3a3fab28-c26b-4873-9610-c9cbeed23bdd,DIN2–AB-R11,,,Sala A,-84,Sala B,movimento,Sala A,True,Sala B,False,Sala B,False,False,Sala B,-53.0,-53.0,,Sala B,False,False,True,True
2026-08-26 16:00:23,2026-08-26 16:00:22,466,998155149,2026-08-26 16:00:23,server,c3:00:00:13:3b:b7,ESP-01,daeac830-8c81-45e9-9402-fefb976659e8,DIN2–AB-R11,,,Corredor,-90,Sala B,movimento,Corredor,True,Sala B,False,Sala B,False,False,Sala B,-53.0,-53.0,,Sala B,False,False,True,True
2026-08-26 16:00:23,2026-08-26 16:00:22,476,1242899341,2026-08-26 16:00:23,server,c3:00:00:13:3b:b7,ESP-03,4a34de8b-d7f6-46f1-8f2d-f78b96931beb,DIN2–AB-R11,,,Sala B,-48,Sala B,movimento,Sala B,True,Sala B,False,Sala B,False,False,Sala B,-50.5,-50.5,,Sala B,False,True,True,True
2026-08-26 16:00:24,2026-08-26 16:00:23,22,1964215701,2026-08-26 16:00:24,server,c3:00:00:13:3b:b7,ESP-02,a1b5bbfa-0723-4a7a-a2b7-8698c2d37d03,DIN2–AB-R11,,,Sala A,-91,Sala B,movimento,Sala A,True,Sala B,False,Sala B,False,False,Sala B,-48.0,-48.0,,Sala B,False,False,True,True
2026-08-26 16:00:26,2026-08-26 16:00:25,467,998155149,2026-08-26 16:00:26,server,c3:00:00:13:3b:b7,ESP-01,28b17fa1-f30e-462b-83dc-7705a1e59393,DIN2–AB-R11,,,Corredor,-74,Sala B,movimento,Corredor,True,Sala B,False,Sala B,False,False,Sala B,-48.0,-48.0,,Sala B,False,False,True,True
2026-08-26 16:00:27,2026-08-26 16:00:26,477,1242899341,2026-08-26 16:00:27,server,c3:00:00:13:3b:b7,ESP-03,53d6a851-1652-49ab-941b-23d574366a72,DIN2–AB-R11,,,Sala B,-51,Sala B,movimento,Sala B,True,Sala B,False,Sala B,False,False,Sala B,-51.0,-51.0,,Sala B,False,True,True,True
2026-08-26 16:00:28,2026-08-26 16:00:27,23,1964215701,2026-08-26 16:00:28,server,c3:00:00:13:3b:b7,ESP-02,c545cb7b-d159-4628-a8ed-2862970433a7,DIN2–AB-R11,,,Sala A,-95,Sala B,movimento,Sala A,True,Sala B,False,Sala B,False,False,Sala B,-51.0,-51.0,,Sala B,False,False,True,True
2026-08-26 16:06:32,2026-08-26 16:06:31,576,1242899341,2026-08-26 16:06:32,server,c3:00:00:13:3b:b7,ESP-03,5b9e2748-0d20-43ce-8ee6-3eb2e1c2e4dc,DIN2–AB-R12,,,Sala B,-97,Sala A,movimento,Sala B,True,Sala B,True,Sala B,True,False,Sala B,-97.0,,,,False,False,False,False
2026-08-26 16:06:32,2026-08-26 16:06:31,563,998155149,2026-08-26 16:06:32,server,c3:00:00:13:3b:b7,ESP-01,e54d2b9d-8bef-4a26-a86c-bacce5d7504a,DIN2–AB-R12,,,Corredor,-82,Sala A,movimento,Corredor,True,Corredor,True,Corredor,True,False,Corredor,-82.0,-97.0,15.0,,False,False,False,False
2026-08-26 16:06:34,2026-08-26 16:06:33,120,1964215701,2026-08-26 16:06:34,server,c3:00:00:13:3b:b7,ESP-02,6ef72766-9b58-4533-a397-1d8238b76b27,DIN2–AB-R12,,,Sala A,-63,Sala A,movimento,Sala A,True,Sala A,True,Sala A,True,False,Sala A,-63.0,-82.0,19.0,,False,False,False,False
2026-08-26 16:06:35,2026-08-26 16:06:34,577,1242899341,2026-08-26 16:06:35,server,c3:00:00:13:3b:b7,ESP-03,a07a4d54-9b44-47a4-95d7-c3facf2ff9f1,DIN2–AB-R12,,,Sala B,-84,Sala A,movimento,Sala B,True,Sala A,False,Sala A,False,False,Sala A,-63.0,-63.0,,Sala A,True,False,True,True
2026-08-26 16:06:35,2026-08-26 16:06:34,564,998155149,2026-08-26 16:06:35,server,c3:00:00:13:3b:b7,ESP-01,7bfa43b9-daa6-4e2b-b85b-a55b849ef74f,DIN2–AB-R12,,,Corredor,-95,Sala A,movimento,Corredor,True,Sala A,False,Sala A,False,False,Sala A,-63.0,-63.0,,Sala A,False,False,True,True
2026-08-26 16:06:39,2026-08-26 16:06:38,565,998155149,2026-08-26 16:06:39,server,c3:00:00:13:3b:b7,ESP-01,cbd90b7d-a569-4d6c-a903-502201cc1145,DIN2–AB-R12,,,Corredor,-75,Sala A,movimento,Corredor,False,Corredor,True,Corredor,True,False,Corredor,-75.0,,,Sala A,False,False,False,False
2026-08-26 16:06:39,2026-08-26 16:06:38,578,1242899341,2026-08-26 16:06:39,server,c3:00:00:13:3b:b7,ESP-03,3d788161-0145-4577-9820-d61239192caa,DIN2–AB-R12,,,Sala B,-92,Sala A,movimento,Sala B,True,Corredor,False,Corredor,False,False,Corredor,-75.0,-75.0,,Corredor,True,False,True,True
2026-08-26 16:06:40,2026-08-26 16:06:36,121,1964215701,2026-08-26 16:06:40,server,c3:00:00:13:3b:b7,ESP-02,0faf2a36-1348-4205-95fb-5415da6e3b2d,DIN2–AB-R12,,,Sala A,-62,Sala A,movimento,Sala A,True,Sala A,True,Sala A,True,False,Sala A,-62.0,-75.0,13.0,Corredor,False,False,False,False
2026-08-26 16:06:43,2026-08-26 16:06:42,566,998155149,2026-08-26 16:06:43,server,c3:00:00:13:3b:b7,ESP-01,956d82bc-02ac-4651-b452-7153de297990,DIN2–AB-R12,,,Corredor,-78,Sala A,movimento,Corredor,True,Sala A,False,Sala A,False,False,Sala A,-62.0,-62.0,,Sala A,True,False,True,True
2026-08-26 16:06:43,2026-08-26 16:06:41,579,1242899341,2026-08-26 16:06:43,server,c3:00:00:13:3b:b7,ESP-03,c9b52d9e-f5b1-496a-b2b7-d78028f6b442,DIN2–AB-R12,,,Sala B,-93,Sala A,movimento,Sala B,True,Sala A,False,Sala A,False,False,Sala A,-62.0,-62.0,,Sala A,False,False,True,True
2026-08-26 16:06:44,2026-08-26 16:06:43,122,1964215701,2026-08-26 16:06:44,server,c3:00:00:13:3b:b7,ESP-02,5ef53bd7-e680-4733-9852-949d3ef92906,DIN2–AB-R12,,,Sala A,-62,Sala A,movimento,Sala A,True,Sala A,False,Sala A,False,False,Sala A,-62.0,-62.0,,Sala A,False,True,True,True
2026-08-26 16:06:46,2026-08-26 16:06:45,580,1242899341,2026-08-26 16:06:46,server,c3:00:00:13:3b:b7,ESP-03,d64a4a6b-80f2-4b9a-ac58-ab6f791d4ae3,DIN2–AB-R12,,,Sala B,-96,Sala A,movimento,Sala B,True,Sala A,False,Sala A,False,False,Sala A,-62.0,-62.0,,Sala A,False,False,True,True
2026-08-26 16:06:46,2026-08-26 16:06:45,567,998155149,2026-08-26 16:06:46,server,c3:00:00:13:3b:b7,ESP-01,34126813-7626-4a17-a3b6-90a0d6570595,DIN2–AB-R12,,,Corredor,-77,Sala A,movimento,Corredor,True,Sala A,False,Sala A,False,False,Sala A,-62.0,-62.0,,Sala A,False,False,True,True
2026-08-26 16:06:48,2026-08-26 16:06:47,123,1964215701,2026-08-26 16:06:48,server,c3:00:00:13:3b:b7,ESP-02,1a0c0aca-757b-49e4-917b-3e0e90c55c20,DIN2–AB-R12,,,Sala A,-60,Sala A,movimento,Sala A,True,Sala A,False,Sala A,False,False,Sala A,-60.0,-60.0,,Sala A,False,True,True,True
2026-08-26 16:06:50,2026-08-26 16:06:49,568,998155149,2026-08-26 16:06:50,server,c3:00:00:13:3b:b7,ESP-01,486be612-7a40-4802-af10-1332832f086a,DIN2–AB-R12,,,Corredor,-85,Sala A,movimento,Corredor,True,Sala A,False,Sala A,False,False,Sala A,-60.0,-60.0,,Sala A,False,False,True,True
2026-08-26 16:06:50,2026-08-26 16:06:49,581,1242899341,2026-08-26 16:06:50,server,c3:00:00:13:3b:b7,ESP-03,e3a850cd-37ee-4a65-b267-79639a89b70f,DIN2–AB-R12,,,Sala B,-99,Sala A,movimento,Sala B,True,Sala A,False,Sala A,False,False,Sala A,-60.0,-60.0,,Sala A,False,False,True,True
2026-08-26 16:06:51,2026-08-26 16:06:50,124,1964215701,2026-08-26 16:06:51,server,c3:00:00:13:3b:b7,ESP-02,56fd546f-5ea3-4a96-8652-d869f60327db,DIN2–AB-R12,,,Sala A,-55,Sala A,movimento,Sala A,True,Sala A,False,Sala A,False,False,Sala A,-57.5,-57.5,,Sala A,False,True,True,True
2026-08-26 16:06:53,2026-08-26 16:06:52,569,998155149,2026-08-26 16:06:53,server,c3:00:00:13:3b:b7,ESP-01,70b3afbe-c3ca-47a7-9a20-59523e47af37,DIN2–AB-R12,,,Corredor,-77,Corredor,movimento,Corredor,True,Sala A,False,Sala A,False,False,Sala A,-55.0,-55.0,,Sala A,False,False,True,True
2026-08-26 16:06:55,2026-08-26 16:06:54,125,1964215701,2026-08-26 16:06:55,server,c3:00:00:13:3b:b7,ESP-02,0e4ed92b-c48f-4114-9204-49cdfe658ca5,DIN2–AB-R12,,,Sala A,-80,Corredor,movimento,Sala A,True,Corredor,True,Sala A,False,True,Corredor,-77.0,-80.0,3.0,Sala A,False,True,False,True
2026-08-26 16:06:56,2026-08-26 16:06:52,582,1242899341,2026-08-26 16:06:56,server,c3:00:00:13:3b:b7,ESP-03,8abe11d2-ed6f-40be-8959-77e93e75f016,DIN2–AB-R12,,,Sala B,-86,Corredor,movimento,Sala B,True,Corredor,False,Sala A,False,True,Corredor,-77.0,-80.0,3.0,Sala A,False,False,False,True
2026-08-26 16:06:57,2026-08-26 16:06:56,570,998155149,2026-08-26 16:06:57,server,c3:00:00:13:3b:b7,ESP-01,e38f78e1-cc68-4b1c-8d99-f73890d56569,DIN2–AB-R12,,,Corredor,-64,Corredor,movimento,Corredor,True,Corredor,False,Corredor,True,False,Corredor,-64.0,-80.0,16.0,Sala A,False,False,False,False
2026-08-26 16:06:58,2026-08-26 16:06:57,126,1964215701,2026-08-26 16:06:58,server,c3:00:00:13:3b:b7,ESP-02,200593e1-df58-48be-a3f5-25651ff7b2e1,DIN2–AB-R12,,,Sala A,-89,Sala B,movimento,Sala A,True,Corredor,False,Corredor,False,False,Corredor,-64.0,-64.0,,Corredor,True,False,True,True
2026-08-26 16:06:59,2026-08-26 16:06:58,583,1242899341,2026-08-26 16:06:59,server,c3:00:00:13:3b:b7,ESP-03,55cc5a8c-6f8b-44b2-aa28-c91485927fbc,DIN2–AB-R12,,,Sala B,-67,Sala B,movimento,Sala B,True,Corredor,False,Corredor,False,False,Corredor,-64.0,-64.0,,Corredor,False,False,True,True
2026-08-26 16:07:00,2026-08-26 16:06:59,571,998155149,2026-08-26 16:07:00,server,c3:00:00:13:3b:b7,ESP-01,b00e7b83-8519-4e10-bdd5-0e9a12b7ac8c,DIN2–AB-R12,,,Corredor,-81,Sala B,movimento,Corredor,True,Sala B,True,Sala B,True,False,Sala B,-67.0,-72.5,5.5,Corredor,False,True,False,False
2026-08-26 16:07:02,2026-08-26 16:07:01,127,1964215701,2026-08-26 16:07:02,server,c3:00:00:13:3b:b7,ESP-02,8c12fc56-3ee0-4374-835e-a9ecdb6fe883,DIN2–AB-R12,,,Sala A,-85,Sala B,movimento,Sala A,True,Sala B,False,Sala B,False,False,Sala B,-67.0,-67.0,,Sala B,True,False,True,True
2026-08-26 16:07:03,2026-08-26 16:07:02,584,1242899341,2026-08-26 16:07:03,server,c3:00:00:13:3b:b7,ESP-03,fc7d70e3-95b8-419c-9f36-a5100e001c4c,DIN2–AB-R12,,,Sala B,-53,Sala B,movimento,Sala B,True,Sala B,False,Sala B,False,False,Sala B,-53.0,-53.0,,Sala B,False,True,True,True
2026-08-26 16:07:04,2026-08-26 16:07:03,572,998155149,2026-08-26 16:07:04,server,c3:00:00:13:3b:b7,ESP-01,0163fed3-9afa-4cc2-a231-d6083812cd01,DIN2–AB-R12,,,Corredor,-81,Sala B,movimento,Corredor,True,Sala B,False,Sala B,False,False,Sala B,-53.0,-53.0,,Sala B,False,False,True,True
2026-08-26 16:07:06,2026-08-26 16:07:05,128,1964215701,2026-08-26 16:07:06,server,c3:00:00:13:3b:b7,ESP-02,8512e35f-fc98-4014-a535-c847f52e4348,DIN2–AB-R12,,,Sala A,-88,Sala B,movimento,Sala A,True,Sala B,False,Sala B,False,False,Sala B,-53.0,-53.0,,Sala B,False,False,True,True
2026-08-26 16:07:07,2026-08-26 16:07:06,585,1242899341,2026-08-26 16:07:07,server,c3:00:00:13:3b:b7,ESP-03,b71e6cb6-6a66-4856-adfe-757b65a4a171,DIN2–AB-R12,,,Sala B,-52,Sala B,movimento,Sala B,True,Sala B,False,Sala B,False,False,Sala B,-52.0,-52.0,,Sala B,False,True,True,True
2026-08-26 16:07:08,2026-08-26 16:07:07,573,998155149,2026-08-26 16:07:08,server,c3:00:00:13:3b:b7,ESP-01,045ae633-a76d-4a94-b03e-a14de1b6cad1,DIN2–AB-R12,,,Corredor,-85,Sala B,movimento,Corredor,True,Sala B,False,Sala B,False,False,Sala B,-52.0,-52.0,,Sala B,False,False,True,True
2026-08-26 16:07:10,2026-08-26 16:07:09,586,1242899341,2026-08-26 16:07:10,server,c3:00:00:13:3b:b7,ESP-03,52963896-0c7a-4e75-b12c-9e95759c15e9,DIN2–AB-R12,,,Sala B,-52,Sala B,movimento,Sala B,True,Sala B,False,Sala B,False,False,Sala B,-52.0,-52.0,,Sala B,False,True,True,True
2026-08-26 16:07:11,2026-08-26 16:07:10,574,998155149,2026-08-26 16:07:11,server,c3:00:00:13:3b:b7,ESP-01,18e3c3f2-83a3-44fc-a1c1-d1c7e76b8c12,DIN2–AB-R12,,,Corredor,-82,Sala B,movimento,Corredor,True,Sala B,False,Sala B,False,False,Sala B,-52.0,-52.0,,Sala B,False,False,True,True
2026-08-26 16:07:13,2026-08-26 16:07:12,130,1964215701,2026-08-26 16:07:13,server,c3:00:00:13:3b:b7,ESP-02,3b3755fc-0b24-4ef8-bfeb-6f5fbd21f528,DIN2–AB-R12,,,Sala A,-95,Sala B,movimento,Sala A,True,Sala B,False,Sala B,False,False,Sala B,-52.0,-52.0,,Sala B,False,False,True,True
2026-08-26 16:07:14,2026-08-26 16:07:13,587,1242899341,2026-08-26 16:07:14,server,c3:00:00:13:3b:b7,ESP-03,0d585531-2887-4c51-a010-cad49c369092,DIN2–AB-R12,,,Sala B,-53,Sala B,movimento,Sala B,True,Sala B,False,Sala B,False,False,Sala B,-53.0,-53.0,,Sala B,False,True,True,True
2026-08-26 16:08:48,2026-08-26 16:08:47,598,998155149,2026-08-26 16:08:48,server,c3:00:00:13:3b:b7,ESP-01,3c91cab6-8ad2-413d-b0d7-d10f9518c98f,DIN2–AB-R13,,,Corredor,-70,Sala A,movimento,Corredor,True,Corredor,True,Corredor,True,False,Corredor,-70.0,,,,False,False,False,False
2026-08-26 16:08:49,2026-08-26 16:08:48,153,1964215701,2026-08-26 16:08:49,server,c3:00:00:13:3b:b7,ESP-02,66b0eb67-8614-4445-9ddd-187b282a9093,DIN2–AB-R13,,,Sala A,-49,Sala A,movimento,Sala A,True,Sala A,True,Sala A,True,False,Sala A,-49.0,-70.0,21.0,,False,False,False,False
2026-08-26 16:08:49,2026-08-26 16:08:48,612,1242899341,2026-08-26 16:08:49,server,c3:00:00:13:3b:b7,ESP-03,0f99e251-2620-4e5b-bb1f-5d2deadcd023,DIN2–AB-R13,,,Sala B,-77,Sala A,movimento,Sala B,True,Sala A,False,Sala A,False,False,Sala A,-49.0,-49.0,,Sala A,True,False,True,True
2026-08-26 16:08:52,2026-08-26 16:08:51,599,998155149,2026-08-26 16:08:52,server,c3:00:00:13:3b:b7,ESP-01,dd7cae38-e87c-4c15-b3fa-ad4830f735f6,DIN2–AB-R13,,,Corredor,-86,Sala A,movimento,Corredor,True,Sala A,False,Sala A,False,False,Sala A,-49.0,-49.0,,Sala A,False,False,True,True
2026-08-26 16:08:53,2026-08-26 16:08:52,613,1242899341,2026-08-26 16:08:53,server,c3:00:00:13:3b:b7,ESP-03,da7146c7-1718-4e00-b56a-7e4c5574dd58,DIN2–AB-R13,,,Sala B,-84,Sala A,movimento,Sala B,True,Sala B,True,Sala B,True,False,Sala B,-84.0,,,Sala A,False,False,False,False
2026-08-26 16:08:53,2026-08-26 16:08:52,154,1964215701,2026-08-26 16:08:53,server,c3:00:00:13:3b:b7,ESP-02,9d3f85ee-0517-4857-ad3f-53aeffe953db,DIN2–AB-R13,,,Sala A,-57,Sala A,movimento,Sala A,True,Sala A,True,Sala A,True,False,Sala A,-57.0,-84.0,27.0,Sala A,False,True,True,True
2026-08-26 16:08:55,2026-08-26 16:08:54,600,998155149,2026-08-26 16:08:55,server,c3:00:00:13:3b:b7,ESP-01,d0fddac0-c7f7-4f45-ab0f-151e2f390376,DIN2–AB-R13,,,Corredor,-73,Sala A,movimento,Corredor,True,Sala A,False,Sala A,False,False,Sala A,-57.0,-57.0,,Sala A,False,False,True,True
2026-08-26 16:08:56,2026-08-26 16:08:55,155,1964215701,2026-08-26 16:08:56,server,c3:00:00:13:3b:b7,ESP-02,067985fa-e078-4aac-b25f-97081f11685c,DIN2–AB-R13,,,Sala A,-51,Sala A,movimento,Sala A,True,Sala A,False,Sala A,False,False,Sala A,-54.0,-54.0,,Sala A,False,True,True,True
2026-08-26 16:08:56,2026-08-26 16:08:55,614,1242899341,2026-08-26 16:08:56,server,c3:00:00:13:3b:b7,ESP-03,385c0ed2-7b58-4d00-9bbb-48a433a8102b,DIN2–AB-R13,,,Sala B,-82,Sala A,movimento,Sala B,True,Sala A,False,Sala A,False,False,Sala A,-54.0,-54.0,,Sala A,False,False,True,True
2026-08-26 16:08:59,2026-08-26 16:08:58,601,998155149,2026-08-26 16:08:59,server,c3:00:00:13:3b:b7,ESP-01,56912b49-0463-4053-9683-1e361ae9f0ae,DIN2–AB-R13,,,Corredor,-76,Sala A,movimento,Corredor,True,Sala A,False,Sala A,False,False,Sala A,-51.0,-51.0,,Sala A,False,False,True,True
2026-08-26 16:08:59,2026-08-26 16:08:58,615,1242899341,2026-08-26 16:08:59,server,c3:00:00:13:3b:b7,ESP-03,ace5c1f3-b7d9-4ec9-8da5-648e150f334a,DIN2–AB-R13,,,Sala B,-86,Sala A,movimento,Sala B,True,Sala A,False,Sala A,False,False,Sala A,-51.0,-51.0,,Sala A,False,False,True,True
2026-08-26 16:09:00,2026-08-26 16:08:59,156,1964215701,2026-08-26 16:09:00,server,c3:00:00:13:3b:b7,ESP-02,384ad94f-60fb-4f01-8f12-f803fc717e03,DIN2–AB-R13,,,Sala A,-62,Sala A,movimento,Sala A,True,Sala A,False,Sala A,False,False,Sala A,-62.0,-62.0,,Sala A,False,True,True,True
2026-08-26 16:09:02,2026-08-26 16:09:01,602,998155149,2026-08-26 16:09:02,server,c3:00:00:13:3b:b7,ESP-01,db8757c5-ed64-4e1a-81da-2f28bcb6747a,DIN2–AB-R13,,,Corredor,-76,Sala A,movimento,Corredor,True,Sala A,False,Sala A,False,False,Sala A,-62.0,-62.0,,Sala A,False,False,True,True
2026-08-26 16:09:03,2026-08-26 16:09:02,616,1242899341,2026-08-26 16:09:03,server,c3:00:00:13:3b:b7,ESP-03,4fe6814b-2529-4e5f-bc53-b0bd84ed1045,DIN2–AB-R13,,,Sala B,-89,Sala A,movimento,Sala B,True,Sala A,False,Sala A,False,False,Sala A,-62.0,-62.0,,Sala A,False,False,True,True
2026-08-26 16:09:03,2026-08-26 16:09:02,157,1964215701,2026-08-26 16:09:03,server,c3:00:00:13:3b:b7,ESP-02,e54b29b8-1537-48ca-b3f1-610f7e681799,DIN2–AB-R13,,,Sala A,-49,Sala A,movimento,Sala A,True,Sala A,False,Sala A,False,False,Sala A,-55.5,-55.5,,Sala A,False,True,True,True
2026-08-26 16:09:06,2026-08-26 16:09:05,603,998155149,2026-08-26 16:09:06,server,c3:00:00:13:3b:b7,ESP-01,2de152fe-8219-4f73-8c9d-59a52ce12527,DIN2–AB-R13,,,Corredor,-72,Sala A,movimento,Corredor,True,Sala A,False,Sala A,False,False,Sala A,-49.0,-49.0,,Sala A,False,False,True,True
2026-08-26 16:09:06,2026-08-26 16:09:05,617,1242899341,2026-08-26 16:09:06,server,c3:00:00:13:3b:b7,ESP-03,ef51592b-c05e-4ca9-ae72-936a6fee9cf9,DIN2–AB-R13,,,Sala B,-84,Sala A,movimento,Sala B,True,Sala A,False,Sala A,False,False,Sala A,-49.0,-49.0,,Sala A,False,False,True,True
2026-08-26 16:09:07,2026-08-26 16:09:06,158,1964215701,2026-08-26 16:09:07,server,c3:00:00:13:3b:b7,ESP-02,ed8f7117-e45d-446a-83d5-1181fb73d6c5,DIN2–AB-R13,,,Sala A,-63,Corredor,movimento,Sala A,True,Sala A,False,Sala A,False,False,Sala A,-63.0,-63.0,,Sala A,False,True,True,True
2026-08-26 16:09:09,2026-08-26 16:09:08,604,998155149,2026-08-26 16:09:09,server,c3:00:00:13:3b:b7,ESP-01,856e7868-0a6d-41cc-9a81-22dab813e4bc,DIN2–AB-R13,,,Corredor,-51,Corredor,movimento,Corredor,True,Corredor,True,Sala A,False,True,Corredor,-61.5,-63.0,1.5,Sala A,False,False,False,True
2026-08-26 16:09:10,2026-08-26 16:09:09,618,1242899341,2026-08-26 16:09:10,server,c3:00:00:13:3b:b7,ESP-03,bdd0a112-6023-4526-ad6f-e71dc7c2364d,DIN2–AB-R13,,,Sala B,-81,Corredor,movimento,Sala B,True,Corredor,False,Corredor,True,False,Corredor,-51.0,-63.0,12.0,Sala A,False,False,False,False
2026-08-26 16:09:11,2026-08-26 16:09:09,159,1964215701,2026-08-26 16:09:11,server,c3:00:00:13:3b:b7,ESP-02,cd5649de-4ad7-4823-bedf-f541bc0959aa,DIN2–AB-R13,,,Sala A,-75,Corredor,movimento,Sala A,True,Corredor,False,Corredor,False,False,Corredor,-51.0,-51.0,,Corredor,True,False,True,True
2026-08-26 16:09:13,2026-08-26 16:09:12,605,998155149,2026-08-26 16:09:13,server,c3:00:00:13:3b:b7,ESP-01,ac8508a9-a882-4f0f-aed2-b072a8a6da99,DIN2–AB-R13,,,Corredor,-73,Sala B,movimento,Corredor,True,Corredor,False,Corredor,False,False,Corredor,-73.0,-73.0,,Corredor,False,True,True,True
2026-08-26 16:09:14,2026-08-26 16:09:13,619,1242899341,2026-08-26 16:09:14,server,c3:00:00:13:3b:b7,ESP-03,42ffb670-50a4-4b9d-89e5-8ce658e8f0f6,DIN2–AB-R13,,,Sala B,-69,Sala B,movimento,Sala B,True,Sala B,True,Corredor,False,True,Sala B,-69.0,-73.0,4.0,Corredor,False,False,False,True
2026-08-26 16:09:14,2026-08-26 16:09:13,160,1964215701,2026-08-26 16:09:14,server,c3:00:00:13:3b:b7,ESP-02,0f0c8033-6674-404f-b1e3-a99725c1518d,DIN2–AB-R13,,,Sala A,-98,Sala B,movimento,Sala A,True,Sala B,False,Corredor,False,True,Sala B,-69.0,-73.0,4.0,Corredor,False,False,False,True
2026-08-26 16:09:17,2026-08-26 16:09:16,606,998155149,2026-08-26 16:09:17,server,c3:00:00:13:3b:b7,ESP-01,5a8e8c34-e299-4114-9798-0ddf25e4d4cf,DIN2–AB-R13,,,Corredor,-82,Sala B,movimento,Corredor,True,Sala B,False,Sala B,True,False,Sala B,-69.0,-82.0,13.0,Corredor,False,True,False,False
2026-08-26 16:09:17,2026-08-26 16:09:16,620,1242899341,2026-08-26 16:09:17,server,c3:00:00:13:3b:b7,ESP-03,c4ae9515-83c7-411e-8828-a3b287228158,DIN2–AB-R13,,,Sala B,-58,Sala B,movimento,Sala B,True,Sala B,False,Sala B,False,False,Sala B,-63.5,-63.5,,Sala B,True,True,True,True
2026-08-26 16:09:18,2026-08-26 16:09:17,161,1964215701,2026-08-26 16:09:18,server,c3:00:00:13:3b:b7,ESP-02,3674742f-7815-41ff-a4a1-70dce56bca71,DIN2–AB-R13,,,Sala A,-88,Sala B,movimento,Sala A,True,Sala B,False,Sala B,False,False,Sala B,-58.0,-58.0,,Sala B,False,False,True,True
2026-08-26 16:09:20,2026-08-26 16:09:19,607,998155149,2026-08-26 16:09:20,server,c3:00:00:13:3b:b7,ESP-01,a5fac2e4-5641-441c-b753-d3e93c135a4e,DIN2–AB-R13,,,Corredor,-75,Sala B,movimento,Corredor,True,Sala B,False,Sala B,False,False,Sala B,-58.0,-58.0,,Sala B,False,False,True,True
2026-08-26 16:09:21,2026-08-26 16:09:20,621,1242899341,2026-08-26 16:09:21,server,c3:00:00:13:3b:b7,ESP-03,8e5609d1-7b63-4d3c-a8f0-a38dbcfacec7,DIN2–AB-R13,,,Sala B,-47,Sala B,movimento,Sala B,True,Sala B,False,Sala B,False,False,Sala B,-47.0,-47.0,,Sala B,False,True,True,True
2026-08-26 16:09:23,2026-08-26 16:09:20,162,1964215701,2026-08-26 16:09:23,server,c3:00:00:13:3b:b7,ESP-02,e418a26d-deb9-47db-a14a-076854a60f7d,DIN2–AB-R13,,,Sala A,-86,Sala B,movimento,Sala A,True,Sala B,False,Sala B,False,False,Sala B,-47.0,-47.0,,Sala B,False,False,True,True
2026-08-26 16:09:24,2026-08-26 16:09:23,608,998155149,2026-08-26 16:09:24,server,c3:00:00:13:3b:b7,ESP-01,be5af3f7-6dad-4ce1-bb98-230a6a2ba1d0,DIN2–AB-R13,,,Corredor,-76,Sala B,movimento,Corredor,True,Sala B,False,Sala B,False,False,Sala B,-47.0,-47.0,,Sala B,False,False,True,True
2026-08-26 16:09:24,2026-08-26 16:09:23,622,1242899341,2026-08-26 16:09:24,server,c3:00:00:13:3b:b7,ESP-03,14b8169c-c2db-4d5f-8395-9e998c284e6f,DIN2–AB-R13,,,Sala B,-51,Sala B,movimento,Sala B,True,Sala B,False,Sala B,False,False,Sala B,-49.0,-49.0,,Sala B,False,True,True,True
2026-08-26 16:09:27,2026-08-26 16:09:26,163,1964215701,2026-08-26 16:09:27,server,c3:00:00:13:3b:b7,ESP-02,e5b1677c-7044-4e4f-b2e0-2dd82de63aac,DIN2–AB-R13,,,Sala A,-88,Sala B,movimento,Sala A,True,Sala B,False,Sala B,False,False,Sala B,-51.0,-51.0,,Sala B,False,False,True,True
2026-08-26 16:09:27,2026-08-26 16:09:26,609,998155149,2026-08-26 16:09:27,server,c3:00:00:13:3b:b7,ESP-01,e325f372-696b-434a-b3c8-8024d99ff136,DIN2–AB-R13,,,Corredor,-82,Sala B,movimento,Corredor,True,Sala B,False,Sala B,False,False,Sala B,-51.0,-51.0,,Sala B,False,False,True,True
2026-08-26 16:09:28,2026-08-26 16:09:27,623,1242899341,2026-08-26 16:09:28,server,c3:00:00:13:3b:b7,ESP-03,cb43504a-c4ec-4915-8750-a9df357eb2e3,DIN2–AB-R13,,,Sala B,-52,Sala B,movimento,Sala B,True,Sala B,False,Sala B,False,False,Sala B,-52.0,-52.0,,Sala B,False,True,True,True
2026-08-26 16:09:30,2026-08-26 16:09:29,164,1964215701,2026-08-26 16:09:30,server,c3:00:00:13:3b:b7,ESP-02,45aa2899-edd4-4f80-8a57-b3bfcd7c539d,DIN2–AB-R13,,,Sala A,-85,Sala B,movimento,Sala A,True,Sala B,False,Sala B,False,False,Sala B,-52.0,-52.0,,Sala B,False,False,True,True
2026-08-26 16:09:31,2026-08-26 16:09:30,610,998155149,2026-08-26 16:09:31,server,c3:00:00:13:3b:b7,ESP-01,da366c3a-c298-4384-aaa7-bac3ef0e80b6,DIN2–AB-R13,,,Corredor,-83,Sala B,movimento,Corredor,True,Sala B,False,Sala B,False,False,Sala B,-52.0,-52.0,,Sala B,False,False,True,True
2026-08-26 16:10:43,2026-08-26 16:10:42,644,1242899341,2026-08-26 16:10:43,server,c3:00:00:13:3b:b7,ESP-03,4b82fe31-94d3-452a-a251-e2637505b64f,DIN2–AB-R14,,,Sala B,-89,,,Sala B,True,Sala B,True,Sala B,True,False,Sala B,-89.0,,,,False,False,False,False
2026-08-26 16:10:46,2026-08-26 16:10:45,185,1964215701,2026-08-26 16:10:46,server,c3:00:00:13:3b:b7,ESP-02,1e9a365f-2e9f-4995-abb0-3a3a0d98f575,DIN2–AB-R14,,,Sala A,-67,Sala A,movimento,Sala A,True,Sala A,True,Sala A,True,False,Sala A,-67.0,-89.0,22.0,,False,False,False,False
2026-08-26 16:10:46,2026-08-26 16:10:45,631,998155149,2026-08-26 16:10:46,server,c3:00:00:13:3b:b7,ESP-01,d20b5486-f6cf-43ad-864e-e93d96a54946,DIN2–AB-R14,,,Corredor,-68,Sala A,movimento,Corredor,True,Sala A,False,Sala A,False,False,Sala A,-67.0,-67.0,,Sala A,True,False,True,True
2026-08-26 16:10:47,2026-08-26 16:10:46,645,1242899341,2026-08-26 16:10:47,server,c3:00:00:13:3b:b7,ESP-03,79491bbf-3e22-4600-94b3-e555cf3ee161,DIN2–AB-R14,,,Sala B,-81,Sala A,movimento,Sala B,True,Sala A,False,Sala A,False,False,Sala A,-67.0,-67.0,,Sala A,False,False,True,True
2026-08-26 16:10:49,2026-08-26 16:10:48,186,1964215701,2026-08-26 16:10:49,server,c3:00:00:13:3b:b7,ESP-02,e0ae4a51-b4bc-4841-b845-72671cd02030,DIN2–AB-R14,,,Sala A,-62,Sala A,movimento,Sala A,True,Sala A,False,Sala A,False,False,Sala A,-64.5,-64.5,,Sala A,False,True,True,True
2026-08-26 16:10:50,2026-08-26 16:10:49,632,998155149,2026-08-26 16:10:50,server,c3:00:00:13:3b:b7,ESP-01,c42a10d7-e7ea-4725-be89-fc27dfc7407e,DIN2–AB-R14,,,Corredor,-74,Sala A,movimento,Corredor,True,Sala A,False,Sala A,False,False,Sala A,-62.0,-62.0,,Sala A,False,False,True,True
2026-08-26 16:10:50,2026-08-26 16:10:49,646,1242899341,2026-08-26 16:10:50,server,c3:00:00:13:3b:b7,ESP-03,a9a4b8e7-8268-402f-988c-c587450cebc4,DIN2–AB-R14,,,Sala B,-77,Sala A,movimento,Sala B,True,Sala A,False,Sala A,False,False,Sala A,-62.0,-62.0,,Sala A,False,False,True,True
2026-08-26 16:10:53,2026-08-26 16:10:52,187,1964215701,2026-08-26 16:10:53,server,c3:00:00:13:3b:b7,ESP-02,e1d405bd-2a2f-405d-93ff-7b672a42b3f1,DIN2–AB-R14,,,Sala A,-60,Sala A,movimento,Sala A,True,Sala A,False,Sala A,False,False,Sala A,-60.0,-60.0,,Sala A,False,True,True,True
2026-08-26 16:10:53,2026-08-26 16:10:52,633,998155149,2026-08-26 16:10:53,server,c3:00:00:13:3b:b7,ESP-01,0feb177e-d998-4499-935b-5f0bfb785e84,DIN2–AB-R14,,,Corredor,-81,Sala A,movimento,Corredor,True,Sala A,False,Sala A,False,False,Sala A,-60.0,-60.0,,Sala A,False,False,True,True
2026-08-26 16:10:54,2026-08-26 16:10:53,647,1242899341,2026-08-26 16:10:54,server,c3:00:00:13:3b:b7,ESP-03,7dd3a003-0ed8-4594-a892-ccbc2d58a6e1,DIN2–AB-R14,,,Sala B,-90,Sala A,movimento,Sala B,True,Sala A,False,Sala A,False,False,Sala A,-60.0,-60.0,,Sala A,False,False,True,True
2026-08-26 16:10:57,2026-08-26 16:10:55,188,1964215701,2026-08-26 16:10:57,server,c3:00:00:13:3b:b7,ESP-02,2aefc673-7ef4-447e-beb5-2927c6421a26,DIN2–AB-R14,,,Sala A,-59,Sala A,movimento,Sala A,True,Sala A,False,Sala A,False,False,Sala A,-59.0,-59.0,,Sala A,False,True,True,True
2026-08-26 16:10:57,2026-08-26 16:10:56,634,998155149,2026-08-26 16:10:57,server,c3:00:00:13:3b:b7,ESP-01,a445ff67-5d2b-49aa-985a-a4f94625d73a,DIN2–AB-R14,,,Corredor,-70,Sala A,movimento,Corredor,True,Sala A,False,Sala A,False,False,Sala A,-59.0,-59.0,,Sala A,False,False,True,True
2026-08-26 16:10:58,2026-08-26 16:10:56,648,1242899341,2026-08-26 16:10:58,server,c3:00:00:13:3b:b7,ESP-03,2177b6b3-fa1e-4340-971c-71f72c2594bb,DIN2–AB-R14,,,Sala B,-79,Sala A,movimento,Sala B,True,Sala A,False,Sala A,False,False,Sala A,-59.0,-59.0,,Sala A,False,False,True,True
2026-08-26 16:11:00,2026-08-26 16:10:59,189,1964215701,2026-08-26 16:11:00,server,c3:00:00:13:3b:b7,ESP-02,039196a7-96ee-428d-a00e-660ecd0f77a3,DIN2–AB-R14,,,Sala A,-64,Sala A,movimento,Sala A,True,Sala A,False,Sala A,False,False,Sala A,-61.5,-61.5,,Sala A,False,True,True,True
2026-08-26 16:11:01,2026-08-26 16:11:00,635,998155149,2026-08-26 16:11:01,server,c3:00:00:13:3b:b7,ESP-01,4eb011e0-7471-43ef-9e3f-9fcc58bedf3e,DIN2–AB-R14,,,Corredor,-75,Sala A,movimento,Corredor,True,Sala A,False,Sala A,False,False,Sala A,-64.0,-64.0,,Sala A,False,False,True,True
2026-08-26 16:11:01,2026-08-26 16:11:00,649,1242899341,2026-08-26 16:11:01,server,c3:00:00:13:3b:b7,ESP-03,c2058a1e-4f43-47fd-a53f-7fb5fac0c244,DIN2–AB-R14,,,Sala B,-88,Sala A,movimento,Sala B,True,Sala A,False,Sala A,False,False,Sala A,-64.0,-64.0,,Sala A,False,False,True,True
2026-08-26 16:11:04,2026-08-26 16:11:03,190,1964215701,2026-08-26 16:11:04,server,c3:00:00:13:3b:b7,ESP-02,3d1217df-2b6a-4f1f-95d2-8a8bff647c2b,DIN2–AB-R14,,,Sala A,-60,Sala A,movimento,Sala A,True,Sala A,False,Sala A,False,False,Sala A,-60.0,-60.0,,Sala A,False,True,True,True
2026-08-26 16:11:04,2026-08-26 16:11:03,636,998155149,2026-08-26 16:11:04,server,c3:00:00:13:3b:b7,ESP-01,06975289-4e5d-4d9d-8a88-bb8adb9e94f8,DIN2–AB-R14,,,Corredor,-73,Sala A,movimento,Corredor,True,Sala A,False,Sala A,False,False,Sala A,-60.0,-60.0,,Sala A,False,False,True,True
2026-08-26 16:11:05,2026-08-26 16:11:04,650,1242899341,2026-08-26 16:11:05,server,c3:00:00:13:3b:b7,ESP-03,bdbb905f-81f6-4820-9a7c-0fbe39740205,DIN2–AB-R14,,,Sala B,-78,Corredor,movimento,Sala B,True,Sala A,False,Sala A,False,False,Sala A,-60.0,-60.0,,Sala A,False,False,True,True
2026-08-26 16:11:07,2026-08-26 16:11:06,191,1964215701,2026-08-26 16:11:07,server,c3:00:00:13:3b:b7,ESP-02,7988ff2e-c7c6-44a6-9e21-eaf461d3c337,DIN2–AB-R14,,,Sala A,-71,Corredor,movimento,Sala A,True,Sala A,False,Sala A,False,False,Sala A,-65.5,-65.5,,Sala A,False,True,True,True
2026-08-26 16:11:08,2026-08-26 16:11:07,637,998155149,2026-08-26 16:11:08,server,c3:00:00:13:3b:b7,ESP-01,4ed16041-af1f-45d8-8e10-1d0c8c42c3d3,DIN2–AB-R14,,,Corredor,-62,Corredor,movimento,Corredor,True,Corredor,True,Corredor,True,False,Corredor,-62.0,-71.0,9.0,Sala A,False,False,False,False
2026-08-26 16:11:08,2026-08-26 16:11:07,651,1242899341,2026-08-26 16:11:08,server,c3:00:00:13:3b:b7,ESP-03,09bc5df5-8f91-45da-b1f7-ba8aaa1aa636,DIN2–AB-R14,,,Sala B,-97,Corredor,movimento,Sala B,True,Corredor,False,Corredor,False,False,Corredor,-62.0,-62.0,,Corredor,True,False,True,True
2026-08-26 16:11:11,2026-08-26 16:11:10,192,1964215701,2026-08-26 16:11:11,server,c3:00:00:13:3b:b7,ESP-02,debef891-c52e-4598-9047-29d72583ad5f,DIN2–AB-R14,,,Sala A,-87,Sala B,movimento,Sala A,True,Corredor,False,Corredor,False,False,Corredor,-62.0,-62.0,,Corredor,False,False,True,True
2026-08-26 16:11:11,2026-08-26 16:11:10,638,998155149,2026-08-26 16:11:11,server,c3:00:00:13:3b:b7,ESP-01,68d71046-7135-4657-8661-67ca8dbc64e8,DIN2–AB-R14,,,Corredor,-69,Sala B,movimento,Corredor,True,Corredor,False,Corredor,False,False,Corredor,-65.5,-65.5,,Corredor,False,True,True,True
2026-08-26 16:11:12,2026-08-26 16:11:11,652,1242899341,2026-08-26 16:11:12,server,c3:00:00:13:3b:b7,ESP-03,8cc0b295-c226-47d1-bdd7-f8ca6a3704f6,DIN2–AB-R14,,,Sala B,-71,Sala B,movimento,Sala B,True,Corredor,False,Corredor,False,False,Corredor,-69.0,-69.0,,Corredor,False,False,True,True
2026-08-26 16:11:14,2026-08-26 16:11:13,193,1964215701,2026-08-26 16:11:14,server,c3:00:00:13:3b:b7,ESP-02,dba47b45-a882-4302-a3fa-761d961dd558,DIN2–AB-R14,,,Sala A,-78,Sala B,movimento,Sala A,True,Corredor,False,Corredor,False,False,Corredor,-69.0,-69.0,,Corredor,False,False,True,True
2026-08-26 16:11:15,2026-08-26 16:11:14,639,998155149,2026-08-26 16:11:15,server,c3:00:00:13:3b:b7,ESP-01,7f917e17-5787-4ecb-a5dd-d48668266c37,DIN2–AB-R14,,,Corredor,-85,Sala B,movimento,Corredor,True,Sala B,True,Sala B,True,False,Sala B,-71.0,-85.0,14.0,Corredor,False,True,False,False
2026-08-26 16:11:15,2026-08-26 16:11:14,653,1242899341,2026-08-26 16:11:15,server,c3:00:00:13:3b:b7,ESP-03,6107c5c1-e6e5-43be-bddf-4eac82f793fb,DIN2–AB-R14,,,Sala B,-65,Sala B,movimento,Sala B,True,Sala B,False,Sala B,False,False,Sala B,-68.0,-68.0,,Sala B,True,True,True,True
2026-08-26 16:11:18,2026-08-26 16:11:17,194,1964215701,2026-08-26 16:11:18,server,c3:00:00:13:3b:b7,ESP-02,b5cd9050-6eb1-4760-b8fd-179e472e9c7b,DIN2–AB-R14,,,Sala A,-85,Sala B,movimento,Sala A,True,Sala B,False,Sala B,False,False,Sala B,-65.0,-65.0,,Sala B,False,False,True,True
2026-08-26 16:11:19,2026-08-26 16:11:17,640,998155149,2026-08-26 16:11:19,server,c3:00:00:13:3b:b7,ESP-01,775054f3-b883-4d2f-a135-cf38572c7617,DIN2–AB-R14,,,Corredor,-76,Sala B,movimento,Corredor,True,Corredor,True,Corredor,True,False,Corredor,-76.0,,,Sala B,False,False,False,False
2026-08-26 16:11:19,2026-08-26 16:11:18,654,1242899341,2026-08-26 16:11:19,server,c3:00:00:13:3b:b7,ESP-03,db669cd7-d05f-486b-a702-52a5acb7e72b,DIN2–AB-R14,,,Sala B,-56,Sala B,movimento,Sala B,True,Sala B,True,Sala B,True,False,Sala B,-56.0,-76.0,20.0,Sala B,False,True,True,True
2026-08-26 16:11:22,2026-08-26 16:11:21,641,998155149,2026-08-26 16:11:22,server,c3:00:00:13:3b:b7,ESP-01,37c67ff7-3ab1-48c1-b347-d110952fcddd,DIN2–AB-R14,,,Corredor,-76,Sala B,movimento,Corredor,True,Sala B,False,Sala B,False,False,Sala B,-56.0,-56.0,,Sala B,False,False,True,True
2026-08-26 16:11:23,2026-08-26 16:11:22,655,1242899341,2026-08-26 16:11:23,server,c3:00:00:13:3b:b7,ESP-03,600efd31-8d3a-4318-8353-2fb1e88629db,DIN2–AB-R14,,,Sala B,-64,Sala B,movimento,Sala B,True,Sala B,False,Sala B,False,False,Sala B,-64.0,-64.0,,Sala B,False,True,True,True
2026-08-26 16:11:25,2026-08-26 16:11:24,196,1964215701,2026-08-26 16:11:25,server,c3:00:00:13:3b:b7,ESP-02,fb240d78-0b7a-407a-a799-f10ab6575df3,DIN2–AB-R14,,,Sala A,-82,Sala B,movimento,Sala A,True,Sala B,False,Sala B,False,False,Sala B,-64.0,-64.0,,Sala B,False,False,True,True
2026-08-26 16:11:26,2026-08-26 16:11:25,642,998155149,2026-08-26 16:11:26,server,c3:00:00:13:3b:b7,ESP-01,dbcab74c-0aaf-4607-87b9-18b9cffa3edc,DIN2–AB-R14,,,Corredor,-87,Sala B,movimento,Corredor,True,Sala B,False,Sala B,False,False,Sala B,-64.0,-64.0,,Sala B,False,False,True,True
2026-08-26 16:11:26,2026-08-26 16:11:25,656,1242899341,2026-08-26 16:11:26,server,c3:00:00:13:3b:b7,ESP-03,270a8ff9-43a9-4f59-9fa1-23e091b341eb,DIN2–AB-R14,,,Sala B,-65,Sala B,movimento,Sala B,True,Sala B,False,Sala B,False,False,Sala B,-64.5,-64.5,,Sala B,False,True,True,True
2026-08-26 16:11:29,2026-08-26 16:11:28,197,1964215701,2026-08-26 16:11:29,server,c3:00:00:13:3b:b7,ESP-02,90d39712-93ec-442d-8b2c-076fa04a50ad,DIN2–AB-R14,,,Sala A,-81,Sala B,movimento,Sala A,True,Sala B,False,Sala B,False,False,Sala B,-65.0,-65.0,,Sala B,False,False,True,True
2026-08-26 16:11:29,2026-08-26 16:11:28,643,998155149,2026-08-26 16:11:29,server,c3:00:00:13:3b:b7,ESP-01,e1646f02-c3c0-4e8b-b7de-c48ebdf5ac28,DIN2–AB-R14,,,Corredor,-77,Sala B,movimento,Corredor,True,Sala B,False,Sala B,False,False,Sala B,-65.0,-65.0,,Sala B,False,False,True,True
2026-08-26 16:11:30,2026-08-26 16:11:29,657,1242899341,2026-08-26 16:11:30,server,c3:00:00:13:3b:b7,ESP-03,87356fd7-3ca8-4b52-8400-2ae448cdfd76,DIN2–AB-R14,,,Sala B,-60,Sala B,movimento,Sala B,True,Sala B,False,Sala B,False,False,Sala B,-60.0,-60.0,,Sala B,False,True,True,True
2026-08-26 15:34:17,2026-08-26 15:34:16,30,998155149,2026-08-26 15:34:17,server,c3:00:00:13:3b:b7,ESP-01,45fa0df5-d5cb-4779-b478-82262d0ab2b0,DIN2–BA-R5,,,Corredor,-93,,,Corredor,True,Corredor,True,Corredor,True,False,Corredor,-93.0,,,,False,False,False,False
2026-08-26 15:34:20,2026-08-26 15:34:19,42,1242899341,2026-08-26 15:34:20,server,c3:00:00:13:3b:b7,ESP-03,2f182d22-f616-46ad-9dc4-79b3b902bc7e,DIN2–BA-R5,,,Sala B,-65,Sala B,movimento,Sala B,True,Sala B,True,Sala B,True,False,Sala B,-65.0,-93.0,28.0,,False,False,False,False
2026-08-26 15:34:21,2026-08-26 15:34:20,31,998155149,2026-08-26 15:34:21,server,c3:00:00:13:3b:b7,ESP-01,99ce1dee-62a4-4b87-aeb8-3bd433ded90a,DIN2–BA-R5,,,Corredor,-86,Sala B,movimento,Corredor,True,Sala B,False,Sala B,False,False,Sala B,-65.0,-65.0,,Sala B,True,False,True,True
2026-08-26 15:34:21,2026-08-26 15:34:20,62,3242572198,2026-08-26 15:34:21,server,c3:00:00:13:3b:b7,ESP-02,4e8c6981-9cec-4b1e-94ed-af412226b57f,DIN2–BA-R5,,,Sala A,-97,Sala B,movimento,Sala A,True,Sala B,False,Sala B,False,False,Sala B,-65.0,-65.0,,Sala B,False,False,True,True
2026-08-26 15:34:24,2026-08-26 15:34:23,43,1242899341,2026-08-26 15:34:24,server,c3:00:00:13:3b:b7,ESP-03,99275474-6659-4e6f-86e4-4410a066e259,DIN2–BA-R5,,,Sala B,-62,Sala B,movimento,Sala B,True,Sala B,False,Sala B,False,False,Sala B,-62.0,-62.0,,Sala B,False,True,True,True
2026-08-26 15:34:25,2026-08-26 15:34:24,32,998155149,2026-08-26 15:34:25,server,c3:00:00:13:3b:b7,ESP-01,7d188b19-3fa4-4bfe-9a06-ea3d321e82d8,DIN2–BA-R5,,,Corredor,-93,Sala B,movimento,Corredor,True,Sala B,False,Sala B,False,False,Sala B,-62.0,-62.0,,Sala B,False,False,True,True
2026-08-26 15:34:27,2026-08-26 15:34:26,44,1242899341,2026-08-26 15:34:27,server,c3:00:00:13:3b:b7,ESP-03,4509f4d6-c085-4407-9dc2-3d86e403acda,DIN2–BA-R5,,,Sala B,-61,Sala B,movimento,Sala B,True,Sala B,False,Sala B,False,False,Sala B,-61.5,-61.5,,Sala B,False,True,True,True
2026-08-26 15:34:28,2026-08-26 15:34:27,33,998155149,2026-08-26 15:34:28,server,c3:00:00:13:3b:b7,ESP-01,32382e97-177f-460d-9193-b727473be633,DIN2–BA-R5,,,Corredor,-89,Sala B,movimento,Corredor,True,Sala B,False,Sala B,False,False,Sala B,-61.0,-61.0,,Sala B,False,False,True,True
2026-08-26 15:34:31,2026-08-26 15:34:30,45,1242899341,2026-08-26 15:34:31,server,c3:00:00:13:3b:b7,ESP-03,10a87c6b-16e4-4cc7-88d4-9103beb42b75,DIN2–BA-R5,,,Sala B,-95,Sala B,movimento,Sala B,True,Corredor,True,Corredor,True,False,Corredor,-89.0,-95.0,6.0,Sala B,False,True,False,False
2026-08-26 15:34:32,2026-08-26 15:34:31,34,998155149,2026-08-26 15:34:32,server,c3:00:00:13:3b:b7,ESP-01,2fe5810e-9540-41d3-b81e-84da23bc49d6,DIN2–BA-R5,,,Corredor,-91,Sala B,movimento,Corredor,True,Corredor,False,Corredor,False,False,Corredor,-91.0,-91.0,,Corredor,True,True,True,True
2026-08-26 15:34:32,2026-08-26 15:34:31,65,3242572198,2026-08-26 15:34:32,server,c3:00:00:13:3b:b7,ESP-02,05a88f43-f501-4226-b747-e0cffb335389,DIN2–BA-R5,,,Sala A,-93,Sala B,movimento,Sala A,True,Corredor,False,Corredor,False,False,Corredor,-91.0,-91.0,,Corredor,False,False,True,True
2026-08-26 15:34:34,2026-08-26 15:34:33,46,1242899341,2026-08-26 15:34:34,server,c3:00:00:13:3b:b7,ESP-03,01962350-0c0f-44d7-b500-9fe424d9a528,DIN2–BA-R5,,,Sala B,-72,Sala B,movimento,Sala B,True,Sala B,True,Sala B,True,False,Sala B,-83.5,-91.0,7.5,Corredor,False,False,False,False
2026-08-26 15:34:35,2026-08-26 15:34:34,35,998155149,2026-08-26 15:34:35,server,c3:00:00:13:3b:b7,ESP-01,d306878b-18d9-47a1-9f3a-596707de1e07,DIN2–BA-R5,,,Corredor,-81,Sala B,movimento,Corredor,True,Sala B,False,Sala B,False,False,Sala B,-72.0,-72.0,,Sala B,True,False,True,True
2026-08-26 15:34:36,2026-08-26 15:34:35,66,3242572198,2026-08-26 15:34:36,server,c3:00:00:13:3b:b7,ESP-02,56b0a07a-071d-41d3-93d3-5c9d994e1129,DIN2–BA-R5,,,Sala A,-86,Sala B,movimento,Sala A,True,Sala B,False,Sala B,False,False,Sala B,-72.0,-72.0,,Sala B,False,False,True,True
2026-08-26 15:34:38,2026-08-26 15:34:37,47,1242899341,2026-08-26 15:34:38,server,c3:00:00:13:3b:b7,ESP-03,5a46751c-d25e-454a-867d-05df09b21617,DIN2–BA-R5,,,Sala B,-78,Corredor,movimento,Sala B,True,Sala B,False,Sala B,False,False,Sala B,-78.0,-78.0,,Sala B,False,True,True,True
2026-08-26 15:34:39,2026-08-26 15:34:38,36,998155149,2026-08-26 15:34:39,server,c3:00:00:13:3b:b7,ESP-01,0120da9a-bdb8-4cb6-8e23-14d2eba6051b,DIN2–BA-R5,,,Corredor,-72,Corredor,movimento,Corredor,True,Corredor,True,Corredor,True,False,Corredor,-72.0,-78.0,6.0,Sala B,False,False,False,False
2026-08-26 15:34:39,2026-08-26 15:34:38,67,3242572198,2026-08-26 15:34:39,server,c3:00:00:13:3b:b7,ESP-02,7c17754a-25a4-41f0-b955-2d193645b6cb,DIN2–BA-R5,,,Sala A,-81,Corredor,movimento,Sala A,True,Corredor,False,Corredor,False,False,Corredor,-72.0,-72.0,,Corredor,True,False,True,True
2026-08-26 15:34:41,2026-08-26 15:34:40,48,1242899341,2026-08-26 15:34:41,server,c3:00:00:13:3b:b7,ESP-03,1a936d63-1bb1-4148-b0d3-3570e8cc8f13,DIN2–BA-R5,,,Sala B,-77,Corredor,movimento,Sala B,True,Corredor,False,Corredor,False,False,Corredor,-72.0,-72.0,,Corredor,False,False,True,True
2026-08-26 15:34:42,2026-08-26 15:34:41,37,998155149,2026-08-26 15:34:42,server,c3:00:00:13:3b:b7,ESP-01,4a19937d-c10a-4603-a8e5-54a0030f65c2,DIN2–BA-R5,,,Corredor,-49,Corredor,movimento,Corredor,True,Corredor,False,Corredor,False,False,Corredor,-60.5,-60.5,,Corredor,False,True,True,True
2026-08-26 15:34:43,2026-08-26 15:34:42,68,3242572198,2026-08-26 15:34:43,server,c3:00:00:13:3b:b7,ESP-02,3f62850a-cbd2-4a67-87c4-528ca415190e,DIN2–BA-R5,,,Sala A,-84,Sala A,movimento,Sala A,True,Corredor,False,Corredor,False,False,Corredor,-49.0,-49.0,,Corredor,False,False,True,True
2026-08-26 15:34:45,2026-08-26 15:34:44,49,1242899341,2026-08-26 15:34:45,server,c3:00:00:13:3b:b7,ESP-03,a9fb9a6a-1add-4aa8-9612-4e7adca45d6e,DIN2–BA-R5,,,Sala B,-90,Sala A,movimento,Sala B,True,Corredor,False,Corredor,False,False,Corredor,-49.0,-49.0,,Corredor,False,False,True,True
2026-08-26 15:34:46,2026-08-26 15:34:45,38,998155149,2026-08-26 15:34:46,server,c3:00:00:13:3b:b7,ESP-01,1f906d08-644b-4aab-91e7-35afa9f18ba7,DIN2–BA-R5,,,Corredor,-85,Sala A,movimento,Corredor,True,Sala A,True,Corredor,False,True,Sala A,-84.0,-85.0,1.0,Corredor,False,True,False,True
2026-08-26 15:34:47,2026-08-26 15:34:46,69,3242572198,2026-08-26 15:34:47,server,c3:00:00:13:3b:b7,ESP-02,acc7326c-d099-41e4-a37a-da628b612c6c,DIN2–BA-R5,,,Sala A,-62,Sala A,movimento,Sala A,True,Sala A,False,Sala A,True,False,Sala A,-62.0,-85.0,23.0,Corredor,False,False,False,False
2026-08-26 15:34:49,2026-08-26 15:34:48,50,1242899341,2026-08-26 15:34:49,server,c3:00:00:13:3b:b7,ESP-03,53a106e1-1c37-43c7-a2cc-2b8e46352874,DIN2–BA-R5,,,Sala B,-82,Sala A,movimento,Sala B,True,Sala A,False,Sala A,False,False,Sala A,-62.0,-62.0,,Sala A,True,False,True,True
2026-08-26 15:34:50,2026-08-26 15:34:49,70,3242572198,2026-08-26 15:34:50,server,c3:00:00:13:3b:b7,ESP-02,e41f3fee-3204-4127-9f8d-8e02f662fa3d,DIN2–BA-R5,,,Sala A,-69,Sala A,movimento,Sala A,True,Sala A,False,Sala A,False,False,Sala A,-65.5,-65.5,,Sala A,False,True,True,True
2026-08-26 15:34:52,2026-08-26 15:34:51,51,1242899341,2026-08-26 15:34:52,server,c3:00:00:13:3b:b7,ESP-03,da9805ae-7cfa-403b-bb3e-90965cadb6d8,DIN2–BA-R5,,,Sala B,-101,Sala A,movimento,Sala B,True,Sala A,False,Sala A,False,False,Sala A,-69.0,-69.0,,Sala A,False,False,True,True
2026-08-26 15:34:53,2026-08-26 15:34:52,40,998155149,2026-08-26 15:34:53,server,c3:00:00:13:3b:b7,ESP-01,11794a58-9fd7-4bd1-8053-9a9203b10ecb,DIN2–BA-R5,,,Corredor,-81,Sala A,movimento,Corredor,True,Sala A,False,Sala A,False,False,Sala A,-69.0,-69.0,,Sala A,False,False,True,True
2026-08-26 15:34:54,2026-08-26 15:34:53,71,3242572198,2026-08-26 15:34:54,server,c3:00:00:13:3b:b7,ESP-02,7c1aa75e-8341-4bd6-bbe8-df4e592a8904,DIN2–BA-R5,,,Sala A,-67,Sala A,movimento,Sala A,True,Sala A,False,Sala A,False,False,Sala A,-67.0,-67.0,,Sala A,False,True,True,True
2026-08-26 15:34:56,2026-08-26 15:34:55,52,1242899341,2026-08-26 15:34:56,server,c3:00:00:13:3b:b7,ESP-03,65173e6f-6d31-4309-82f1-473b4e379535,DIN2–BA-R5,,,Sala B,-92,Sala A,movimento,Sala B,True,Sala A,False,Sala A,False,False,Sala A,-67.0,-67.0,,Sala A,False,False,True,True
2026-08-26 15:34:57,2026-08-26 15:34:56,41,998155149,2026-08-26 15:34:57,server,c3:00:00:13:3b:b7,ESP-01,025759a6-43b6-4f80-82f8-f9e31eb3cb4c,DIN2–BA-R5,,,Corredor,-85,Sala A,movimento,Corredor,True,Sala A,False,Sala A,False,False,Sala A,-67.0,-67.0,,Sala A,False,False,True,True
2026-08-26 15:34:57,2026-08-26 15:34:56,72,3242572198,2026-08-26 15:34:57,server,c3:00:00:13:3b:b7,ESP-02,68c3b27a-d128-4b75-a2a4-48f5eb9d5e39,DIN2–BA-R5,,,Sala A,-71,Sala A,movimento,Sala A,True,Sala A,False,Sala A,False,False,Sala A,-69.0,-69.0,,Sala A,False,True,True,True
2026-08-26 15:34:59,2026-08-26 15:34:58,53,1242899341,2026-08-26 15:34:59,server,c3:00:00:13:3b:b7,ESP-03,904eb3a8-19ad-4325-b57f-87b75dbaac44,DIN2–BA-R5,,,Sala B,-79,Sala A,movimento,Sala B,True,Sala A,False,Sala A,False,False,Sala A,-71.0,-71.0,,Sala A,False,False,True,True
2026-08-26 15:35:00,2026-08-26 15:34:59,42,998155149,2026-08-26 15:35:00,server,c3:00:00:13:3b:b7,ESP-01,eadd7c91-1647-46dc-ad77-09072d9bccae,DIN2–BA-R5,,,Corredor,-92,Sala A,movimento,Corredor,True,Sala A,False,Sala A,False,False,Sala A,-71.0,-71.0,,Sala A,False,False,True,True
2026-08-26 15:35:01,2026-08-26 15:35:00,73,3242572198,2026-08-26 15:35:01,server,c3:00:00:13:3b:b7,ESP-02,5620afb0-34ec-43fa-addd-e51217f4d39a,DIN2–BA-R5,,,Sala A,-71,Sala A,movimento,Sala A,True,Sala A,False,Sala A,False,False,Sala A,-71.0,-71.0,,Sala A,False,True,True,True
2026-08-26 15:36:40,2026-08-26 15:36:39,81,1242899341,2026-08-26 15:36:40,server,c3:00:00:13:3b:b7,ESP-03,fccd783c-e337-4e1e-b076-130401596861,DIN2–BA-R6,,,Sala B,-57,Sala B,movimento,Sala B,True,Sala B,True,Sala B,True,False,Sala B,-57.0,,,,False,False,False,False
2026-08-26 15:36:41,2026-08-26 15:36:40,70,998155149,2026-08-26 15:36:41,server,c3:00:00:13:3b:b7,ESP-01,8481247e-16bc-4f1e-95b9-58e408375016,DIN2–BA-R6,,,Corredor,-84,Sala B,movimento,Corredor,True,Sala B,False,Sala B,False,False,Sala B,-57.0,-57.0,,Sala B,True,False,True,True
2026-08-26 15:36:41,2026-08-26 15:36:40,101,3242572198,2026-08-26 15:36:41,server,c3:00:00:13:3b:b7,ESP-02,c267bb68-38d6-462a-a3c5-2f12be43ead7,DIN2–BA-R6,,,Sala A,-84,Sala B,movimento,Sala A,True,Sala B,False,Sala B,False,False,Sala B,-57.0,-57.0,,Sala B,False,False,True,True
2026-08-26 15:36:43,2026-08-26 15:36:42,82,1242899341,2026-08-26 15:36:43,server,c3:00:00:13:3b:b7,ESP-03,c3bf4445-ec8b-4878-bd5d-56628d17a531,DIN2–BA-R6,,,Sala B,-71,Sala B,movimento,Sala B,True,Sala B,False,Sala B,False,False,Sala B,-64.0,-64.0,,Sala B,False,True,True,True
2026-08-26 15:36:44,2026-08-26 15:36:43,71,998155149,2026-08-26 15:36:44,server,c3:00:00:13:3b:b7,ESP-01,adcdefc6-bb9c-4969-a109-dd9c42d1da14,DIN2–BA-R6,,,Corredor,-87,Sala B,movimento,Corredor,True,Sala B,False,Sala B,False,False,Sala B,-71.0,-71.0,,Sala B,False,False,True,True
2026-08-26 15:36:45,2026-08-26 15:36:44,102,3242572198,2026-08-26 15:36:45,server,c3:00:00:13:3b:b7,ESP-02,1d89f8b9-fce0-49bb-9cf8-bee3718c3b35,DIN2–BA-R6,,,Sala A,-91,Sala B,movimento,Sala A,True,Sala B,False,Sala B,False,False,Sala B,-71.0,-71.0,,Sala B,False,False,True,True
2026-08-26 15:36:47,2026-08-26 15:36:46,83,1242899341,2026-08-26 15:36:47,server,c3:00:00:13:3b:b7,ESP-03,50acfa52-bfe0-43f1-98da-a6bf53915bf0,DIN2–BA-R6,,,Sala B,-53,Sala B,movimento,Sala B,True,Sala B,False,Sala B,False,False,Sala B,-53.0,-53.0,,Sala B,False,True,True,True
2026-08-26 15:36:48,2026-08-26 15:36:47,72,998155149,2026-08-26 15:36:48,server,c3:00:00:13:3b:b7,ESP-01,dd8fec75-86dc-46bc-8893-b0098135a7a7,DIN2–BA-R6,,,Corredor,-88,Sala B,movimento,Corredor,True,Sala B,False,Sala B,False,False,Sala B,-53.0,-53.0,,Sala B,False,False,True,True
2026-08-26 15:36:48,2026-08-26 15:36:47,103,3242572198,2026-08-26 15:36:48,server,c3:00:00:13:3b:b7,ESP-02,ccf19fa0-bd8f-4907-811b-28963df617e5,DIN2–BA-R6,,,Sala A,-89,Sala B,movimento,Sala A,True,Sala B,False,Sala B,False,False,Sala B,-53.0,-53.0,,Sala B,False,False,True,True
2026-08-26 15:36:50,2026-08-26 15:36:49,84,1242899341,2026-08-26 15:36:50,server,c3:00:00:13:3b:b7,ESP-03,a7cec982-8dbc-46ce-a427-a941be16241c,DIN2–BA-R6,,,Sala B,-65,Sala B,movimento,Sala B,True,Sala B,False,Sala B,False,False,Sala B,-59.0,-59.0,,Sala B,False,True,True,True
2026-08-26 15:36:52,2026-08-26 15:36:51,73,998155149,2026-08-26 15:36:52,server,c3:00:00:13:3b:b7,ESP-01,892ec17b-ce51-47ff-8d66-d7e0b739eeab,DIN2–BA-R6,,,Corredor,-85,Sala B,movimento,Corredor,True,Sala B,False,Sala B,False,False,Sala B,-65.0,-65.0,,Sala B,False,False,True,True
2026-08-26 15:36:52,2026-08-26 15:36:51,104,3242572198,2026-08-26 15:36:52,server,c3:00:00:13:3b:b7,ESP-02,d71888c4-f86a-4a45-833a-f66470d0a0f7,DIN2–BA-R6,,,Sala A,-85,Sala B,movimento,Sala A,True,Sala B,False,Sala B,False,False,Sala B,-65.0,-65.0,,Sala B,False,False,True,True
2026-08-26 15:36:54,2026-08-26 15:36:53,85,1242899341,2026-08-26 15:36:54,server,c3:00:00:13:3b:b7,ESP-03,0243e240-bfad-44bc-8915-059cb7c539d5,DIN2–BA-R6,,,Sala B,-66,Sala B,movimento,Sala B,True,Sala B,False,Sala B,False,False,Sala B,-66.0,-66.0,,Sala B,False,True,True,True
2026-08-26 15:36:55,2026-08-26 15:36:54,74,998155149,2026-08-26 15:36:55,server,c3:00:00:13:3b:b7,ESP-01,8699f14e-e6b5-4b84-a40d-842ad8e4796a,DIN2–BA-R6,,,Corredor,-87,Corredor,movimento,Corredor,True,Sala B,False,Sala B,False,False,Sala B,-66.0,-66.0,,Sala B,False,False,True,True
2026-08-26 15:36:56,2026-08-26 15:36:55,105,3242572198,2026-08-26 15:36:56,server,c3:00:00:13:3b:b7,ESP-02,dfbb4087-1e0f-469e-94dd-2278743856fc,DIN2–BA-R6,,,Sala A,-81,Corredor,movimento,Sala A,True,Sala B,False,Sala B,False,False,Sala B,-66.0,-66.0,,Sala B,False,False,True,True
2026-08-26 15:36:58,2026-08-26 15:36:57,86,1242899341,2026-08-26 15:36:58,server,c3:00:00:13:3b:b7,ESP-03,64eac96f-6372-4d8d-ae5e-d7c1acb5ff09,DIN2–BA-R6,,,Sala B,-73,Corredor,movimento,Sala B,True,Sala B,False,Sala B,False,False,Sala B,-73.0,-73.0,,Sala B,False,True,True,True
2026-08-26 15:36:59,2026-08-26 15:36:58,75,998155149,2026-08-26 15:36:59,server,c3:00:00:13:3b:b7,ESP-01,edc30779-72b8-443c-8c10-a7307a7d55b7,DIN2–BA-R6,,,Corredor,-60,Corredor,movimento,Corredor,True,Corredor,True,Corredor,True,False,Corredor,-60.0,-73.0,13.0,Sala B,False,False,False,False
2026-08-26 15:36:59,2026-08-26 15:36:58,106,3242572198,2026-08-26 15:36:59,server,c3:00:00:13:3b:b7,ESP-02,284acace-399c-4f57-a817-79c20a4d32e4,DIN2–BA-R6,,,Sala A,-83,Corredor,movimento,Sala A,True,Corredor,False,Corredor,False,False,Corredor,-60.0,-60.0,,Corredor,True,False,True,True
2026-08-26 15:37:01,2026-08-26 15:37:00,87,1242899341,2026-08-26 15:37:01,server,c3:00:00:13:3b:b7,ESP-03,d2849731-df43-467c-9d2d-d130e364d97d,DIN2–BA-R6,,,Sala B,-89,Corredor,movimento,Sala B,True,Corredor,False,Corredor,False,False,Corredor,-60.0,-60.0,,Corredor,False,False,True,True
2026-08-26 15:37:02,2026-08-26 15:37:01,76,998155149,2026-08-26 15:37:02,server,c3:00:00:13:3b:b7,ESP-01,c0e74ce9-91b5-4084-89a8-3577e289034d,DIN2–BA-R6,,,Corredor,-50,Corredor,movimento,Corredor,True,Corredor,False,Corredor,False,False,Corredor,-55.0,-55.0,,Corredor,False,True,True,True
2026-08-26 15:37:03,2026-08-26 15:37:02,107,3242572198,2026-08-26 15:37:03,server,c3:00:00:13:3b:b7,ESP-02,26745792-bd95-4318-bb30-58f05c4d7005,DIN2–BA-R6,,,Sala A,-73,Sala A,movimento,Sala A,True,Corredor,False,Corredor,False,False,Corredor,-50.0,-50.0,,Corredor,False,False,True,True
2026-08-26 15:37:05,2026-08-26 15:37:04,88,1242899341,2026-08-26 15:37:05,server,c3:00:00:13:3b:b7,ESP-03,7b3bbf31-49b3-450f-9ef2-5626f2dfc6f8,DIN2–BA-R6,,,Sala B,-90,Sala A,movimento,Sala B,True,Corredor,False,Corredor,False,False,Corredor,-50.0,-50.0,,Corredor,False,False,True,True
2026-08-26 15:37:06,2026-08-26 15:37:05,77,998155149,2026-08-26 15:37:06,server,c3:00:00:13:3b:b7,ESP-01,fcae2d0e-de3f-409e-8cdc-3a622bcb7581,DIN2–BA-R6,,,Corredor,-78,Sala A,movimento,Corredor,True,Sala A,True,Sala A,True,False,Sala A,-73.0,-78.0,5.0,Corredor,False,True,False,False
2026-08-26 15:37:06,2026-08-26 15:37:05,108,3242572198,2026-08-26 15:37:06,server,c3:00:00:13:3b:b7,ESP-02,20542d27-7ea8-4ed0-a68c-d377a1925cd2,DIN2–BA-R6,,,Sala A,-65,Sala A,movimento,Sala A,True,Sala A,False,Sala A,False,False,Sala A,-69.0,-69.0,,Sala A,True,True,True,True
2026-08-26 15:37:08,2026-08-26 15:37:07,89,1242899341,2026-08-26 15:37:08,server,c3:00:00:13:3b:b7,ESP-03,989a0666-c3d1-4d3d-8b22-36b0daee8f25,DIN2–BA-R6,,,Sala B,-76,Sala A,movimento,Sala B,True,Sala A,False,Sala A,False,False,Sala A,-65.0,-65.0,,Sala A,False,False,True,True
2026-08-26 15:37:09,2026-08-26 15:37:08,78,998155149,2026-08-26 15:37:09,server,c3:00:00:13:3b:b7,ESP-01,093a492b-16d1-441b-83af-95c0331759fd,DIN2–BA-R6,,,Corredor,-83,Sala A,movimento,Corredor,True,Sala A,False,Sala A,False,False,Sala A,-65.0,-65.0,,Sala A,False,False,True,True
2026-08-26 15:37:10,2026-08-26 15:37:09,109,3242572198,2026-08-26 15:37:10,server,c3:00:00:13:3b:b7,ESP-02,0269df76-54d6-4540-a37c-8f7f74e4f915,DIN2–BA-R6,,,Sala A,-59,Sala A,movimento,Sala A,True,Sala A,False,Sala A,False,False,Sala A,-59.0,-59.0,,Sala A,False,True,True,True
2026-08-26 15:37:12,2026-08-26 15:37:11,90,1242899341,2026-08-26 15:37:12,server,c3:00:00:13:3b:b7,ESP-03,03a7ff0e-fcfb-412b-8cb9-b2aade526dd9,DIN2–BA-R6,,,Sala B,-97,Sala A,movimento,Sala B,True,Sala A,False,Sala A,False,False,Sala A,-59.0,-59.0,,Sala A,False,False,True,True
2026-08-26 15:37:13,2026-08-26 15:37:12,79,998155149,2026-08-26 15:37:13,server,c3:00:00:13:3b:b7,ESP-01,ff45b444-ba8d-4a55-a09e-14720092bca8,DIN2–BA-R6,,,Corredor,-84,Sala A,movimento,Corredor,True,Sala A,False,Sala A,False,False,Sala A,-59.0,-59.0,,Sala A,False,False,True,True
2026-08-26 15:37:14,2026-08-26 15:37:13,110,3242572198,2026-08-26 15:37:14,server,c3:00:00:13:3b:b7,ESP-02,cdf3cf77-5e19-4314-80f4-eb036c647ec0,DIN2–BA-R6,,,Sala A,-67,Sala A,movimento,Sala A,True,Sala A,False,Sala A,False,False,Sala A,-67.0,-67.0,,Sala A,False,True,True,True
2026-08-26 15:37:16,2026-08-26 15:37:15,91,1242899341,2026-08-26 15:37:16,server,c3:00:00:13:3b:b7,ESP-03,d02293cf-cc84-4031-aa37-228ed4e88518,DIN2–BA-R6,,,Sala B,-88,Sala A,movimento,Sala B,True,Sala A,False,Sala A,False,False,Sala A,-67.0,-67.0,,Sala A,False,False,True,True
2026-08-26 15:37:17,2026-08-26 15:37:16,80,998155149,2026-08-26 15:37:17,server,c3:00:00:13:3b:b7,ESP-01,c5e49b98-e62e-4cf0-b265-bec1e2512fb0,DIN2–BA-R6,,,Corredor,-84,Sala A,movimento,Corredor,True,Sala A,False,Sala A,False,False,Sala A,-67.0,-67.0,,Sala A,False,False,True,True
2026-08-26 15:37:17,2026-08-26 15:37:16,111,3242572198,2026-08-26 15:37:17,server,c3:00:00:13:3b:b7,ESP-02,91dac812-3616-4f22-a7ec-50cdaaf760fe,DIN2–BA-R6,,,Sala A,-48,Sala A,movimento,Sala A,True,Sala A,False,Sala A,False,False,Sala A,-57.5,-57.5,,Sala A,False,True,True,True
2026-08-26 15:37:19,2026-08-26 15:37:18,92,1242899341,2026-08-26 15:37:19,server,c3:00:00:13:3b:b7,ESP-03,3b486332-26da-4b60-ab99-f108cd6d3612,DIN2–BA-R6,,,Sala B,-90,Sala A,movimento,Sala B,True,Sala A,False,Sala A,False,False,Sala A,-48.0,-48.0,,Sala A,False,False,True,True
2026-08-26 15:37:20,2026-08-26 15:37:19,81,998155149,2026-08-26 15:37:20,server,c3:00:00:13:3b:b7,ESP-01,bcdf073d-a5cc-4243-bf5c-197c8dad4667,DIN2–BA-R6,,,Corredor,-89,Sala A,movimento,Corredor,True,Sala A,False,Sala A,False,False,Sala A,-48.0,-48.0,,Sala A,False,False,True,True
2026-08-26 15:37:21,2026-08-26 15:37:20,112,3242572198,2026-08-26 15:37:21,server,c3:00:00:13:3b:b7,ESP-02,90c2a14e-e8a8-44f5-967b-4f6c1191b36b,DIN2–BA-R6,,,Sala A,-49,Sala A,movimento,Sala A,True,Sala A,False,Sala A,False,False,Sala A,-49.0,-49.0,,Sala A,False,True,True,True
2026-08-26 15:37:23,2026-08-26 15:37:22,93,1242899341,2026-08-26 15:37:23,server,c3:00:00:13:3b:b7,ESP-03,d33ca8b5-a0f2-4b0f-8c9f-60f6d0c8060a,DIN2–BA-R6,,,Sala B,-84,Sala A,movimento,Sala B,True,Sala A,False,Sala A,False,False,Sala A,-49.0,-49.0,,Sala A,False,False,True,True
2026-08-26 15:37:24,2026-08-26 15:37:23,82,998155149,2026-08-26 15:37:24,server,c3:00:00:13:3b:b7,ESP-01,a7ab8ff2-d67a-4f60-8ebb-bdca321bf833,DIN2–BA-R6,,,Corredor,-78,Sala A,movimento,Corredor,True,Sala A,False,Sala A,False,False,Sala A,-49.0,-49.0,,Sala A,False,False,True,True
2026-08-26 15:38:41,2026-08-26 15:38:40,115,1242899341,2026-08-26 15:38:41,server,c3:00:00:13:3b:b7,ESP-03,75a339f1-236b-428e-837d-34bf6a994479,DIN2–BA-R7,,,Sala B,-49,Sala B,movimento,Sala B,True,Sala B,True,Sala B,True,False,Sala B,-49.0,,,,False,False,False,False
2026-08-26 15:38:42,2026-08-26 15:38:41,134,3242572198,2026-08-26 15:38:42,server,c3:00:00:13:3b:b7,ESP-02,da8a9c98-0641-47ad-bc84-32d2a64aa947,DIN2–BA-R7,,,Sala A,-82,Sala B,movimento,Sala A,True,Sala B,False,Sala B,False,False,Sala B,-49.0,-49.0,,Sala B,True,False,True,True
2026-08-26 15:38:43,2026-08-26 15:38:42,104,998155149,2026-08-26 15:38:43,server,c3:00:00:13:3b:b7,ESP-01,81a38519-7523-4e0a-8ef9-fa947999d05c,DIN2–BA-R7,,,Corredor,-85,Sala B,movimento,Corredor,True,Sala B,False,Sala B,False,False,Sala B,-49.0,-49.0,,Sala B,False,False,True,True
2026-08-26 15:38:45,2026-08-26 15:38:44,116,1242899341,2026-08-26 15:38:45,server,c3:00:00:13:3b:b7,ESP-03,feb75987-42e6-4f91-b287-b5b32c7db46f,DIN2–BA-R7,,,Sala B,-52,Sala B,movimento,Sala B,True,Sala B,False,Sala B,False,False,Sala B,-52.0,-52.0,,Sala B,False,True,True,True
2026-08-26 15:38:46,2026-08-26 15:38:45,135,3242572198,2026-08-26 15:38:46,server,c3:00:00:13:3b:b7,ESP-02,38325022-f380-47d5-a2cc-8241874355dd,DIN2–BA-R7,,,Sala A,-83,Sala B,movimento,Sala A,True,Sala B,False,Sala B,False,False,Sala B,-52.0,-52.0,,Sala B,False,False,True,True
2026-08-26 15:38:46,2026-08-26 15:38:45,105,998155149,2026-08-26 15:38:46,server,c3:00:00:13:3b:b7,ESP-01,f9f86eea-2ace-4c8e-adb4-4dc446e5d9f7,DIN2–BA-R7,,,Corredor,-84,Sala B,movimento,Corredor,True,Sala B,False,Sala B,False,False,Sala B,-52.0,-52.0,,Sala B,False,False,True,True
2026-08-26 15:38:48,2026-08-26 15:38:47,117,1242899341,2026-08-26 15:38:48,server,c3:00:00:13:3b:b7,ESP-03,2cfef3ac-0472-421b-a499-20729660119c,DIN2–BA-R7,,,Sala B,-76,Sala B,movimento,Sala B,True,Sala B,False,Sala B,False,False,Sala B,-64.0,-64.0,,Sala B,False,True,True,True
2026-08-26 15:38:49,2026-08-26 15:38:48,136,3242572198,2026-08-26 15:38:49,server,c3:00:00:13:3b:b7,ESP-02,78b9ee27-7fa8-4eb1-989c-4f1f4ffb5a78,DIN2–BA-R7,,,Sala A,-84,Sala B,movimento,Sala A,True,Sala B,False,Sala B,False,False,Sala B,-76.0,-76.0,,Sala B,False,False,True,True
2026-08-26 15:38:50,2026-08-26 15:38:49,106,998155149,2026-08-26 15:38:50,server,c3:00:00:13:3b:b7,ESP-01,2dd5e512-bcfa-4280-b494-f59adb8aabbe,DIN2–BA-R7,,,Corredor,-77,Sala B,movimento,Corredor,True,Sala B,False,Sala B,False,False,Sala B,-76.0,-76.0,,Sala B,False,False,True,True
2026-08-26 15:38:52,2026-08-26 15:38:51,118,1242899341,2026-08-26 15:38:52,server,c3:00:00:13:3b:b7,ESP-03,260e9e4b-785a-4456-954e-24c5fb601b39,DIN2–BA-R7,,,Sala B,-66,Sala B,movimento,Sala B,True,Sala B,False,Sala B,False,False,Sala B,-66.0,-66.0,,Sala B,False,True,True,True
2026-08-26 15:38:53,2026-08-26 15:38:52,137,3242572198,2026-08-26 15:38:53,server,c3:00:00:13:3b:b7,ESP-02,4a2d07a0-7638-4391-9b61-69702c2eb048,DIN2–BA-R7,,,Sala A,-95,Sala B,movimento,Sala A,True,Sala B,False,Sala B,False,False,Sala B,-66.0,-66.0,,Sala B,False,False,True,True
2026-08-26 15:38:53,2026-08-26 15:38:52,107,998155149,2026-08-26 15:38:53,server,c3:00:00:13:3b:b7,ESP-01,1b61b9f6-734e-46d8-9b95-77b41b91b2b0,DIN2–BA-R7,,,Corredor,-74,Sala B,movimento,Corredor,True,Sala B,False,Sala B,False,False,Sala B,-66.0,-66.0,,Sala B,False,False,True,True
2026-08-26 15:38:56,2026-08-26 15:38:55,119,1242899341,2026-08-26 15:38:56,server,c3:00:00:13:3b:b7,ESP-03,370e5749-6f6a-42ce-bc23-752d188f4b91,DIN2–BA-R7,,,Sala B,-65,Sala B,movimento,Sala B,True,Sala B,False,Sala B,False,False,Sala B,-65.0,-65.0,,Sala B,False,True,True,True
2026-08-26 15:38:56,2026-08-26 15:38:55,138,3242572198,2026-08-26 15:38:56,server,c3:00:00:13:3b:b7,ESP-02,74efb12f-84f3-497d-b4e2-d79411c60a42,DIN2–BA-R7,,,Sala A,-87,Sala B,movimento,Sala A,True,Sala B,False,Sala B,False,False,Sala B,-65.0,-65.0,,Sala B,False,False,True,True
2026-08-26 15:38:57,2026-08-26 15:38:56,108,998155149,2026-08-26 15:38:57,server,c3:00:00:13:3b:b7,ESP-01,3168b2ac-befb-45ef-ab78-915530a7800f,DIN2–BA-R7,,,Corredor,-74,Sala B,movimento,Corredor,True,Sala B,False,Sala B,False,False,Sala B,-65.0,-65.0,,Sala B,False,False,True,True
2026-08-26 15:38:59,2026-08-26 15:38:58,120,1242899341,2026-08-26 15:38:59,server,c3:00:00:13:3b:b7,ESP-03,a23ea0b1-9b23-4f7c-8e0d-d0e41e5a98ad,DIN2–BA-R7,,,Sala B,-71,Sala B,movimento,Sala B,True,Sala B,False,Sala B,False,False,Sala B,-68.0,-68.0,,Sala B,False,True,True,True
2026-08-26 15:39:03,2026-08-26 15:39:02,121,1242899341,2026-08-26 15:39:03,server,c3:00:00:13:3b:b7,ESP-03,223cc365-c06e-4847-a56f-a2fedbe58c1a,DIN2–BA-R7,,,Sala B,-69,Sala B,movimento,Sala B,False,Sala B,False,Sala B,False,False,Sala B,-69.0,-69.0,,Sala B,False,True,True,True
2026-08-26 15:39:04,2026-08-26 15:39:03,140,3242572198,2026-08-26 15:39:04,server,c3:00:00:13:3b:b7,ESP-02,efc44db2-807c-42b9-8da4-95451167a10e,DIN2–BA-R7,,,Sala A,-89,Corredor,movimento,Sala A,True,Sala B,False,Sala B,False,False,Sala B,-69.0,-69.0,,Sala B,False,False,True,True
2026-08-26 15:39:04,2026-08-26 15:39:03,110,998155149,2026-08-26 15:39:04,server,c3:00:00:13:3b:b7,ESP-01,54e1c1af-8ac2-492c-b1cb-6e20f8b579f6,DIN2–BA-R7,,,Corredor,-74,Corredor,movimento,Corredor,True,Sala B,False,Sala B,False,False,Sala B,-69.0,-69.0,,Sala B,False,False,True,True
2026-08-26 15:39:06,2026-08-26 15:39:05,122,1242899341,2026-08-26 15:39:06,server,c3:00:00:13:3b:b7,ESP-03,4c35f014-673a-4235-a324-9e4117656301,DIN2–BA-R7,,,Sala B,-80,Corredor,movimento,Sala B,True,Corredor,True,Sala B,False,True,Corredor,-74.0,-74.5,0.5,Sala B,False,True,False,True
2026-08-26 15:39:07,2026-08-26 15:39:06,141,3242572198,2026-08-26 15:39:07,server,c3:00:00:13:3b:b7,ESP-02,c11d39a6-397a-4c11-8b83-528b91301e94,DIN2–BA-R7,,,Sala A,-78,Corredor,movimento,Sala A,True,Corredor,False,Corredor,True,False,Corredor,-74.0,-80.0,6.0,Sala B,False,False,False,False
2026-08-26 15:39:08,2026-08-26 15:39:07,111,998155149,2026-08-26 15:39:08,server,c3:00:00:13:3b:b7,ESP-01,dbfc0687-ff25-4ffe-8868-0b0438c6d245,DIN2–BA-R7,,,Corredor,-63,Corredor,movimento,Corredor,True,Corredor,False,Corredor,False,False,Corredor,-63.0,-63.0,,Corredor,True,True,True,True
2026-08-26 15:39:10,2026-08-26 15:39:09,123,1242899341,2026-08-26 15:39:10,server,c3:00:00:13:3b:b7,ESP-03,d3169d24-d6a9-4fc6-8b2e-023b6479863f,DIN2–BA-R7,,,Sala B,-89,Sala A,movimento,Sala B,True,Corredor,False,Corredor,False,False,Corredor,-63.0,-63.0,,Corredor,False,False,True,True
2026-08-26 15:39:11,2026-08-26 15:39:10,142,3242572198,2026-08-26 15:39:11,server,c3:00:00:13:3b:b7,ESP-02,623c35e9-eb3c-485c-b99a-2096a98c65a6,DIN2–BA-R7,,,Sala A,-66,Sala A,movimento,Sala A,True,Corredor,False,Corredor,False,False,Corredor,-63.0,-63.0,,Corredor,False,False,True,True
2026-08-26 15:39:11,2026-08-26 15:39:10,112,998155149,2026-08-26 15:39:11,server,c3:00:00:13:3b:b7,ESP-01,197d3bae-0753-4662-91bd-021b7b267a3c,DIN2–BA-R7,,,Corredor,-86,Sala A,movimento,Corredor,True,Sala A,True,Sala A,True,False,Sala A,-66.0,-74.5,8.5,Corredor,False,True,False,False
2026-08-26 15:39:13,2026-08-26 15:39:12,124,1242899341,2026-08-26 15:39:13,server,c3:00:00:13:3b:b7,ESP-03,38e56d9e-6aa4-4bd7-b4e7-66a5f4069eaa,DIN2–BA-R7,,,Sala B,-84,Sala A,movimento,Sala B,True,Sala A,False,Sala A,False,False,Sala A,-66.0,-66.0,,Sala A,True,False,True,True
2026-08-26 15:39:14,2026-08-26 15:39:13,143,3242572198,2026-08-26 15:39:14,server,c3:00:00:13:3b:b7,ESP-02,0fa1ed68-5f24-403d-ac52-40affd26afad,DIN2–BA-R7,,,Sala A,-58,Sala A,movimento,Sala A,True,Sala A,False,Sala A,False,False,Sala A,-62.0,-62.0,,Sala A,False,True,True,True
2026-08-26 15:39:15,2026-08-26 15:39:14,113,998155149,2026-08-26 15:39:15,server,c3:00:00:13:3b:b7,ESP-01,e42ee544-3932-404f-b630-c2c37fd9b059,DIN2–BA-R7,,,Corredor,-82,Sala A,movimento,Corredor,True,Sala A,False,Sala A,False,False,Sala A,-58.0,-58.0,,Sala A,False,False,True,True
2026-08-26 15:39:17,2026-08-26 15:39:16,125,1242899341,2026-08-26 15:39:17,server,c3:00:00:13:3b:b7,ESP-03,557ea67a-7475-4d8e-b551-fad40802215a,DIN2–BA-R7,,,Sala B,-89,Sala A,movimento,Sala B,True,Sala A,False,Sala A,False,False,Sala A,-58.0,-58.0,,Sala A,False,False,True,True
2026-08-26 15:39:18,2026-08-26 15:39:17,144,3242572198,2026-08-26 15:39:18,server,c3:00:00:13:3b:b7,ESP-02,5eea0f47-e4f3-4a9d-8baa-25a0bd190fda,DIN2–BA-R7,,,Sala A,-76,Sala A,movimento,Sala A,True,Sala A,False,Sala A,False,False,Sala A,-76.0,-76.0,,Sala A,False,True,True,True
2026-08-26 15:39:18,2026-08-26 15:39:17,114,998155149,2026-08-26 15:39:18,server,c3:00:00:13:3b:b7,ESP-01,5f15bf8f-f5ce-4cf9-8bd0-681d842b459b,DIN2–BA-R7,,,Corredor,-97,Sala A,movimento,Corredor,True,Sala A,False,Sala A,False,False,Sala A,-76.0,-76.0,,Sala A,False,False,True,True
2026-08-26 15:39:21,2026-08-26 15:39:20,126,1242899341,2026-08-26 15:39:21,server,c3:00:00:13:3b:b7,ESP-03,d4c2526b-e1ca-4e8e-af6e-35c952379923,DIN2–BA-R7,,,Sala B,-84,Sala A,movimento,Sala B,True,Sala A,False,Sala A,False,False,Sala A,-76.0,-76.0,,Sala A,False,False,True,True
2026-08-26 15:39:22,2026-08-26 15:39:21,145,3242572198,2026-08-26 15:39:22,server,c3:00:00:13:3b:b7,ESP-02,3b667ae5-c852-43fd-b91c-645817d5cfb6,DIN2–BA-R7,,,Sala A,-68,Sala A,movimento,Sala A,True,Sala A,False,Sala A,False,False,Sala A,-68.0,-68.0,,Sala A,False,True,True,True
2026-08-26 15:39:22,2026-08-26 15:39:21,115,998155149,2026-08-26 15:39:22,server,c3:00:00:13:3b:b7,ESP-01,366a5910-d462-48d0-a57a-07ecd5186353,DIN2–BA-R7,,,Corredor,-88,Sala A,movimento,Corredor,True,Sala A,False,Sala A,False,False,Sala A,-68.0,-68.0,,Sala A,False,False,True,True
2026-08-26 15:39:24,2026-08-26 15:39:23,127,1242899341,2026-08-26 15:39:24,server,c3:00:00:13:3b:b7,ESP-03,10f8ccbe-af78-4f61-a2ac-f07bfcc1bc39,DIN2–BA-R7,,,Sala B,-83,Sala A,movimento,Sala B,True,Sala A,False,Sala A,False,False,Sala A,-68.0,-68.0,,Sala A,False,False,True,True
2026-08-26 15:39:25,2026-08-26 15:39:24,146,3242572198,2026-08-26 15:39:25,server,c3:00:00:13:3b:b7,ESP-02,2f4269c4-10d5-4cab-a85c-449abf85bbf7,DIN2–BA-R7,,,Sala A,-50,Sala A,movimento,Sala A,True,Sala A,False,Sala A,False,False,Sala A,-59.0,-59.0,,Sala A,False,True,True,True
2026-08-26 15:39:26,2026-08-26 15:39:25,116,998155149,2026-08-26 15:39:26,server,c3:00:00:13:3b:b7,ESP-01,13167895-d8c7-4a53-998b-bcbd7bf83da7,DIN2–BA-R7,,,Corredor,-93,Sala A,movimento,Corredor,True,Sala A,False,Sala A,False,False,Sala A,-50.0,-50.0,,Sala A,False,False,True,True
2026-08-26 15:39:27,2026-08-26 15:39:26,128,1242899341,2026-08-26 15:39:27,server,c3:00:00:13:3b:b7,ESP-03,3f000601-470d-4fcf-8520-f22dbb41c488,DIN2–BA-R7,,,Sala B,-97,Sala A,movimento,Sala B,True,Sala A,False,Sala A,False,False,Sala A,-50.0,-50.0,,Sala A,False,False,True,True
2026-08-26 15:52:19,2026-08-26 15:52:18,331,998155149,2026-08-26 15:52:19,server,c3:00:00:13:3b:b7,ESP-01,9ed69237-163d-45e7-98bc-8acea063baa6,DIN2–BA-R8,,,Corredor,-90,Sala B,movimento,Corredor,True,Corredor,True,Corredor,True,False,Corredor,-90.0,,,,False,False,False,False
2026-08-26 15:52:19,2026-08-26 15:52:18,342,1242899341,2026-08-26 15:52:19,server,c3:00:00:13:3b:b7,ESP-03,480c201d-cbf7-4ad7-aa42-784978dae71d,DIN2–BA-R8,,,Sala B,-62,Sala B,movimento,Sala B,True,Sala B,True,Sala B,True,False,Sala B,-62.0,-90.0,28.0,,False,False,False,False
2026-08-26 15:52:20,2026-08-26 15:52:19,337,3242572198,2026-08-26 15:52:20,server,c3:00:00:13:3b:b7,ESP-02,cdd810ad-1273-49b9-b5cf-c1e35f97974e,DIN2–BA-R8,,,Sala A,-88,Sala B,movimento,Sala A,True,Sala B,False,Sala B,False,False,Sala B,-62.0,-62.0,,Sala B,True,False,True,True
2026-08-26 15:52:22,2026-08-26 15:52:21,332,998155149,2026-08-26 15:52:22,server,c3:00:00:13:3b:b7,ESP-01,e8e9eb1f-8a63-49a0-b93b-c6202ddce0d5,DIN2–BA-R8,,,Corredor,-90,Sala B,movimento,Corredor,True,Sala B,False,Sala B,False,False,Sala B,-62.0,-62.0,,Sala B,False,False,True,True
2026-08-26 15:52:23,2026-08-26 15:52:22,343,1242899341,2026-08-26 15:52:23,server,c3:00:00:13:3b:b7,ESP-03,298e7ec4-d859-47a2-b21a-078a8dabb739,DIN2–BA-R8,,,Sala B,-51,Sala B,movimento,Sala B,True,Sala B,False,Sala B,False,False,Sala B,-51.0,-51.0,,Sala B,False,True,True,True
2026-08-26 15:52:24,2026-08-26 15:52:22,338,3242572198,2026-08-26 15:52:24,server,c3:00:00:13:3b:b7,ESP-02,12f6ce60-5529-4b24-a95e-9c2744768733,DIN2–BA-R8,,,Sala A,-101,Sala B,movimento,Sala A,True,Sala B,False,Sala B,False,False,Sala B,-51.0,-51.0,,Sala B,False,False,True,True
2026-08-26 15:52:26,2026-08-26 15:52:25,333,998155149,2026-08-26 15:52:26,server,c3:00:00:13:3b:b7,ESP-01,b2e6c3f6-3ae0-4d1d-a8b3-aeb823caa8c5,DIN2–BA-R8,,,Corredor,-104,Sala B,movimento,Corredor,True,Sala B,False,Sala B,False,False,Sala B,-51.0,-51.0,,Sala B,False,False,True,True
2026-08-26 15:52:26,2026-08-26 15:52:25,344,1242899341,2026-08-26 15:52:26,server,c3:00:00:13:3b:b7,ESP-03,c7745107-04b2-40a5-91c2-cf3cd7d47f70,DIN2–BA-R8,,,Sala B,-66,Sala B,movimento,Sala B,True,Sala B,False,Sala B,False,False,Sala B,-58.5,-58.5,,Sala B,False,True,True,True
2026-08-26 15:52:27,2026-08-26 15:52:26,339,3242572198,2026-08-26 15:52:27,server,c3:00:00:13:3b:b7,ESP-02,9dddb5c5-e8b7-4908-ae7c-a6a597068d41,DIN2–BA-R8,,,Sala A,-86,Sala B,movimento,Sala A,True,Sala B,False,Sala B,False,False,Sala B,-66.0,-66.0,,Sala B,False,False,True,True
2026-08-26 15:52:30,2026-08-26 15:52:29,334,998155149,2026-08-26 15:52:30,server,c3:00:00:13:3b:b7,ESP-01,57b1007c-ab29-4862-b45f-a48f82ed4921,DIN2–BA-R8,,,Corredor,-91,Sala B,movimento,Corredor,True,Sala A,True,Sala A,True,False,Sala A,-86.0,,,Sala B,False,False,False,False
2026-08-26 15:52:30,2026-08-26 15:52:29,345,1242899341,2026-08-26 15:52:30,server,c3:00:00:13:3b:b7,ESP-03,4b1f30e5-17de-4b7c-8d46-3abeb90bc53a,DIN2–BA-R8,,,Sala B,-78,Sala B,movimento,Sala B,True,Sala B,True,Sala B,True,False,Sala B,-78.0,-86.0,8.0,Sala B,False,True,True,True
2026-08-26 15:52:33,2026-08-26 15:52:32,335,998155149,2026-08-26 15:52:33,server,c3:00:00:13:3b:b7,ESP-01,30b70400-1e5a-4e9f-a427-73f53d486f35,DIN2–BA-R8,,,Corredor,-77,Sala B,movimento,Corredor,True,Sala B,False,Sala B,False,False,Sala B,-78.0,-78.0,,Sala B,False,False,True,True
2026-08-26 15:52:34,2026-08-26 15:52:33,346,1242899341,2026-08-26 15:52:34,server,c3:00:00:13:3b:b7,ESP-03,eb88acfd-52c2-4c8b-9659-9f0330b7980d,DIN2–BA-R8,,,Sala B,-79,Sala B,movimento,Sala B,True,Corredor,True,Sala B,False,True,Corredor,-77.0,-79.0,2.0,Sala B,False,True,False,True
2026-08-26 15:52:37,2026-08-26 15:52:36,336,998155149,2026-08-26 15:52:37,server,c3:00:00:13:3b:b7,ESP-01,64fd17b1-9674-4a10-b211-adfd73efdabd,DIN2–BA-R8,,,Corredor,-75,Sala B,movimento,Corredor,True,Corredor,False,Sala B,False,True,Corredor,-75.0,-79.0,4.0,Sala B,False,False,False,True
2026-08-26 15:52:37,2026-08-26 15:52:36,347,1242899341,2026-08-26 15:52:37,server,c3:00:00:13:3b:b7,ESP-03,72e950ce-2a9d-43f9-af75-9ec2a9fcb1cf,DIN2–BA-R8,,,Sala B,-77,Sala B,movimento,Sala B,True,Corredor,False,Sala B,False,True,Corredor,-75.0,-78.0,3.0,Sala B,False,True,False,True
2026-08-26 15:52:37,2026-08-26 15:52:36,341,3242572198,2026-08-26 15:52:37,server,c3:00:00:13:3b:b7,ESP-02,e20b5a7a-409c-41d9-a046-a3ad62d28923,DIN2–BA-R8,,,Sala A,-99,Sala B,movimento,Sala A,True,Corredor,False,Sala B,False,True,Corredor,-75.0,-78.0,3.0,Sala B,False,False,False,True
2026-08-26 15:52:41,2026-08-26 15:52:40,348,1242899341,2026-08-26 15:52:41,server,c3:00:00:13:3b:b7,ESP-03,980f3f58-ec7b-48c9-8fe9-4e062c571fea,DIN2–BA-R8,,,Sala B,-67,Corredor,movimento,Sala B,True,Sala B,True,Sala B,False,False,Sala B,-67.0,-67.0,,Sala B,False,True,True,True
2026-08-26 15:52:41,2026-08-26 15:52:40,342,3242572198,2026-08-26 15:52:41,server,c3:00:00:13:3b:b7,ESP-02,d0eaa82b-de99-4a7b-a70e-f80fd7e9c960,DIN2–BA-R8,,,Sala A,-89,Corredor,movimento,Sala A,True,Sala B,False,Sala B,False,False,Sala B,-67.0,-67.0,,Sala B,False,False,True,True
2026-08-26 15:52:44,2026-08-26 15:52:43,338,998155149,2026-08-26 15:52:44,server,c3:00:00:13:3b:b7,ESP-01,5c1bfe17-2644-4aa2-96c3-e5825ac2499a,DIN2–BA-R8,,,Corredor,-57,Corredor,movimento,Corredor,True,Corredor,True,Corredor,True,False,Corredor,-57.0,-67.0,10.0,Sala B,False,False,False,False
2026-08-26 15:52:44,2026-08-26 15:52:43,349,1242899341,2026-08-26 15:52:44,server,c3:00:00:13:3b:b7,ESP-03,7c162bbd-ba33-4d48-bc9d-596a7da73db1,DIN2–BA-R8,,,Sala B,-76,Corredor,movimento,Sala B,True,Corredor,False,Corredor,False,False,Corredor,-57.0,-57.0,,Corredor,True,False,True,True
2026-08-26 15:52:47,2026-08-26 15:52:43,343,3242572198,2026-08-26 15:52:47,server,c3:00:00:13:3b:b7,ESP-02,79e7e10e-fd4f-41d4-924c-d381ad767b67,DIN2–BA-R8,,,Sala A,-85,Sala A,movimento,Sala A,True,Corredor,False,Corredor,False,False,Corredor,-57.0,-57.0,,Corredor,False,False,True,True
2026-08-26 15:52:47,2026-08-26 15:52:46,339,998155149,2026-08-26 15:52:47,server,c3:00:00:13:3b:b7,ESP-01,1463797d-adba-4d59-bd40-e3d73985b4cb,DIN2–BA-R8,,,Corredor,-50,Sala A,movimento,Corredor,True,Corredor,False,Corredor,False,False,Corredor,-53.5,-53.5,,Corredor,False,True,True,True
2026-08-26 15:52:47,2026-08-26 15:52:46,350,1242899341,2026-08-26 15:52:47,server,c3:00:00:13:3b:b7,ESP-03,404be626-0436-4ce1-addf-aafa78366994,DIN2–BA-R8,,,Sala B,-80,Sala A,movimento,Sala B,True,Corredor,False,Corredor,False,False,Corredor,-53.5,-53.5,,Corredor,False,False,True,True
2026-08-26 15:52:51,2026-08-26 15:52:50,344,3242572198,2026-08-26 15:52:51,server,c3:00:00:13:3b:b7,ESP-02,d6101d15-e226-4b00-b8e4-ef2802c6ca89,DIN2–BA-R8,,,Sala A,-66,Sala A,movimento,Sala A,True,Sala A,True,Sala A,True,False,Sala A,-66.0,,,Corredor,False,False,False,False
2026-08-26 15:52:51,2026-08-26 15:52:50,340,998155149,2026-08-26 15:52:51,server,c3:00:00:13:3b:b7,ESP-01,8bc36991-aef1-4563-aca2-cc21eefcb963,DIN2–BA-R8,,,Corredor,-70,Sala A,movimento,Corredor,True,Sala A,False,Sala A,False,False,Sala A,-66.0,-66.0,,Sala A,True,False,True,True
2026-08-26 15:52:51,2026-08-26 15:52:50,351,1242899341,2026-08-26 15:52:51,server,c3:00:00:13:3b:b7,ESP-03,4db91473-301e-4072-ae56-083edf3c988a,DIN2–BA-R8,,,Sala B,-78,Sala A,movimento,Sala B,True,Sala A,False,Sala A,False,False,Sala A,-66.0,-66.0,,Sala A,False,False,True,True
2026-08-26 15:52:55,2026-08-26 15:52:54,341,998155149,2026-08-26 15:52:55,server,c3:00:00:13:3b:b7,ESP-01,73af605d-5dde-4b8d-b6fc-2eaa7d140eee,DIN2–BA-R8,,,Corredor,-79,Sala A,movimento,Corredor,True,Corredor,True,Corredor,True,False,Corredor,-79.0,,,Sala A,False,False,False,False
2026-08-26 15:52:55,2026-08-26 15:52:54,352,1242899341,2026-08-26 15:52:55,server,c3:00:00:13:3b:b7,ESP-03,91b45679-8a3a-43b2-9140-f36908bed076,DIN2–BA-R8,,,Sala B,-73,Sala A,movimento,Sala B,True,Sala B,True,Sala B,True,False,Sala B,-73.0,-79.0,6.0,Sala A,False,False,False,False
2026-08-26 15:52:57,2026-08-26 15:52:53,345,3242572198,2026-08-26 15:52:57,server,c3:00:00:13:3b:b7,ESP-02,12e99780-260d-4643-a4d9-ccffb574b1e3,DIN2–BA-R8,,,Sala A,-61,Sala A,movimento,Sala A,True,Sala A,True,Sala A,True,False,Sala A,-61.0,-73.0,12.0,Sala A,False,True,True,True
2026-08-26 15:52:58,2026-08-26 15:52:57,342,998155149,2026-08-26 15:52:58,server,c3:00:00:13:3b:b7,ESP-01,023fd498-56e7-4e26-891c-33c7f8aecd72,DIN2–BA-R8,,,Corredor,-78,Sala A,movimento,Corredor,True,Sala A,False,Sala A,False,False,Sala A,-61.0,-61.0,,Sala A,False,False,True,True
2026-08-26 15:52:58,2026-08-26 15:52:57,353,1242899341,2026-08-26 15:52:58,server,c3:00:00:13:3b:b7,ESP-03,7dc19cf0-ade3-4e14-a85a-bf3995ec2d80,DIN2–BA-R8,,,Sala B,-92,Sala A,movimento,Sala B,True,Sala A,False,Sala A,False,False,Sala A,-61.0,-61.0,,Sala A,False,False,True,True
2026-08-26 15:53:00,2026-08-26 15:52:59,346,3242572198,2026-08-26 15:53:00,server,c3:00:00:13:3b:b7,ESP-02,2bd17cb7-426e-49cf-b0b3-d1c86625ec49,DIN2–BA-R8,,,Sala A,-53,Sala A,movimento,Sala A,True,Sala A,False,Sala A,False,False,Sala A,-57.0,-57.0,,Sala A,False,True,True,True
2026-08-26 15:53:02,2026-08-26 15:53:01,343,998155149,2026-08-26 15:53:02,server,c3:00:00:13:3b:b7,ESP-01,77b0f099-6aa8-4ed4-bd08-8657c2f99639,DIN2–BA-R8,,,Corredor,-73,Sala A,movimento,Corredor,True,Sala A,False,Sala A,False,False,Sala A,-53.0,-53.0,,Sala A,False,False,True,True
2026-08-26 15:55:04,2026-08-26 15:55:03,377,998155149,2026-08-26 15:55:04,server,c3:00:00:13:3b:b7,ESP-01,3bac86db-0613-4d10-806f-a6de52842b03,DIN2–BA-R9,,,Corredor,-86,,,Corredor,True,Corredor,True,Corredor,True,False,Corredor,-86.0,,,,False,False,False,False
2026-08-26 15:55:04,2026-08-26 15:55:00,367,3242572198,2026-08-26 15:55:04,server,c3:00:00:13:3b:b7,ESP-02,40486f41-2814-4f30-b0a0-5574bbe09dac,DIN2–BA-R9,,,Sala A,-91,,,Sala A,True,Corredor,False,Corredor,False,False,Corredor,-86.0,-86.0,,Corredor,True,False,True,True
2026-08-26 15:55:06,2026-08-26 15:55:05,388,1242899341,2026-08-26 15:55:06,server,c3:00:00:13:3b:b7,ESP-03,a68fc2c4-8c1b-41cc-a583-27b0a4b67dc7,DIN2–BA-R9,,,Sala B,-51,Sala B,movimento,Sala B,True,Sala B,True,Sala B,True,False,Sala B,-51.0,-86.0,35.0,Corredor,False,False,False,False
2026-08-26 15:55:07,2026-08-26 15:55:06,378,998155149,2026-08-26 15:55:07,server,c3:00:00:13:3b:b7,ESP-01,2f63d512-e095-46da-ad6c-1e2b444492dd,DIN2–BA-R9,,,Corredor,-93,Sala B,movimento,Corredor,True,Sala B,False,Sala B,False,False,Sala B,-51.0,-51.0,,Sala B,True,False,True,True
2026-08-26 15:55:08,2026-08-26 15:55:07,368,3242572198,2026-08-26 15:55:08,server,c3:00:00:13:3b:b7,ESP-02,10c20e1f-c4e3-413f-9416-9aa53f18f4a9,DIN2–BA-R9,,,Sala A,-91,Sala B,movimento,Sala A,True,Sala B,False,Sala B,False,False,Sala B,-51.0,-51.0,,Sala B,False,False,True,True
2026-08-26 15:55:09,2026-08-26 15:55:08,389,1242899341,2026-08-26 15:55:09,server,c3:00:00:13:3b:b7,ESP-03,07cc8625-4682-4639-be68-e667a569200c,DIN2–BA-R9,,,Sala B,-63,Sala B,movimento,Sala B,True,Sala B,False,Sala B,False,False,Sala B,-57.0,-57.0,,Sala B,False,True,True,True
2026-08-26 15:55:11,2026-08-26 15:55:10,379,998155149,2026-08-26 15:55:11,server,c3:00:00:13:3b:b7,ESP-01,cb09e1be-28d4-48ca-8e93-4193a817ab39,DIN2–BA-R9,,,Corredor,-85,Sala B,movimento,Corredor,True,Sala B,False,Sala B,False,False,Sala B,-63.0,-63.0,,Sala B,False,False,True,True
2026-08-26 15:55:13,2026-08-26 15:55:12,390,1242899341,2026-08-26 15:55:13,server,c3:00:00:13:3b:b7,ESP-03,b219c121-8bf1-4849-b298-2901b4fec5a9,DIN2–BA-R9,,,Sala B,-62,Sala B,movimento,Sala B,True,Sala B,False,Sala B,False,False,Sala B,-62.0,-62.0,,Sala B,False,True,True,True
2026-08-26 15:55:14,2026-08-26 15:55:13,380,998155149,2026-08-26 15:55:14,server,c3:00:00:13:3b:b7,ESP-01,a62252cb-380d-44f9-b24b-5938c85df265,DIN2–BA-R9,,,Corredor,-76,Sala B,movimento,Corredor,True,Sala B,False,Sala B,False,False,Sala B,-62.0,-62.0,,Sala B,False,False,True,True
2026-08-26 15:55:16,2026-08-26 15:55:15,391,1242899341,2026-08-26 15:55:16,server,c3:00:00:13:3b:b7,ESP-03,84ff83c1-8cf6-4b67-895a-1af321f534e4,DIN2–BA-R9,,,Sala B,-56,Sala B,movimento,Sala B,True,Sala B,False,Sala B,False,False,Sala B,-59.0,-59.0,,Sala B,False,True,True,True
2026-08-26 15:55:17,2026-08-26 15:55:10,369,3242572198,2026-08-26 15:55:17,server,c3:00:00:13:3b:b7,ESP-02,c36ed120-e58c-4c40-8a6d-4a9b8fb90d0e,DIN2–BA-R9,,,Sala A,-89,Sala B,movimento,Sala A,True,Sala B,False,Sala B,False,False,Sala B,-56.0,-56.0,,Sala B,False,False,True,True
2026-08-26 15:55:18,2026-08-26 15:55:17,381,998155149,2026-08-26 15:55:18,server,c3:00:00:13:3b:b7,ESP-01,a057cac2-7f74-41b6-bde0-1e5fa7823700,DIN2–BA-R9,,,Corredor,-77,Sala B,movimento,Corredor,True,Sala B,False,Sala B,False,False,Sala B,-56.0,-56.0,,Sala B,False,False,True,True
2026-08-26 15:55:20,2026-08-26 15:55:18,370,3242572198,2026-08-26 15:55:20,server,c3:00:00:13:3b:b7,ESP-02,818a34c0-27fc-4d89-aed8-4e1330e7c64d,DIN2–BA-R9,,,Sala A,-83,Sala B,movimento,Sala A,True,Corredor,True,Corredor,True,False,Corredor,-77.0,,,Sala B,False,False,False,False
2026-08-26 15:55:20,2026-08-26 15:55:19,392,1242899341,2026-08-26 15:55:20,server,c3:00:00:13:3b:b7,ESP-03,7ce2e134-53d7-4644-b32d-45171ec133c8,DIN2–BA-R9,,,Sala B,-66,Sala B,movimento,Sala B,True,Sala B,True,Sala B,True,False,Sala B,-66.0,-77.0,11.0,Sala B,False,True,True,True
2026-08-26 15:55:22,2026-08-26 15:55:21,382,998155149,2026-08-26 15:55:22,server,c3:00:00:13:3b:b7,ESP-01,6ee85d6e-b7b5-4546-ab31-47db41dad664,DIN2–BA-R9,,,Corredor,-85,Sala B,movimento,Corredor,True,Sala B,False,Sala B,False,False,Sala B,-66.0,-66.0,,Sala B,False,False,True,True
2026-08-26 15:55:24,2026-08-26 15:55:23,393,1242899341,2026-08-26 15:55:24,server,c3:00:00:13:3b:b7,ESP-03,bac2d388-3511-40d5-9146-fd223d3fd9d7,DIN2–BA-R9,,,Sala B,-65,Corredor,movimento,Sala B,True,Sala B,False,Sala B,False,False,Sala B,-65.0,-65.0,,Sala B,False,True,True,True
2026-08-26 15:55:24,2026-08-26 15:55:22,371,3242572198,2026-08-26 15:55:24,server,c3:00:00:13:3b:b7,ESP-02,292bdc47-4974-44ae-92ca-def2cd4cee30,DIN2–BA-R9,,,Sala A,-88,Corredor,movimento,Sala A,True,Sala B,False,Sala B,False,False,Sala B,-65.0,-65.0,,Sala B,False,False,True,True
2026-08-26 15:55:25,2026-08-26 15:55:24,383,998155149,2026-08-26 15:55:25,server,c3:00:00:13:3b:b7,ESP-01,93837aa7-3330-4987-90ed-4a448d81ce10,DIN2–BA-R9,,,Corredor,-81,Corredor,movimento,Corredor,True,Sala B,False,Sala B,False,False,Sala B,-65.0,-65.0,,Sala B,False,False,True,True
2026-08-26 15:55:29,2026-08-26 15:55:28,384,998155149,2026-08-26 15:55:29,server,c3:00:00:13:3b:b7,ESP-01,1446c560-4f4a-4215-86b3-221789d7f5f0,DIN2–BA-R9,,,Corredor,-55,Corredor,movimento,Corredor,False,Corredor,True,Corredor,True,False,Corredor,-55.0,,,Sala B,False,False,False,False
2026-08-26 15:55:29,2026-08-26 15:55:26,394,1242899341,2026-08-26 15:55:29,server,c3:00:00:13:3b:b7,ESP-03,88e01bc2-9263-4e92-a29a-1dcec0c844a0,DIN2–BA-R9,,,Sala B,-94,Corredor,movimento,Sala B,True,Corredor,False,Corredor,False,False,Corredor,-55.0,-55.0,,Corredor,True,False,True,True
2026-08-26 15:55:32,2026-08-26 15:55:31,385,998155149,2026-08-26 15:55:32,server,c3:00:00:13:3b:b7,ESP-01,64fc6dec-d820-4039-b9b7-dce20aac2844,DIN2–BA-R9,,,Corredor,-82,Sala A,movimento,Corredor,True,Corredor,False,Corredor,False,False,Corredor,-68.5,-68.5,,Corredor,False,True,True,True
2026-08-26 15:55:33,2026-08-26 15:55:32,395,1242899341,2026-08-26 15:55:33,server,c3:00:00:13:3b:b7,ESP-03,8e91077e-bbc8-457d-8455-464bd86a62f7,DIN2–BA-R9,,,Sala B,-83,Sala A,movimento,Sala B,True,Corredor,False,Corredor,False,False,Corredor,-82.0,-82.0,,Corredor,False,False,True,True
2026-08-26 15:55:36,2026-08-26 15:55:35,386,998155149,2026-08-26 15:55:36,server,c3:00:00:13:3b:b7,ESP-01,03d6b2ae-ea2e-44e2-99ff-48faa8731f13,DIN2–BA-R9,,,Corredor,-84,Sala A,movimento,Corredor,True,Sala B,True,Corredor,False,True,Sala B,-83.0,-84.0,1.0,Corredor,False,True,False,True
2026-08-26 15:55:36,2026-08-26 15:55:35,396,1242899341,2026-08-26 15:55:36,server,c3:00:00:13:3b:b7,ESP-03,bd481dec-96e3-4e5c-ad1a-30ab64f52702,DIN2–BA-R9,,,Sala B,-87,Sala A,movimento,Sala B,True,Corredor,True,Corredor,False,False,Corredor,-84.0,-84.0,,Corredor,False,False,True,True
2026-08-26 15:55:39,2026-08-26 15:55:38,387,998155149,2026-08-26 15:55:39,server,c3:00:00:13:3b:b7,ESP-01,d7fe9bb7-0e66-4fe5-a0a5-fb1a16e78dfd,DIN2–BA-R9,,,Corredor,-73,Sala A,movimento,Corredor,True,Corredor,False,Corredor,False,False,Corredor,-78.5,-78.5,,Corredor,False,True,True,True
2026-08-26 15:55:40,2026-08-26 15:55:39,397,1242899341,2026-08-26 15:55:40,server,c3:00:00:13:3b:b7,ESP-03,8feded42-c9d5-4c7e-83c8-14f0d857988a,DIN2–BA-R9,,,Sala B,-94,Sala A,movimento,Sala B,True,Corredor,False,Corredor,False,False,Corredor,-73.0,-73.0,,Corredor,False,False,True,True
2026-08-26 15:55:43,2026-08-26 15:55:42,388,998155149,2026-08-26 15:55:43,server,c3:00:00:13:3b:b7,ESP-01,3eb584a0-df0f-4de2-95f2-9a5870fa72da,DIN2–BA-R9,,,Corredor,-88,Sala A,movimento,Corredor,True,Corredor,False,Corredor,False,False,Corredor,-88.0,-88.0,,Corredor,False,True,True,True
2026-08-26 15:55:44,2026-08-26 15:55:43,398,1242899341,2026-08-26 15:55:44,server,c3:00:00:13:3b:b7,ESP-03,1142f0e4-fe14-47f8-87c7-7d0ea6e4891b,DIN2–BA-R9,,,Sala B,-94,Sala A,movimento,Sala B,True,Corredor,False,Corredor,False,False,Corredor,-88.0,-88.0,,Corredor,False,False,True,True
2026-08-26 15:55:45,2026-08-26 15:55:26,372,3242572198,2026-08-26 15:55:45,server,c3:00:00:13:3b:b7,ESP-02,c642d354-5962-4dbd-af35-e40d3c50fe2a,DIN2–BA-R9,,,Sala A,-76,Sala A,movimento,Sala A,True,Sala A,True,Sala A,True,False,Sala A,-76.0,-88.0,12.0,Corredor,False,False,False,False
2026-08-26 15:55:45,2026-08-26 15:55:43,374,3242572198,2026-08-26 15:55:45,server,c3:00:00:13:3b:b7,ESP-02,20c61385-1c0e-4bf1-9306-9bb38b3f4efd,DIN2–BA-R9,,,Sala A,-64,Sala A,movimento,Sala A,False,Sala A,False,Sala A,False,False,Sala A,-70.0,-70.0,,Sala A,True,True,True,True
2026-08-26 15:55:47,2026-08-26 15:55:46,389,998155149,2026-08-26 15:55:47,server,c3:00:00:13:3b:b7,ESP-01,a6378419-c14d-4708-8638-ec4a70f14d6d,DIN2–BA-R9,,,Corredor,-82,Sala A,movimento,Corredor,True,Sala A,False,Sala A,False,False,Sala A,-70.0,-70.0,,Sala A,False,False,True,True
2026-08-26 16:04:27,2026-08-26 16:04:26,87,1964215701,2026-08-26 16:04:27,server,c3:00:00:13:3b:b7,ESP-02,95766c52-af44-4346-8cc5-19df7736a430,DIN2–BA-R10b,,,Sala A,-84,,,Sala A,True,Sala A,True,Sala A,True,False,Sala A,-84.0,,,,False,False,False,False
2026-08-26 16:04:28,2026-08-26 16:04:27,542,1242899341,2026-08-26 16:04:28,server,c3:00:00:13:3b:b7,ESP-03,cfc198e6-4aa1-4c57-8779-97a375486c4a,DIN2–BA-R10b,,,Sala B,-58,Sala B,movimento,Sala B,True,Sala B,True,Sala B,True,False,Sala B,-58.0,-84.0,26.0,,False,False,False,False
2026-08-26 16:04:30,2026-08-26 16:04:26,531,998155149,2026-08-26 16:04:30,server,c3:00:00:13:3b:b7,ESP-01,6b2f2f5a-2dd2-4373-bcb5-618548ae99e6,DIN2–BA-R10b,,,Corredor,-81,Sala B,movimento,Corredor,True,Sala B,False,Sala B,False,False,Sala B,-58.0,-58.0,,Sala B,True,False,True,True
2026-08-26 16:04:32,2026-08-26 16:04:31,543,1242899341,2026-08-26 16:04:32,server,c3:00:00:13:3b:b7,ESP-03,61032783-dad5-4341-8058-a1667c98770d,DIN2–BA-R10b,,,Sala B,-66,Sala B,movimento,Sala B,True,Sala B,False,Sala B,False,False,Sala B,-66.0,-66.0,,Sala B,False,True,True,True
2026-08-26 16:04:33,2026-08-26 16:04:32,532,998155149,2026-08-26 16:04:33,server,c3:00:00:13:3b:b7,ESP-01,340abc83-f949-4a0d-a245-0b5f170223ee,DIN2–BA-R10b,,,Corredor,-91,Sala B,movimento,Corredor,True,Sala B,False,Sala B,False,False,Sala B,-66.0,-66.0,,Sala B,False,False,True,True
2026-08-26 16:04:34,2026-08-26 16:04:30,88,1964215701,2026-08-26 16:04:34,server,c3:00:00:13:3b:b7,ESP-02,0f5a27c0-47e1-492e-bb70-307144d4ba44,DIN2–BA-R10b,,,Sala A,-85,Sala B,movimento,Sala A,True,Sala B,False,Sala B,False,False,Sala B,-66.0,-66.0,,Sala B,False,False,True,True
2026-08-26 16:04:36,2026-08-26 16:04:35,544,1242899341,2026-08-26 16:04:36,server,c3:00:00:13:3b:b7,ESP-03,b8b26100-25da-4179-861a-781af0ba6479,DIN2–BA-R10b,,,Sala B,-53,Sala B,movimento,Sala B,True,Sala B,False,Sala B,False,False,Sala B,-53.0,-53.0,,Sala B,False,True,True,True
2026-08-26 16:04:37,2026-08-26 16:04:36,533,998155149,2026-08-26 16:04:37,server,c3:00:00:13:3b:b7,ESP-01,bb415d11-5bb3-489f-9d6e-1875b2039680,DIN2–BA-R10b,,,Corredor,-75,Sala B,movimento,Corredor,True,Sala B,False,Sala B,False,False,Sala B,-53.0,-53.0,,Sala B,False,False,True,True
2026-08-26 16:04:38,2026-08-26 16:04:37,89,1964215701,2026-08-26 16:04:38,server,c3:00:00:13:3b:b7,ESP-02,a0291eb4-cdd5-48c5-8d79-7a824a5b4c5b,DIN2–BA-R10b,,,Sala A,-88,Sala B,movimento,Sala A,True,Sala B,False,Sala B,False,False,Sala B,-53.0,-53.0,,Sala B,False,False,True,True
2026-08-26 16:04:39,2026-08-26 16:04:38,545,1242899341,2026-08-26 16:04:39,server,c3:00:00:13:3b:b7,ESP-03,309a6d4e-cecf-4c63-a18b-1e295cd7d430,DIN2–BA-R10b,,,Sala B,-62,Sala B,movimento,Sala B,True,Sala B,False,Sala B,False,False,Sala B,-57.5,-57.5,,Sala B,False,True,True,True
2026-08-26 16:04:40,2026-08-26 16:04:39,534,998155149,2026-08-26 16:04:40,server,c3:00:00:13:3b:b7,ESP-01,bbbeef9c-c224-4bf7-8ba2-7d5ebfd4b8bf,DIN2–BA-R10b,,,Corredor,-85,Sala B,movimento,Corredor,True,Sala B,False,Sala B,False,False,Sala B,-62.0,-62.0,,Sala B,False,False,True,True
2026-08-26 16:04:41,2026-08-26 16:04:40,90,1964215701,2026-08-26 16:04:41,server,c3:00:00:13:3b:b7,ESP-02,066f3b2b-942e-47b5-b55a-c9784568c43e,DIN2–BA-R10b,,,Sala A,-92,Sala B,movimento,Sala A,True,Sala B,False,Sala B,False,False,Sala B,-62.0,-62.0,,Sala B,False,False,True,True
2026-08-26 16:04:43,2026-08-26 16:04:42,546,1242899341,2026-08-26 16:04:43,server,c3:00:00:13:3b:b7,ESP-03,707d94d2-2f54-42da-9da8-834374cecaef,DIN2–BA-R10b,,,Sala B,-53,Sala B,movimento,Sala B,True,Sala B,False,Sala B,False,False,Sala B,-53.0,-53.0,,Sala B,False,True,True,True
2026-08-26 16:04:44,2026-08-26 16:04:43,535,998155149,2026-08-26 16:04:44,server,c3:00:00:13:3b:b7,ESP-01,9509ca9e-7d34-443f-9b01-fad088d37d62,DIN2–BA-R10b,,,Corredor,-75,Sala B,movimento,Corredor,True,Sala B,False,Sala B,False,False,Sala B,-53.0,-53.0,,Sala B,False,False,True,True
2026-08-26 16:04:45,2026-08-26 16:04:44,91,1964215701,2026-08-26 16:04:45,server,c3:00:00:13:3b:b7,ESP-02,52f4fa70-eb0f-4a11-bcc5-27e6fbceec51,DIN2–BA-R10b,,,Sala A,-90,Sala B,movimento,Sala A,True,Sala B,False,Sala B,False,False,Sala B,-53.0,-53.0,,Sala B,False,False,True,True
2026-08-26 16:04:46,2026-08-26 16:04:45,547,1242899341,2026-08-26 16:04:46,server,c3:00:00:13:3b:b7,ESP-03,bcf17400-802a-4e9b-9e05-c72bf6d64dc2,DIN2–BA-R10b,,,Sala B,-60,Sala B,movimento,Sala B,True,Sala B,False,Sala B,False,False,Sala B,-56.5,-56.5,,Sala B,False,True,True,True
2026-08-26 16:04:47,2026-08-26 16:04:46,536,998155149,2026-08-26 16:04:47,server,c3:00:00:13:3b:b7,ESP-01,c95fd9f9-d981-44b4-ab36-006df8932ecc,DIN2–BA-R10b,,,Corredor,-83,Sala B,movimento,Corredor,True,Sala B,False,Sala B,False,False,Sala B,-60.0,-60.0,,Sala B,False,False,True,True
2026-08-26 16:04:48,2026-08-26 16:04:47,92,1964215701,2026-08-26 16:04:48,server,c3:00:00:13:3b:b7,ESP-02,27d464d7-45ba-4923-be16-bfd4f772163e,DIN2–BA-R10b,,,Sala A,-87,Sala B,movimento,Sala A,True,Sala B,False,Sala B,False,False,Sala B,-60.0,-60.0,,Sala B,False,False,True,True
2026-08-26 16:04:50,2026-08-26 16:04:49,548,1242899341,2026-08-26 16:04:50,server,c3:00:00:13:3b:b7,ESP-03,f6867bf7-3784-4a42-9fab-0e4abd2f4be8,DIN2–BA-R10b,,,Sala B,-69,Corredor,movimento,Sala B,True,Sala B,False,Sala B,False,False,Sala B,-69.0,-69.0,,Sala B,False,True,True,True
2026-08-26 16:04:51,2026-08-26 16:04:50,537,998155149,2026-08-26 16:04:51,server,c3:00:00:13:3b:b7,ESP-01,20ed35b2-d7e4-496c-b041-37bea82e4200,DIN2–BA-R10b,,,Corredor,-70,Corredor,movimento,Corredor,True,Sala B,False,Sala B,False,False,Sala B,-69.0,-69.0,,Sala B,False,False,True,True
2026-08-26 16:04:52,2026-08-26 16:04:51,93,1964215701,2026-08-26 16:04:52,server,c3:00:00:13:3b:b7,ESP-02,60512bf1-c5b6-4ed3-a6c6-5f947f9b90a4,DIN2–BA-R10b,,,Sala A,-90,Corredor,movimento,Sala A,True,Sala B,False,Sala B,False,False,Sala B,-69.0,-69.0,,Sala B,False,False,True,True
2026-08-26 16:04:54,2026-08-26 16:04:52,549,1242899341,2026-08-26 16:04:54,server,c3:00:00:13:3b:b7,ESP-03,aea3d633-64ec-47b1-84be-4c9b072e5c83,DIN2–BA-R10b,,,Sala B,-79,Corredor,movimento,Sala B,True,Corredor,True,Corredor,True,False,Corredor,-70.0,-79.0,9.0,Sala B,False,True,False,False
2026-08-26 16:04:55,2026-08-26 16:04:53,538,998155149,2026-08-26 16:04:55,server,c3:00:00:13:3b:b7,ESP-01,32a011fd-9504-4477-8fb3-fa0bd6b1afe8,DIN2–BA-R10b,,,Corredor,-58,Corredor,movimento,Corredor,True,Corredor,False,Corredor,False,False,Corredor,-58.0,-58.0,,Corredor,True,True,True,True
2026-08-26 16:04:56,2026-08-26 16:04:55,94,1964215701,2026-08-26 16:04:56,server,c3:00:00:13:3b:b7,ESP-02,2ac33f8a-928f-47cf-9c0b-727f8b37d5fc,DIN2–BA-R10b,,,Sala A,-72,Sala A,movimento,Sala A,True,Corredor,False,Corredor,False,False,Corredor,-58.0,-58.0,,Corredor,False,False,True,True
2026-08-26 16:04:57,2026-08-26 16:04:56,550,1242899341,2026-08-26 16:04:57,server,c3:00:00:13:3b:b7,ESP-03,7d329800-341a-49c4-88ee-d456969a18ad,DIN2–BA-R10b,,,Sala B,-83,Sala A,movimento,Sala B,True,Corredor,False,Corredor,False,False,Corredor,-58.0,-58.0,,Corredor,False,False,True,True
2026-08-26 16:04:58,2026-08-26 16:04:57,539,998155149,2026-08-26 16:04:58,server,c3:00:00:13:3b:b7,ESP-01,5207f6bb-a1af-4bbd-a867-1bf54161142c,DIN2–BA-R10b,,,Corredor,-74,Sala A,movimento,Corredor,True,Corredor,False,Corredor,False,False,Corredor,-66.0,-66.0,,Corredor,False,True,True,True
2026-08-26 16:04:59,2026-08-26 16:04:58,95,1964215701,2026-08-26 16:04:59,server,c3:00:00:13:3b:b7,ESP-02,a31b416b-a298-4160-9e0e-da4baf6edf80,DIN2–BA-R10b,,,Sala A,-60,Sala A,movimento,Sala A,True,Sala A,True,Sala A,True,False,Sala A,-66.0,-74.0,8.0,Corredor,False,False,False,False
2026-08-26 16:05:01,2026-08-26 16:05:00,551,1242899341,2026-08-26 16:05:01,server,c3:00:00:13:3b:b7,ESP-03,29c1dbd3-4904-40ba-8c02-aa4f400adc15,DIN2–BA-R10b,,,Sala B,-96,Sala A,movimento,Sala B,True,Sala A,False,Sala A,False,False,Sala A,-60.0,-60.0,,Sala A,True,False,True,True
2026-08-26 16:05:02,2026-08-26 16:05:01,540,998155149,2026-08-26 16:05:02,server,c3:00:00:13:3b:b7,ESP-01,1743d3f3-c98a-47f9-a6b2-3cb16ef3dca8,DIN2–BA-R10b,,,Corredor,-73,Sala A,movimento,Corredor,True,Sala A,False,Sala A,False,False,Sala A,-60.0,-60.0,,Sala A,False,False,True,True
2026-08-26 16:05:03,2026-08-26 16:05:02,96,1964215701,2026-08-26 16:05:03,server,c3:00:00:13:3b:b7,ESP-02,bc6e0f32-628a-4fd0-b70a-bb15557665ff,DIN2–BA-R10b,,,Sala A,-61,Sala A,movimento,Sala A,True,Sala A,False,Sala A,False,False,Sala A,-61.0,-61.0,,Sala A,False,True,True,True
2026-08-26 16:05:04,2026-08-26 16:05:03,552,1242899341,2026-08-26 16:05:04,server,c3:00:00:13:3b:b7,ESP-03,a5808183-e361-49d8-bc89-03e3bcd64525,DIN2–BA-R10b,,,Sala B,-89,Sala A,movimento,Sala B,True,Sala A,False,Sala A,False,False,Sala A,-61.0,-61.0,,Sala A,False,False,True,True
2026-08-26 16:05:05,2026-08-26 16:05:04,541,998155149,2026-08-26 16:05:05,server,c3:00:00:13:3b:b7,ESP-01,336a93e9-4204-47af-bd4a-cf0b0c54ee1d,DIN2–BA-R10b,,,Corredor,-77,Sala A,movimento,Corredor,True,Sala A,False,Sala A,False,False,Sala A,-61.0,-61.0,,Sala A,False,False,True,True
2026-08-26 16:05:06,2026-08-26 16:05:05,97,1964215701,2026-08-26 16:05:06,server,c3:00:00:13:3b:b7,ESP-02,5dd5bbae-7510-4f31-afa2-46b82854e5b3,DIN2–BA-R10b,,,Sala A,-52,Sala A,movimento,Sala A,True,Sala A,False,Sala A,False,False,Sala A,-56.5,-56.5,,Sala A,False,True,True,True
2026-08-26 16:05:08,2026-08-26 16:05:07,553,1242899341,2026-08-26 16:05:08,server,c3:00:00:13:3b:b7,ESP-03,62b73f94-63d9-4720-8c47-a324d0ab7059,DIN2–BA-R10b,,,Sala B,-90,Sala A,movimento,Sala B,True,Sala A,False,Sala A,False,False,Sala A,-52.0,-52.0,,Sala A,False,False,True,True
2026-08-26 16:05:09,2026-08-26 16:05:08,98,1964215701,2026-08-26 16:05:09,server,c3:00:00:13:3b:b7,ESP-02,f9d251e8-041d-406e-b515-c40743e8270f,DIN2–BA-R10b,,,Sala A,-49,Sala A,movimento,Sala A,True,Sala A,False,Sala A,False,False,Sala A,-50.5,-50.5,,Sala A,False,True,True,True
2026-08-26 16:05:11,2026-08-26 16:05:10,554,1242899341,2026-08-26 16:05:11,server,c3:00:00:13:3b:b7,ESP-03,ad509fc6-9fcf-4373-88bc-f8126937394d,DIN2–BA-R10b,,,Sala B,-82,Sala A,movimento,Sala B,True,Sala A,False,Sala A,False,False,Sala A,-49.0,-49.0,,Sala A,False,False,True,True
2026-08-26 16:05:12,2026-08-26 16:05:08,542,998155149,2026-08-26 16:05:12,server,c3:00:00:13:3b:b7,ESP-01,5c176f62-570d-4bf5-82eb-e4fe694310b6,DIN2–BA-R10b,,,Corredor,-81,Sala A,movimento,Corredor,True,Sala A,False,Sala A,False,False,Sala A,-49.0,-49.0,,Sala A,False,False,True,True
2026-08-26 16:05:37,2026-08-26 16:05:33,105,1964215701,2026-08-26 16:05:37,server,c3:00:00:13:3b:b7,ESP-02,0714b5dd-9418-424e-a676-b7cd5d1054ce,DIN2–BA-R11,,,Sala A,-94,,,Sala A,True,Sala A,True,Sala A,True,False,Sala A,-94.0,,,,False,False,False,False
2026-08-26 16:05:38,2026-08-26 16:05:37,561,1242899341,2026-08-26 16:05:38,server,c3:00:00:13:3b:b7,ESP-03,144e78dd-63dd-436f-8fdb-946b7d7de88d,DIN2–BA-R11,,,Sala B,-60,Sala B,movimento,Sala B,True,Sala B,True,Sala B,True,False,Sala B,-60.0,-94.0,34.0,,False,False,False,False
2026-08-26 16:05:40,2026-08-26 16:05:39,550,998155149,2026-08-26 16:05:40,server,c3:00:00:13:3b:b7,ESP-01,f5393f0a-3396-48e5-8b96-d933f6df93e6,DIN2–BA-R11,,,Corredor,-86,Sala B,movimento,Corredor,True,Sala B,False,Sala B,False,False,Sala B,-60.0,-60.0,,Sala B,True,False,True,True
2026-08-26 16:05:41,2026-08-26 16:05:40,106,1964215701,2026-08-26 16:05:41,server,c3:00:00:13:3b:b7,ESP-02,e15884cc-88fd-43db-b4cc-a5201e47e490,DIN2–BA-R11,,,Sala A,-87,Sala B,movimento,Sala A,True,Sala B,False,Sala B,False,False,Sala B,-60.0,-60.0,,Sala B,False,False,True,True
2026-08-26 16:05:42,2026-08-26 16:05:41,562,1242899341,2026-08-26 16:05:42,server,c3:00:00:13:3b:b7,ESP-03,cca2fb5b-8eb2-4bf0-80b8-36c405fd812a,DIN2–BA-R11,,,Sala B,-64,Sala B,movimento,Sala B,True,Sala B,False,Sala B,False,False,Sala B,-64.0,-64.0,,Sala B,False,True,True,True
2026-08-26 16:05:44,2026-08-26 16:05:43,551,998155149,2026-08-26 16:05:44,server,c3:00:00:13:3b:b7,ESP-01,47efef41-ed8a-4fd5-be76-5769a39b5f8f,DIN2–BA-R11,,,Corredor,-86,Sala B,movimento,Corredor,True,Sala B,False,Sala B,False,False,Sala B,-64.0,-64.0,,Sala B,False,False,True,True
2026-08-26 16:05:44,2026-08-26 16:05:43,107,1964215701,2026-08-26 16:05:44,server,c3:00:00:13:3b:b7,ESP-02,477ae5d2-e9a5-462f-993a-a54f05870a44,DIN2–BA-R11,,,Sala A,-94,Sala B,movimento,Sala A,True,Sala B,False,Sala B,False,False,Sala B,-64.0,-64.0,,Sala B,False,False,True,True
2026-08-26 16:05:45,2026-08-26 16:05:44,563,1242899341,2026-08-26 16:05:45,server,c3:00:00:13:3b:b7,ESP-03,1060f200-a908-4661-b588-a956103db4ae,DIN2–BA-R11,,,Sala B,-68,Sala B,movimento,Sala B,True,Sala B,False,Sala B,False,False,Sala B,-66.0,-66.0,,Sala B,False,True,True,True
2026-08-26 16:05:48,2026-08-26 16:05:47,108,1964215701,2026-08-26 16:05:48,server,c3:00:00:13:3b:b7,ESP-02,25b55352-45da-494c-98cd-cf848c01cf0a,DIN2–BA-R11,,,Sala A,-93,Sala B,movimento,Sala A,True,Sala B,False,Sala B,False,False,Sala B,-68.0,-68.0,,Sala B,False,False,True,True
2026-08-26 16:05:49,2026-08-26 16:05:48,564,1242899341,2026-08-26 16:05:49,server,c3:00:00:13:3b:b7,ESP-03,8207b0df-ef04-436c-aaea-80943d70ba84,DIN2–BA-R11,,,Sala B,-50,Sala B,movimento,Sala B,True,Sala B,False,Sala B,False,False,Sala B,-50.0,-50.0,,Sala B,False,True,True,True
2026-08-26 16:05:50,2026-08-26 16:05:46,552,998155149,2026-08-26 16:05:50,server,c3:00:00:13:3b:b7,ESP-01,974e6c33-5d3d-4253-b169-c17059660d8a,DIN2–BA-R11,,,Corredor,-90,Sala B,movimento,Corredor,True,Sala B,False,Sala B,False,False,Sala B,-50.0,-50.0,,Sala B,False,False,True,True
2026-08-26 16:05:51,2026-08-26 16:05:50,109,1964215701,2026-08-26 16:05:51,server,c3:00:00:13:3b:b7,ESP-02,adb90367-2037-48e8-b3db-b3b57c269cfc,DIN2–BA-R11,,,Sala A,-91,Sala B,movimento,Sala A,True,Sala B,False,Sala B,False,False,Sala B,-50.0,-50.0,,Sala B,False,False,True,True
2026-08-26 16:05:52,2026-08-26 16:05:51,565,1242899341,2026-08-26 16:05:52,server,c3:00:00:13:3b:b7,ESP-03,2fe31e8a-1d69-42ea-b652-b9ffc1b3a428,DIN2–BA-R11,,,Sala B,-48,Sala B,movimento,Sala B,True,Sala B,False,Sala B,False,False,Sala B,-49.0,-49.0,,Sala B,False,True,True,True
2026-08-26 16:05:53,2026-08-26 16:05:52,553,998155149,2026-08-26 16:05:53,server,c3:00:00:13:3b:b7,ESP-01,aecae3ca-4dec-4e00-858c-beb938cf7c02,DIN2–BA-R11,,,Corredor,-86,Sala B,movimento,Corredor,True,Sala B,False,Sala B,False,False,Sala B,-48.0,-48.0,,Sala B,False,False,True,True
2026-08-26 16:05:55,2026-08-26 16:05:54,110,1964215701,2026-08-26 16:05:55,server,c3:00:00:13:3b:b7,ESP-02,bb071f79-9f3a-47f4-9b87-55031874bc53,DIN2–BA-R11,,,Sala A,-91,Sala B,movimento,Sala A,True,Sala B,False,Sala B,False,False,Sala B,-48.0,-48.0,,Sala B,False,False,True,True
2026-08-26 16:05:56,2026-08-26 16:05:55,566,1242899341,2026-08-26 16:05:56,server,c3:00:00:13:3b:b7,ESP-03,93108ff0-4000-4dcf-a656-0a49c03d36e3,DIN2–BA-R11,,,Sala B,-58,Sala B,movimento,Sala B,True,Sala B,False,Sala B,False,False,Sala B,-58.0,-58.0,,Sala B,False,True,True,True
2026-08-26 16:05:57,2026-08-26 16:05:56,554,998155149,2026-08-26 16:05:57,server,c3:00:00:13:3b:b7,ESP-01,75d60520-e68d-4191-81ed-c67f1bf2e719,DIN2–BA-R11,,,Corredor,-79,Corredor,movimento,Corredor,True,Sala B,False,Sala B,False,False,Sala B,-58.0,-58.0,,Sala B,False,False,True,True
2026-08-26 16:05:59,2026-08-26 16:05:57,111,1964215701,2026-08-26 16:05:59,server,c3:00:00:13:3b:b7,ESP-02,dcdfc2a3-43b0-4118-b204-632b2d911ed0,DIN2–BA-R11,,,Sala A,-92,Corredor,movimento,Sala A,True,Sala B,False,Sala B,False,False,Sala B,-58.0,-58.0,,Sala B,False,False,True,True
2026-08-26 16:06:00,2026-08-26 16:05:58,567,1242899341,2026-08-26 16:06:00,server,c3:00:00:13:3b:b7,ESP-03,1f3d1185-2f90-47dc-8d89-3076bc64b3da,DIN2–BA-R11,,,Sala B,-80,Corredor,movimento,Sala B,True,Corredor,True,Sala B,False,True,Corredor,-79.0,-80.0,1.0,Sala B,False,True,False,True
2026-08-26 16:06:01,2026-08-26 16:06:00,555,998155149,2026-08-26 16:06:01,server,c3:00:00:13:3b:b7,ESP-01,3f635d16-bd93-4949-815d-393a7f7e086f,DIN2–BA-R11,,,Corredor,-63,Corredor,movimento,Corredor,True,Corredor,False,Corredor,True,False,Corredor,-63.0,-80.0,17.0,Sala B,False,False,False,False
2026-08-26 16:06:02,2026-08-26 16:06:01,112,1964215701,2026-08-26 16:06:02,server,c3:00:00:13:3b:b7,ESP-02,93aa33c6-cb14-46e9-870c-636f1c3134a8,DIN2–BA-R11,,,Sala A,-76,Corredor,movimento,Sala A,True,Corredor,False,Corredor,False,False,Corredor,-63.0,-63.0,,Corredor,True,False,True,True
2026-08-26 16:06:03,2026-08-26 16:06:02,568,1242899341,2026-08-26 16:06:03,server,c3:00:00:13:3b:b7,ESP-03,54598f26-602d-4914-8a5f-a4ce2b363f2b,DIN2–BA-R11,,,Sala B,-94,Sala A,movimento,Sala B,True,Corredor,False,Corredor,False,False,Corredor,-63.0,-63.0,,Corredor,False,False,True,True
2026-08-26 16:06:04,2026-08-26 16:06:03,556,998155149,2026-08-26 16:06:04,server,c3:00:00:13:3b:b7,ESP-01,d8658ea4-cd2b-4b7c-a350-e1965cdc11f3,DIN2–BA-R11,,,Corredor,-57,Sala A,movimento,Corredor,True,Corredor,False,Corredor,False,False,Corredor,-60.0,-60.0,,Corredor,False,True,True,True
2026-08-26 16:06:06,2026-08-26 16:06:05,113,1964215701,2026-08-26 16:06:06,server,c3:00:00:13:3b:b7,ESP-02,65e64958-e06e-4e97-819f-397684993ed2,DIN2–BA-R11,,,Sala A,-68,Sala A,movimento,Sala A,True,Corredor,False,Corredor,False,False,Corredor,-57.0,-57.0,,Corredor,False,False,True,True
2026-08-26 16:06:07,2026-08-26 16:06:06,569,1242899341,2026-08-26 16:06:07,server,c3:00:00:13:3b:b7,ESP-03,8952cfd2-2530-4f57-a75a-eab757d224f8,DIN2–BA-R11,,,Sala B,-88,Sala A,movimento,Sala B,True,Corredor,False,Corredor,False,False,Corredor,-57.0,-57.0,,Corredor,False,False,True,True
2026-08-26 16:06:08,2026-08-26 16:06:07,557,998155149,2026-08-26 16:06:08,server,c3:00:00:13:3b:b7,ESP-01,0bcc0185-7a86-48a8-a425-7ec39ecdc908,DIN2–BA-R11,,,Corredor,-76,Sala A,movimento,Corredor,True,Sala A,True,Sala A,True,False,Sala A,-68.0,-76.0,8.0,Corredor,False,True,False,False
2026-08-26 16:06:09,2026-08-26 16:06:08,114,1964215701,2026-08-26 16:06:09,server,c3:00:00:13:3b:b7,ESP-02,e4f10daa-a7b9-4d9d-a3e5-d0a7348c3bd8,DIN2–BA-R11,,,Sala A,-59,Sala A,movimento,Sala A,True,Sala A,False,Sala A,False,False,Sala A,-63.5,-63.5,,Sala A,True,True,True,True
2026-08-26 16:06:10,2026-08-26 16:06:09,570,1242899341,2026-08-26 16:06:10,server,c3:00:00:13:3b:b7,ESP-03,03532bcc-afd8-480c-a943-861b40abe017,DIN2–BA-R11,,,Sala B,-82,Sala A,movimento,Sala B,True,Sala A,False,Sala A,False,False,Sala A,-59.0,-59.0,,Sala A,False,False,True,True
2026-08-26 16:06:11,2026-08-26 16:06:10,558,998155149,2026-08-26 16:06:11,server,c3:00:00:13:3b:b7,ESP-01,a19179ce-7d29-4222-801b-ebb0df813476,DIN2–BA-R11,,,Corredor,-81,Sala A,movimento,Corredor,True,Sala A,False,Sala A,False,False,Sala A,-59.0,-59.0,,Sala A,False,False,True,True
2026-08-26 16:06:13,2026-08-26 16:06:12,115,1964215701,2026-08-26 16:06:13,server,c3:00:00:13:3b:b7,ESP-02,85e478b2-d854-4d40-a493-610a532b2b3c,DIN2–BA-R11,,,Sala A,-64,Sala A,movimento,Sala A,True,Sala A,False,Sala A,False,False,Sala A,-64.0,-64.0,,Sala A,False,True,True,True
2026-08-26 16:06:14,2026-08-26 16:06:13,571,1242899341,2026-08-26 16:06:14,server,c3:00:00:13:3b:b7,ESP-03,498542dd-5703-4b45-b085-8c0ed8216f65,DIN2–BA-R11,,,Sala B,-84,Sala A,movimento,Sala B,True,Sala A,False,Sala A,False,False,Sala A,-64.0,-64.0,,Sala A,False,False,True,True
2026-08-26 16:06:15,2026-08-26 16:06:14,559,998155149,2026-08-26 16:06:15,server,c3:00:00:13:3b:b7,ESP-01,74027a7c-3929-4368-ae3b-7d2737d8f8a9,DIN2–BA-R11,,,Corredor,-75,Sala A,movimento,Corredor,True,Sala A,False,Sala A,False,False,Sala A,-64.0,-64.0,,Sala A,False,False,True,True
2026-08-26 16:06:16,2026-08-26 16:06:15,116,1964215701,2026-08-26 16:06:16,server,c3:00:00:13:3b:b7,ESP-02,ebd0df61-391b-4ec0-8c00-6d8d1fcf26e0,DIN2–BA-R11,,,Sala A,-60,Sala A,movimento,Sala A,True,Sala A,False,Sala A,False,False,Sala A,-62.0,-62.0,,Sala A,False,True,True,True
2026-08-26 16:06:17,2026-08-26 16:06:16,572,1242899341,2026-08-26 16:06:17,server,c3:00:00:13:3b:b7,ESP-03,3873c3d5-97dd-44b1-86a9-786cefd31ace,DIN2–BA-R11,,,Sala B,-83,Sala A,movimento,Sala B,True,Sala A,False,Sala A,False,False,Sala A,-60.0,-60.0,,Sala A,False,False,True,True
2026-08-26 16:06:20,2026-08-26 16:06:19,117,1964215701,2026-08-26 16:06:20,server,c3:00:00:13:3b:b7,ESP-02,569549bf-7a78-4ff9-a91c-7f8c9d99b775,DIN2–BA-R11,,,Sala A,-51,Sala A,movimento,Sala A,True,Sala A,False,Sala A,False,False,Sala A,-51.0,-51.0,,Sala A,False,True,True,True
2026-08-26 16:06:21,2026-08-26 16:06:20,573,1242899341,2026-08-26 16:06:21,server,c3:00:00:13:3b:b7,ESP-03,d901b0aa-e6f2-4ea5-bcb7-86992178bcd7,DIN2–BA-R11,,,Sala B,-83,Sala A,movimento,Sala B,True,Sala A,False,Sala A,False,False,Sala A,-51.0,-51.0,,Sala A,False,False,True,True
2026-08-26 16:06:21,2026-08-26 16:06:17,560,998155149,2026-08-26 16:06:21,server,c3:00:00:13:3b:b7,ESP-01,3a5e5099-cd67-4816-a6a8-1abaaa077de1,DIN2–BA-R11,,,Corredor,-83,Sala A,movimento,Corredor,True,Sala A,False,Sala A,False,False,Sala A,-51.0,-51.0,,Sala A,False,False,True,True
2026-08-26 16:07:27,2026-08-26 16:07:26,590,1242899341,2026-08-26 16:07:27,server,c3:00:00:13:3b:b7,ESP-03,8817200c-bbc7-4020-afbc-85f8c6152abe,DIN2–BA-R12,,,Sala B,-55,Sala B,movimento,Sala B,True,Sala B,True,Sala B,True,False,Sala B,-55.0,,,,False,False,False,False
2026-08-26 16:07:29,2026-08-26 16:07:28,579,998155149,2026-08-26 16:07:29,server,c3:00:00:13:3b:b7,ESP-01,3b4f5d8d-5457-470f-956f-1e0ae83b16c2,DIN2–BA-R12,,,Corredor,-82,Sala B,movimento,Corredor,True,Sala B,False,Sala B,False,False,Sala B,-55.0,-55.0,,Sala B,True,False,True,True
2026-08-26 16:07:30,2026-08-26 16:07:26,134,1964215701,2026-08-26 16:07:30,server,c3:00:00:13:3b:b7,ESP-02,9e1e66c8-420c-4336-818a-d26c4d1352f0,DIN2–BA-R12,,,Sala A,-87,Sala B,movimento,Sala A,True,Sala B,False,Sala B,False,False,Sala B,-55.0,-55.0,,Sala B,False,False,True,True
2026-08-26 16:07:31,2026-08-26 16:07:30,591,1242899341,2026-08-26 16:07:31,server,c3:00:00:13:3b:b7,ESP-03,f175470e-5bad-4a71-92ad-2007763b6594,DIN2–BA-R12,,,Sala B,-65,Sala B,movimento,Sala B,True,Sala B,False,Sala B,False,False,Sala B,-65.0,-65.0,,Sala B,False,True,True,True
2026-08-26 16:07:33,2026-08-26 16:07:32,580,998155149,2026-08-26 16:07:33,server,c3:00:00:13:3b:b7,ESP-01,7551242e-2d8b-4300-829d-4819765a9893,DIN2–BA-R12,,,Corredor,-98,Sala B,movimento,Corredor,True,Sala B,False,Sala B,False,False,Sala B,-65.0,-65.0,,Sala B,False,False,True,True
2026-08-26 16:07:34,2026-08-26 16:07:33,135,1964215701,2026-08-26 16:07:34,server,c3:00:00:13:3b:b7,ESP-02,fa600dc1-1d0a-4e6b-89a1-fa677ab670fb,DIN2–BA-R12,,,Sala A,-85,Sala B,movimento,Sala A,True,Sala B,False,Sala B,False,False,Sala B,-65.0,-65.0,,Sala B,False,False,True,True
2026-08-26 16:07:34,2026-08-26 16:07:33,592,1242899341,2026-08-26 16:07:34,server,c3:00:00:13:3b:b7,ESP-03,22addff6-2565-4197-b4a8-55957826c4ce,DIN2–BA-R12,,,Sala B,-55,Sala B,movimento,Sala B,True,Sala B,False,Sala B,False,False,Sala B,-60.0,-60.0,,Sala B,False,True,True,True
2026-08-26 16:07:36,2026-08-26 16:07:35,581,998155149,2026-08-26 16:07:36,server,c3:00:00:13:3b:b7,ESP-01,458b437d-7cb4-42a6-a7ea-038405eb1ae6,DIN2–BA-R12,,,Corredor,-79,Sala B,movimento,Corredor,True,Sala B,False,Sala B,False,False,Sala B,-55.0,-55.0,,Sala B,False,False,True,True
2026-08-26 16:07:38,2026-08-26 16:07:37,593,1242899341,2026-08-26 16:07:38,server,c3:00:00:13:3b:b7,ESP-03,e5550855-9834-40be-a085-28b75edefec0,DIN2–BA-R12,,,Sala B,-51,Sala B,movimento,Sala B,True,Sala B,False,Sala B,False,False,Sala B,-51.0,-51.0,,Sala B,False,True,True,True
2026-08-26 16:07:40,2026-08-26 16:07:39,582,998155149,2026-08-26 16:07:40,server,c3:00:00:13:3b:b7,ESP-01,f3ab6fc4-448f-448f-a292-6c1f7635e7dd,DIN2–BA-R12,,,Corredor,-90,Sala B,movimento,Corredor,True,Sala B,False,Sala B,False,False,Sala B,-51.0,-51.0,,Sala B,False,False,True,True
2026-08-26 16:07:40,2026-08-26 16:07:36,136,1964215701,2026-08-26 16:07:40,server,c3:00:00:13:3b:b7,ESP-02,a4e1afb2-cfa0-49c9-a62a-9dc1e3c89df1,DIN2–BA-R12,,,Sala A,-91,Sala B,movimento,Sala A,True,Sala B,False,Sala B,False,False,Sala B,-51.0,-51.0,,Sala B,False,False,True,True
2026-08-26 16:07:41,2026-08-26 16:07:40,594,1242899341,2026-08-26 16:07:41,server,c3:00:00:13:3b:b7,ESP-03,587dab5b-996f-4d2f-b02b-fab55420b73b,DIN2–BA-R12,,,Sala B,-54,Sala B,movimento,Sala B,True,Sala B,False,Sala B,False,False,Sala B,-52.5,-52.5,,Sala B,False,True,True,True
2026-08-26 16:07:44,2026-08-26 16:07:43,137,1964215701,2026-08-26 16:07:44,server,c3:00:00:13:3b:b7,ESP-02,5e13ff34-e76e-437b-90cb-e1040b4abb11,DIN2–BA-R12,,,Sala A,-87,Sala B,movimento,Sala A,True,Sala B,False,Sala B,False,False,Sala B,-54.0,-54.0,,Sala B,False,False,True,True
2026-08-26 16:07:45,2026-08-26 16:07:44,595,1242899341,2026-08-26 16:07:45,server,c3:00:00:13:3b:b7,ESP-03,93ccc1d9-895b-4e9c-acc5-b12f5b00161b,DIN2–BA-R12,,,Sala B,-61,Corredor,movimento,Sala B,True,Sala B,False,Sala B,False,False,Sala B,-61.0,-61.0,,Sala B,False,True,True,True
2026-08-26 16:07:46,2026-08-26 16:07:42,583,998155149,2026-08-26 16:07:46,server,c3:00:00:13:3b:b7,ESP-01,a92bcc68-f3ec-45b5-9ee8-28d6ccd94133,DIN2–BA-R12,,,Corredor,-83,Corredor,movimento,Corredor,True,Sala B,False,Sala B,False,False,Sala B,-61.0,-61.0,,Sala B,False,False,True,True
2026-08-26 16:07:48,2026-08-26 16:07:47,138,1964215701,2026-08-26 16:07:48,server,c3:00:00:13:3b:b7,ESP-02,d345d3fb-4cfe-442e-90b5-4d79167d5895,DIN2–BA-R12,,,Sala A,-83,Corredor,movimento,Sala A,True,Sala B,False,Sala B,False,False,Sala B,-61.0,-61.0,,Sala B,False,False,True,True
2026-08-26 16:07:49,2026-08-26 16:07:48,596,1242899341,2026-08-26 16:07:49,server,c3:00:00:13:3b:b7,ESP-03,adf02b26-c364-40a3-8152-7f233bfa50e6,DIN2–BA-R12,,,Sala B,-80,Corredor,movimento,Sala B,True,Sala B,False,Sala B,False,False,Sala B,-80.0,-80.0,,Sala B,False,True,True,True
2026-08-26 16:07:50,2026-08-26 16:07:49,584,998155149,2026-08-26 16:07:50,server,c3:00:00:13:3b:b7,ESP-01,e60b63d4-b1a8-4b12-8b2f-c8a413d9b899,DIN2–BA-R12,,,Corredor,-71,Corredor,movimento,Corredor,True,Corredor,True,Corredor,True,False,Corredor,-71.0,-80.0,9.0,Sala B,False,False,False,False
2026-08-26 16:07:52,2026-08-26 16:07:51,597,1242899341,2026-08-26 16:07:52,server,c3:00:00:13:3b:b7,ESP-03,9eb4f608-87da-428a-973c-470e90fd50e9,DIN2–BA-R12,,,Sala B,-81,Sala A,movimento,Sala B,True,Corredor,False,Corredor,False,False,Corredor,-71.0,-71.0,,Corredor,True,False,True,True
2026-08-26 16:07:53,2026-08-26 16:07:52,585,998155149,2026-08-26 16:07:53,server,c3:00:00:13:3b:b7,ESP-01,6768ed9b-d97b-402f-a40f-209af29b16d6,DIN2–BA-R12,,,Corredor,-51,Sala A,movimento,Corredor,True,Corredor,False,Corredor,False,False,Corredor,-61.0,-61.0,,Corredor,False,True,True,True
2026-08-26 16:07:54,2026-08-26 16:07:50,139,1964215701,2026-08-26 16:07:54,server,c3:00:00:13:3b:b7,ESP-02,c3591583-7de2-44ca-aa48-20d58ac465c5,DIN2–BA-R12,,,Sala A,-70,Sala A,movimento,Sala A,True,Corredor,False,Corredor,False,False,Corredor,-51.0,-51.0,,Corredor,False,False,True,True
2026-08-26 16:07:56,2026-08-26 16:07:55,598,1242899341,2026-08-26 16:07:56,server,c3:00:00:13:3b:b7,ESP-03,0850e222-57e5-4577-8f2a-828b0110a4f8,DIN2–BA-R12,,,Sala B,-77,Sala A,movimento,Sala B,True,Corredor,False,Corredor,False,False,Corredor,-51.0,-51.0,,Corredor,False,False,True,True
2026-08-26 16:07:57,2026-08-26 16:07:56,586,998155149,2026-08-26 16:07:57,server,c3:00:00:13:3b:b7,ESP-01,a50390ad-12d4-4b82-841c-4c6d523a28e7,DIN2–BA-R12,,,Corredor,-79,Sala A,movimento,Corredor,True,Sala A,True,Sala A,True,False,Sala A,-70.0,-79.0,9.0,Corredor,False,True,False,False
2026-08-26 16:07:57,2026-08-26 16:07:56,140,1964215701,2026-08-26 16:07:57,server,c3:00:00:13:3b:b7,ESP-02,60bf4dee-4492-4e29-8daa-e51cdd8ed7c1,DIN2–BA-R12,,,Sala A,-61,Sala A,movimento,Sala A,True,Sala A,False,Sala A,False,False,Sala A,-65.5,-65.5,,Sala A,True,True,True,True
2026-08-26 16:07:59,2026-08-26 16:07:58,599,1242899341,2026-08-26 16:07:59,server,c3:00:00:13:3b:b7,ESP-03,d3b8d43b-4347-429a-aaea-8decfb2b6b8a,DIN2–BA-R12,,,Sala B,-82,Sala A,movimento,Sala B,True,Sala A,False,Sala A,False,False,Sala A,-61.0,-61.0,,Sala A,False,False,True,True
2026-08-26 16:08:00,2026-08-26 16:07:59,587,998155149,2026-08-26 16:08:00,server,c3:00:00:13:3b:b7,ESP-01,cca8d185-ea38-4e7b-a93b-f9605b2cc29f,DIN2–BA-R12,,,Corredor,-71,Sala A,movimento,Corredor,True,Sala A,False,Sala A,False,False,Sala A,-61.0,-61.0,,Sala A,False,False,True,True
2026-08-26 16:08:01,2026-08-26 16:08:00,141,1964215701,2026-08-26 16:08:01,server,c3:00:00:13:3b:b7,ESP-02,9a8d6de3-59eb-4a14-9c87-b95596f3cc37,DIN2–BA-R12,,,Sala A,-49,Sala A,movimento,Sala A,True,Sala A,False,Sala A,False,False,Sala A,-49.0,-49.0,,Sala A,False,True,True,True
2026-08-26 16:08:03,2026-08-26 16:08:02,600,1242899341,2026-08-26 16:08:03,server,c3:00:00:13:3b:b7,ESP-03,8003fd9b-ab30-4654-9393-738ba4d1a2ce,DIN2–BA-R12,,,Sala B,-82,Sala A,movimento,Sala B,True,Sala A,False,Sala A,False,False,Sala A,-49.0,-49.0,,Sala A,False,False,True,True
2026-08-26 16:08:04,2026-08-26 16:08:03,588,998155149,2026-08-26 16:08:04,server,c3:00:00:13:3b:b7,ESP-01,2cf4b43d-e793-430d-a62d-ec786a3f7c24,DIN2–BA-R12,,,Corredor,-69,Sala A,movimento,Corredor,True,Sala A,False,Sala A,False,False,Sala A,-49.0,-49.0,,Sala A,False,False,True,True
2026-08-26 16:08:04,2026-08-26 16:08:03,142,1964215701,2026-08-26 16:08:04,server,c3:00:00:13:3b:b7,ESP-02,f8275995-296d-4e2b-ae70-2062d98b8f41,DIN2–BA-R12,,,Sala A,-48,Sala A,movimento,Sala A,True,Sala A,False,Sala A,False,False,Sala A,-48.5,-48.5,,Sala A,False,True,True,True
2026-08-26 16:08:07,2026-08-26 16:08:05,601,1242899341,2026-08-26 16:08:07,server,c3:00:00:13:3b:b7,ESP-03,42b5a510-1687-4eee-a3f8-f7b1b4afc84c,DIN2–BA-R12,,,Sala B,-77,Sala A,movimento,Sala B,True,Sala A,False,Sala A,False,False,Sala A,-48.0,-48.0,,Sala A,False,False,True,True
2026-08-26 16:08:08,2026-08-26 16:08:07,589,998155149,2026-08-26 16:08:08,server,c3:00:00:13:3b:b7,ESP-01,5e78a359-0ad6-46ad-817c-a6a063ab2973,DIN2–BA-R12,,,Corredor,-86,Sala A,movimento,Corredor,True,Sala B,True,Sala B,True,False,Sala B,-77.0,,,Sala A,False,False,False,False
2026-08-26 16:08:08,2026-08-26 16:08:07,143,1964215701,2026-08-26 16:08:08,server,c3:00:00:13:3b:b7,ESP-02,cd97047e-658f-4d17-a811-c0f8b21de4ff,DIN2–BA-R12,,,Sala A,-55,Sala A,movimento,Sala A,True,Sala A,True,Sala A,True,False,Sala A,-55.0,-77.0,22.0,Sala A,False,True,True,True
2026-08-26 16:09:45,2026-08-26 16:09:44,168,1964215701,2026-08-26 16:09:45,server,c3:00:00:13:3b:b7,ESP-02,a52d6040-bec9-4bb9-97b2-d33ca58b3dce,DIN2–BA-R13,,,Sala A,-81,Sala B,movimento,Sala A,True,Sala A,True,Sala A,True,False,Sala A,-81.0,,,,False,False,False,False
2026-08-26 16:09:45,2026-08-26 16:09:44,614,998155149,2026-08-26 16:09:45,server,c3:00:00:13:3b:b7,ESP-01,1a1ead0b-a2ec-4ca6-93fd-7310e51b66dd,DIN2–BA-R13,,,Corredor,-82,Sala B,movimento,Corredor,True,Sala A,False,Sala A,False,False,Sala A,-81.0,-81.0,,Sala A,True,False,True,True
2026-08-26 16:09:46,2026-08-26 16:09:45,628,1242899341,2026-08-26 16:09:46,server,c3:00:00:13:3b:b7,ESP-03,3e11a9bf-f5d5-4383-9fee-e8bf93b44059,DIN2–BA-R13,,,Sala B,-60,Sala B,movimento,Sala B,True,Sala B,True,Sala B,True,False,Sala B,-60.0,-81.0,21.0,Sala A,False,False,False,False
2026-08-26 16:09:48,2026-08-26 16:09:47,169,1964215701,2026-08-26 16:09:48,server,c3:00:00:13:3b:b7,ESP-02,37db37b4-aecd-43ef-a407-ef26cb10ccb3,DIN2–BA-R13,,,Sala A,-85,Sala B,movimento,Sala A,True,Sala B,False,Sala B,False,False,Sala B,-60.0,-60.0,,Sala B,True,False,True,True
2026-08-26 16:09:49,2026-08-26 16:09:48,615,998155149,2026-08-26 16:09:49,server,c3:00:00:13:3b:b7,ESP-01,c2f8679e-6aef-409e-8ce3-a0f92a8ecbd0,DIN2–BA-R13,,,Corredor,-74,Sala B,movimento,Corredor,True,Sala B,False,Sala B,False,False,Sala B,-60.0,-60.0,,Sala B,False,False,True,True
2026-08-26 16:09:49,2026-08-26 16:09:48,629,1242899341,2026-08-26 16:09:49,server,c3:00:00:13:3b:b7,ESP-03,d260312e-2c00-4818-a57d-a77ba8e45fab,DIN2–BA-R13,,,Sala B,-55,Sala B,movimento,Sala B,True,Sala B,False,Sala B,False,False,Sala B,-57.5,-57.5,,Sala B,False,True,True,True
2026-08-26 16:09:52,2026-08-26 16:09:51,170,1964215701,2026-08-26 16:09:52,server,c3:00:00:13:3b:b7,ESP-02,7a2c23de-7128-4dd1-a711-3a8cefaf62a8,DIN2–BA-R13,,,Sala A,-93,Sala B,movimento,Sala A,True,Sala B,False,Sala B,False,False,Sala B,-55.0,-55.0,,Sala B,False,False,True,True
2026-08-26 16:09:52,2026-08-26 16:09:51,616,998155149,2026-08-26 16:09:52,server,c3:00:00:13:3b:b7,ESP-01,2d70a3ea-d615-4656-90aa-2272e3428ebf,DIN2–BA-R13,,,Corredor,-77,Sala B,movimento,Corredor,True,Sala B,False,Sala B,False,False,Sala B,-55.0,-55.0,,Sala B,False,False,True,True
2026-08-26 16:09:53,2026-08-26 16:09:52,630,1242899341,2026-08-26 16:09:53,server,c3:00:00:13:3b:b7,ESP-03,57c71efe-b21e-4905-92ec-d46f61c6882f,DIN2–BA-R13,,,Sala B,-58,Sala B,movimento,Sala B,True,Sala B,False,Sala B,False,False,Sala B,-58.0,-58.0,,Sala B,False,True,True,True
2026-08-26 16:09:56,2026-08-26 16:09:55,171,1964215701,2026-08-26 16:09:56,server,c3:00:00:13:3b:b7,ESP-02,a9f4ff0e-affc-4ffa-8861-b52eac2cc2ea,DIN2–BA-R13,,,Sala A,-77,Sala B,movimento,Sala A,True,Sala B,False,Sala B,False,False,Sala B,-58.0,-58.0,,Sala B,False,False,True,True
2026-08-26 16:09:56,2026-08-26 16:09:55,617,998155149,2026-08-26 16:09:56,server,c3:00:00:13:3b:b7,ESP-01,c434af53-a4e1-4525-a03c-ac07bc581439,DIN2–BA-R13,,,Corredor,-75,Sala B,movimento,Corredor,True,Sala B,False,Sala B,False,False,Sala B,-58.0,-58.0,,Sala B,False,False,True,True
2026-08-26 16:09:57,2026-08-26 16:09:56,631,1242899341,2026-08-26 16:09:57,server,c3:00:00:13:3b:b7,ESP-03,e619a39f-4dfb-4577-99b3-908615df70ea,DIN2–BA-R13,,,Sala B,-56,Sala B,movimento,Sala B,True,Sala B,False,Sala B,False,False,Sala B,-56.0,-56.0,,Sala B,False,True,True,True
2026-08-26 16:09:59,2026-08-26 16:09:58,172,1964215701,2026-08-26 16:09:59,server,c3:00:00:13:3b:b7,ESP-02,cfc7606f-4fde-4497-b680-a68ff8d2a59c,DIN2–BA-R13,,,Sala A,-81,Sala B,movimento,Sala A,True,Sala B,False,Sala B,False,False,Sala B,-56.0,-56.0,,Sala B,False,False,True,True
2026-08-26 16:10:00,2026-08-26 16:09:59,618,998155149,2026-08-26 16:10:00,server,c3:00:00:13:3b:b7,ESP-01,c57ae0be-018b-4b04-b713-bda2f5fd185d,DIN2–BA-R13,,,Corredor,-77,Sala B,movimento,Corredor,True,Sala B,False,Sala B,False,False,Sala B,-56.0,-56.0,,Sala B,False,False,True,True
2026-08-26 16:10:00,2026-08-26 16:09:59,632,1242899341,2026-08-26 16:10:00,server,c3:00:00:13:3b:b7,ESP-03,c6188db7-1a8f-4124-ac2b-5bab064217f9,DIN2–BA-R13,,,Sala B,-59,Sala B,movimento,Sala B,True,Sala B,False,Sala B,False,False,Sala B,-57.5,-57.5,,Sala B,False,True,True,True
2026-08-26 16:10:03,2026-08-26 16:10:02,173,1964215701,2026-08-26 16:10:03,server,c3:00:00:13:3b:b7,ESP-02,5c42abbb-01a9-40b3-86eb-0b10e87778ad,DIN2–BA-R13,,,Sala A,-87,Corredor,movimento,Sala A,True,Sala B,False,Sala B,False,False,Sala B,-59.0,-59.0,,Sala B,False,False,True,True
2026-08-26 16:10:03,2026-08-26 16:10:02,619,998155149,2026-08-26 16:10:03,server,c3:00:00:13:3b:b7,ESP-01,31bb03e9-a6f9-49da-a820-008dd1080917,DIN2–BA-R13,,,Corredor,-88,Corredor,movimento,Corredor,True,Sala B,False,Sala B,False,False,Sala B,-59.0,-59.0,,Sala B,False,False,True,True
2026-08-26 16:10:04,2026-08-26 16:10:03,633,1242899341,2026-08-26 16:10:04,server,c3:00:00:13:3b:b7,ESP-03,5a10826b-a65d-4e9b-8840-5473f49e8980,DIN2–BA-R13,,,Sala B,-78,Corredor,movimento,Sala B,True,Sala B,False,Sala B,False,False,Sala B,-78.0,-78.0,,Sala B,False,True,True,True
2026-08-26 16:10:06,2026-08-26 16:10:05,174,1964215701,2026-08-26 16:10:06,server,c3:00:00:13:3b:b7,ESP-02,d13f30bd-2979-4111-9648-873e3d38f95e,DIN2–BA-R13,,,Sala A,-78,Corredor,movimento,Sala A,True,Sala B,False,Sala B,False,False,Sala B,-78.0,-78.0,,Sala B,False,False,True,True
2026-08-26 16:10:07,2026-08-26 16:10:06,620,998155149,2026-08-26 16:10:07,server,c3:00:00:13:3b:b7,ESP-01,0cb4bda0-9b09-4db3-8146-6497efb33253,DIN2–BA-R13,,,Corredor,-63,Corredor,movimento,Corredor,True,Corredor,True,Corredor,True,False,Corredor,-63.0,-78.0,15.0,Sala B,False,False,False,False
2026-08-26 16:10:07,2026-08-26 16:10:06,634,1242899341,2026-08-26 16:10:07,server,c3:00:00:13:3b:b7,ESP-03,e46e5250-40c8-4d25-8c57-80a7d974960d,DIN2–BA-R13,,,Sala B,-83,Corredor,movimento,Sala B,True,Corredor,False,Corredor,False,False,Corredor,-63.0,-63.0,,Corredor,True,False,True,True
2026-08-26 16:10:10,2026-08-26 16:10:09,175,1964215701,2026-08-26 16:10:10,server,c3:00:00:13:3b:b7,ESP-02,b0f98959-cfd8-4926-88a9-6d8f919f30f2,DIN2–BA-R13,,,Sala A,-63,Sala A,movimento,Sala A,True,Corredor,False,Corredor,False,False,Corredor,-63.0,-63.0,,Corredor,False,False,True,True
2026-08-26 16:10:10,2026-08-26 16:10:09,621,998155149,2026-08-26 16:10:10,server,c3:00:00:13:3b:b7,ESP-01,a0b4ef7c-429c-483b-aab5-06f2deabe7c0,DIN2–BA-R13,,,Corredor,-73,Sala A,movimento,Corredor,True,Sala A,True,Sala A,True,False,Sala A,-63.0,-68.0,5.0,Corredor,False,True,False,False
2026-08-26 16:10:11,2026-08-26 16:10:10,635,1242899341,2026-08-26 16:10:11,server,c3:00:00:13:3b:b7,ESP-03,c7825cbc-194b-4ca0-a18e-8fe66a30cf43,DIN2–BA-R13,,,Sala B,-91,Sala A,movimento,Sala B,True,Sala A,False,Sala A,False,False,Sala A,-63.0,-63.0,,Sala A,True,False,True,True
2026-08-26 16:10:13,2026-08-26 16:10:12,176,1964215701,2026-08-26 16:10:13,server,c3:00:00:13:3b:b7,ESP-02,287cdb97-0ddf-41d0-8be6-7968e47c27f4,DIN2–BA-R13,,,Sala A,-70,Sala A,movimento,Sala A,True,Sala A,False,Sala A,False,False,Sala A,-66.5,-66.5,,Sala A,False,True,True,True
2026-08-26 16:10:14,2026-08-26 16:10:13,622,998155149,2026-08-26 16:10:14,server,c3:00:00:13:3b:b7,ESP-01,b657e164-4afd-4b7c-b3b8-f95dcabefbda,DIN2–BA-R13,,,Corredor,-97,Sala A,movimento,Corredor,True,Sala A,False,Sala A,False,False,Sala A,-70.0,-70.0,,Sala A,False,False,True,True
2026-08-26 16:10:15,2026-08-26 16:10:13,636,1242899341,2026-08-26 16:10:15,server,c3:00:00:13:3b:b7,ESP-03,1f57d6fe-50f8-4db5-8d39-5781d367270e,DIN2–BA-R13,,,Sala B,-93,Sala A,movimento,Sala B,True,Sala A,False,Sala A,False,False,Sala A,-70.0,-70.0,,Sala A,False,False,True,True
2026-08-26 16:10:17,2026-08-26 16:10:16,177,1964215701,2026-08-26 16:10:17,server,c3:00:00:13:3b:b7,ESP-02,6f8afb5a-1a9a-4309-84e9-ce1f0d1ea962,DIN2–BA-R13,,,Sala A,-66,Sala A,movimento,Sala A,True,Sala A,False,Sala A,False,False,Sala A,-66.0,-66.0,,Sala A,False,True,True,True
2026-08-26 16:10:18,2026-08-26 16:10:17,623,998155149,2026-08-26 16:10:18,server,c3:00:00:13:3b:b7,ESP-01,30cfbac2-8f91-4d42-827f-71cdf322c4dc,DIN2–BA-R13,,,Corredor,-76,Sala A,movimento,Corredor,True,Sala A,False,Sala A,False,False,Sala A,-66.0,-66.0,,Sala A,False,False,True,True
2026-08-26 16:10:18,2026-08-26 16:10:17,637,1242899341,2026-08-26 16:10:18,server,c3:00:00:13:3b:b7,ESP-03,8573dd9b-d42e-4117-891b-71f07a7bac07,DIN2–BA-R13,,,Sala B,-87,Sala A,movimento,Sala B,True,Sala A,False,Sala A,False,False,Sala A,-66.0,-66.0,,Sala A,False,False,True,True
2026-08-26 16:10:21,2026-08-26 16:10:20,178,1964215701,2026-08-26 16:10:21,server,c3:00:00:13:3b:b7,ESP-02,cd776a1a-3867-407d-bdeb-4b35952fbd9f,DIN2–BA-R13,,,Sala A,-66,Sala A,movimento,Sala A,True,Sala A,False,Sala A,False,False,Sala A,-66.0,-66.0,,Sala A,False,True,True,True
2026-08-26 16:10:21,2026-08-26 16:10:20,624,998155149,2026-08-26 16:10:21,server,c3:00:00:13:3b:b7,ESP-01,9d6b56ad-db71-4428-9c20-1471c4beb92e,DIN2–BA-R13,,,Corredor,-77,Sala A,movimento,Corredor,True,Sala A,False,Sala A,False,False,Sala A,-66.0,-66.0,,Sala A,False,False,True,True
2026-08-26 16:10:22,2026-08-26 16:10:21,638,1242899341,2026-08-26 16:10:22,server,c3:00:00:13:3b:b7,ESP-03,44b62fea-eb1c-40df-afae-ee4b4d1d027d,DIN2–BA-R13,,,Sala B,-90,Sala A,movimento,Sala B,True,Sala A,False,Sala A,False,False,Sala A,-66.0,-66.0,,Sala A,False,False,True,True
2026-08-26 16:10:24,2026-08-26 16:10:23,179,1964215701,2026-08-26 16:10:24,server,c3:00:00:13:3b:b7,ESP-02,a55973cb-6e16-49d6-bcd6-349f24933cbd,DIN2–BA-R13,,,Sala A,-60,Sala A,movimento,Sala A,True,Sala A,False,Sala A,False,False,Sala A,-63.0,-63.0,,Sala A,False,True,True,True
2026-08-26 16:10:25,2026-08-26 16:10:24,625,998155149,2026-08-26 16:10:25,server,c3:00:00:13:3b:b7,ESP-01,dcac18cd-8596-41a0-9ebc-ef41e1cd74a0,DIN2–BA-R13,,,Corredor,-74,Sala A,movimento,Corredor,True,Sala A,False,Sala A,False,False,Sala A,-60.0,-60.0,,Sala A,False,False,True,True
2026-08-26 16:10:25,2026-08-26 16:10:24,639,1242899341,2026-08-26 16:10:25,server,c3:00:00:13:3b:b7,ESP-03,7cf77a3b-1fb0-4497-9248-028691c50910,DIN2–BA-R13,,,Sala B,-90,Sala A,movimento,Sala B,True,Sala A,False,Sala A,False,False,Sala A,-60.0,-60.0,,Sala A,False,False,True,True
2026-08-26 16:11:43,2026-08-26 16:11:42,647,998155149,2026-08-26 16:11:43,server,c3:00:00:13:3b:b7,ESP-01,eb5a0b00-bf56-4c84-8bfd-0007991c2fdf,DIN2–BA-R14,,,Corredor,-72,Sala B,movimento,Corredor,True,Corredor,True,Corredor,True,False,Corredor,-72.0,,,,False,False,False,False
2026-08-26 16:11:43,2026-08-26 16:11:42,201,1964215701,2026-08-26 16:11:43,server,c3:00:00:13:3b:b7,ESP-02,c1ae0ca1-d37f-44cd-a37d-2e8da44dc2ab,DIN2–BA-R14,,,Sala A,-81,Sala B,movimento,Sala A,True,Corredor,False,Corredor,False,False,Corredor,-72.0,-72.0,,Corredor,True,False,True,True
2026-08-26 16:11:44,2026-08-26 16:11:43,661,1242899341,2026-08-26 16:11:44,server,c3:00:00:13:3b:b7,ESP-03,9ca38ac6-4245-4619-9d25-f20c288e9f38,DIN2–BA-R14,,,Sala B,-63,Sala B,movimento,Sala B,True,Sala B,True,Sala B,True,False,Sala B,-63.0,-72.0,9.0,Corredor,False,False,False,False
2026-08-26 16:11:47,2026-08-26 16:11:46,648,998155149,2026-08-26 16:11:47,server,c3:00:00:13:3b:b7,ESP-01,2cc6ae39-c987-4711-8c59-109fefc7d97f,DIN2–BA-R14,,,Corredor,-94,Sala B,movimento,Corredor,True,Sala B,False,Sala B,False,False,Sala B,-63.0,-63.0,,Sala B,True,False,True,True
2026-08-26 16:11:47,2026-08-26 16:11:46,202,1964215701,2026-08-26 16:11:47,server,c3:00:00:13:3b:b7,ESP-02,19b7e71e-00f1-48da-8bcd-5136741c8ab6,DIN2–BA-R14,,,Sala A,-83,Sala B,movimento,Sala A,True,Sala B,False,Sala B,False,False,Sala B,-63.0,-63.0,,Sala B,False,False,True,True
2026-08-26 16:11:48,2026-08-26 16:11:47,662,1242899341,2026-08-26 16:11:48,server,c3:00:00:13:3b:b7,ESP-03,eb561c12-7a9e-45dc-96d9-f8d65df9bbe4,DIN2–BA-R14,,,Sala B,-71,Sala B,movimento,Sala B,True,Sala B,False,Sala B,False,False,Sala B,-71.0,-71.0,,Sala B,False,True,True,True
2026-08-26 16:11:50,2026-08-26 16:11:49,649,998155149,2026-08-26 16:11:50,server,c3:00:00:13:3b:b7,ESP-01,d7536e72-522b-4bc0-b156-f6bb09811cba,DIN2–BA-R14,,,Corredor,-79,Sala B,movimento,Corredor,True,Sala B,False,Sala B,False,False,Sala B,-71.0,-71.0,,Sala B,False,False,True,True
2026-08-26 16:11:50,2026-08-26 16:11:49,203,1964215701,2026-08-26 16:11:50,server,c3:00:00:13:3b:b7,ESP-02,d95b2cc6-752d-49aa-ad2c-eebf01909ab2,DIN2–BA-R14,,,Sala A,-84,Sala B,movimento,Sala A,True,Sala B,False,Sala B,False,False,Sala B,-71.0,-71.0,,Sala B,False,False,True,True
2026-08-26 16:11:51,2026-08-26 16:11:50,663,1242899341,2026-08-26 16:11:51,server,c3:00:00:13:3b:b7,ESP-03,c11bebe3-ccda-42c7-b9ab-d4f61062f81e,DIN2–BA-R14,,,Sala B,-57,Sala B,movimento,Sala B,True,Sala B,False,Sala B,False,False,Sala B,-64.0,-64.0,,Sala B,False,True,True,True
2026-08-26 16:11:54,2026-08-26 16:11:53,650,998155149,2026-08-26 16:11:54,server,c3:00:00:13:3b:b7,ESP-01,de06ad40-a979-4eec-a803-19081c504b37,DIN2–BA-R14,,,Corredor,-77,Sala B,movimento,Corredor,True,Sala B,False,Sala B,False,False,Sala B,-57.0,-57.0,,Sala B,False,False,True,True
2026-08-26 16:11:54,2026-08-26 16:11:53,204,1964215701,2026-08-26 16:11:54,server,c3:00:00:13:3b:b7,ESP-02,8d421d5d-21ee-4b52-9f35-0a645af31420,DIN2–BA-R14,,,Sala A,-91,Sala B,movimento,Sala A,True,Sala B,False,Sala B,False,False,Sala B,-57.0,-57.0,,Sala B,False,False,True,True
2026-08-26 16:11:55,2026-08-26 16:11:54,664,1242899341,2026-08-26 16:11:55,server,c3:00:00:13:3b:b7,ESP-03,a161fd74-361b-45da-ad4d-3dec8bcdbcd5,DIN2–BA-R14,,,Sala B,-62,Sala B,movimento,Sala B,True,Sala B,False,Sala B,False,False,Sala B,-62.0,-62.0,,Sala B,False,True,True,True
2026-08-26 16:11:57,2026-08-26 16:11:56,651,998155149,2026-08-26 16:11:57,server,c3:00:00:13:3b:b7,ESP-01,9a9b2c77-08e4-485d-b23e-2baa81bdadf1,DIN2–BA-R14,,,Corredor,-88,Sala B,movimento,Corredor,True,Sala B,False,Sala B,False,False,Sala B,-62.0,-62.0,,Sala B,False,False,True,True
2026-08-26 16:11:57,2026-08-26 16:11:56,205,1964215701,2026-08-26 16:11:57,server,c3:00:00:13:3b:b7,ESP-02,7b618407-13b0-493e-891e-39ac6da8ff67,DIN2–BA-R14,,,Sala A,-90,Sala B,movimento,Sala A,True,Sala B,False,Sala B,False,False,Sala B,-62.0,-62.0,,Sala B,False,False,True,True
2026-08-26 16:11:58,2026-08-26 16:11:57,665,1242899341,2026-08-26 16:11:58,server,c3:00:00:13:3b:b7,ESP-03,7c7d4de4-fa98-441e-9327-3607a218f399,DIN2–BA-R14,,,Sala B,-62,Sala B,movimento,Sala B,True,Sala B,False,Sala B,False,False,Sala B,-62.0,-62.0,,Sala B,False,True,True,True
2026-08-26 16:12:01,2026-08-26 16:12:00,652,998155149,2026-08-26 16:12:01,server,c3:00:00:13:3b:b7,ESP-01,6aa5de12-ea0f-4f71-855f-697708c618b9,DIN2–BA-R14,,,Corredor,-80,Sala B,movimento,Corredor,True,Sala B,False,Sala B,False,False,Sala B,-62.0,-62.0,,Sala B,False,False,True,True
2026-08-26 16:12:01,2026-08-26 16:12:00,206,1964215701,2026-08-26 16:12:01,server,c3:00:00:13:3b:b7,ESP-02,ae20305d-23d0-4e65-99f2-a500080d802c,DIN2–BA-R14,,,Sala A,-82,Sala B,movimento,Sala A,True,Sala B,False,Sala B,False,False,Sala B,-62.0,-62.0,,Sala B,False,False,True,True
2026-08-26 16:12:02,2026-08-26 16:12:01,666,1242899341,2026-08-26 16:12:02,server,c3:00:00:13:3b:b7,ESP-03,e0c78606-b3c6-4e04-9acf-61534b00724a,DIN2–BA-R14,,,Sala B,-60,Sala B,movimento,Sala B,True,Sala B,False,Sala B,False,False,Sala B,-60.0,-60.0,,Sala B,False,True,True,True
2026-08-26 16:12:05,2026-08-26 16:12:04,653,998155149,2026-08-26 16:12:05,server,c3:00:00:13:3b:b7,ESP-01,b7d24f13-e883-41aa-a00f-d7d36018df24,DIN2–BA-R14,,,Corredor,-78,Corredor,movimento,Corredor,True,Sala B,False,Sala B,False,False,Sala B,-60.0,-60.0,,Sala B,False,False,True,True
2026-08-26 16:12:05,2026-08-26 16:12:04,207,1964215701,2026-08-26 16:12:05,server,c3:00:00:13:3b:b7,ESP-02,f3ca35ba-f07f-4105-9659-8d61b9c870e1,DIN2–BA-R14,,,Sala A,-87,Corredor,movimento,Sala A,True,Sala B,False,Sala B,False,False,Sala B,-60.0,-60.0,,Sala B,False,False,True,True
2026-08-26 16:12:06,2026-08-26 16:12:05,667,1242899341,2026-08-26 16:12:06,server,c3:00:00:13:3b:b7,ESP-03,c10d2c76-634f-4e98-bc6e-f373d9ddd024,DIN2–BA-R14,,,Sala B,-74,Corredor,movimento,Sala B,True,Sala B,False,Sala B,False,False,Sala B,-74.0,-74.0,,Sala B,False,True,True,True
2026-08-26 16:12:08,2026-08-26 16:12:07,654,998155149,2026-08-26 16:12:08,server,c3:00:00:13:3b:b7,ESP-01,8183f4e8-5fd8-43f6-bafe-f2725cf350b0,DIN2–BA-R14,,,Corredor,-64,Corredor,movimento,Corredor,True,Corredor,True,Sala B,False,True,Corredor,-71.0,-74.0,3.0,Sala B,False,False,False,True
2026-08-26 16:12:09,2026-08-26 16:12:08,208,1964215701,2026-08-26 16:12:09,server,c3:00:00:13:3b:b7,ESP-02,a497d2dd-0e40-4202-b544-f0de24b87dd5,DIN2–BA-R14,,,Sala A,-71,Corredor,movimento,Sala A,True,Corredor,False,Corredor,True,False,Corredor,-64.0,-74.0,10.0,Sala B,False,False,False,False
2026-08-26 16:12:09,2026-08-26 16:12:08,668,1242899341,2026-08-26 16:12:09,server,c3:00:00:13:3b:b7,ESP-03,8a542d4c-2188-4792-8e8d-d3a434b41d18,DIN2–BA-R14,,,Sala B,-85,Corredor,movimento,Sala B,True,Corredor,False,Corredor,False,False,Corredor,-64.0,-64.0,,Corredor,True,False,True,True
2026-08-26 16:12:12,2026-08-26 16:12:11,655,998155149,2026-08-26 16:12:12,server,c3:00:00:13:3b:b7,ESP-01,1a4afb47-027b-4402-9638-5e9963acecc3,DIN2–BA-R14,,,Corredor,-70,Sala A,movimento,Corredor,True,Corredor,False,Corredor,False,False,Corredor,-70.0,-70.0,,Corredor,False,True,True,True
2026-08-26 16:12:13,2026-08-26 16:12:12,669,1242899341,2026-08-26 16:12:13,server,c3:00:00:13:3b:b7,ESP-03,5cacee73-1ac1-47c3-941c-a8c220c4941f,DIN2–BA-R14,,,Sala B,-80,Sala A,movimento,Sala B,True,Corredor,False,Corredor,False,False,Corredor,-70.0,-70.0,,Corredor,False,False,True,True
2026-08-26 16:12:15,2026-08-26 16:12:14,656,998155149,2026-08-26 16:12:15,server,c3:00:00:13:3b:b7,ESP-01,2fd70161-5c8f-490f-9d9c-60c55ea1857d,DIN2–BA-R14,,,Corredor,-87,Sala A,movimento,Corredor,True,Corredor,False,Corredor,False,False,Corredor,-78.5,-78.5,,Corredor,False,True,True,True
2026-08-26 16:12:16,2026-08-26 16:12:15,670,1242899341,2026-08-26 16:12:16,server,c3:00:00:13:3b:b7,ESP-03,d8644c06-9986-47ec-84e6-f8ce27458d33,DIN2–BA-R14,,,Sala B,-84,Sala A,movimento,Sala B,True,Sala B,True,Sala B,True,False,Sala B,-82.0,-87.0,5.0,Corredor,False,False,False,False
2026-08-26 16:12:19,2026-08-26 16:12:11,209,1964215701,2026-08-26 16:12:19,server,c3:00:00:13:3b:b7,ESP-02,9c39ee2d-bc5c-4844-a04c-7630e9b2eb96,DIN2–BA-R14,,,Sala A,-63,Sala A,movimento,Sala A,True,Sala A,True,Sala A,True,False,Sala A,-63.0,-84.0,21.0,Corredor,False,False,False,False
2026-08-26 16:12:19,2026-08-26 16:12:18,657,998155149,2026-08-26 16:12:19,server,c3:00:00:13:3b:b7,ESP-01,35c8806b-fc24-4e78-97db-0a4660023dec,DIN2–BA-R14,,,Corredor,-81,Sala A,movimento,Corredor,True,Sala A,False,Sala A,False,False,Sala A,-63.0,-63.0,,Sala A,True,False,True,True
2026-08-26 16:12:20,2026-08-26 16:12:19,671,1242899341,2026-08-26 16:12:20,server,c3:00:00:13:3b:b7,ESP-03,00dfb79c-ddda-4db7-a2d6-c46400270be3,DIN2–BA-R14,,,Sala B,-82,Sala A,movimento,Sala B,True,Sala A,False,Sala A,False,False,Sala A,-63.0,-63.0,,Sala A,False,False,True,True
2026-08-26 16:12:22,2026-08-26 16:12:21,210,1964215701,2026-08-26 16:12:22,server,c3:00:00:13:3b:b7,ESP-02,f87d1b9c-5b83-4e0e-ae48-b7370115984e,DIN2–BA-R14,,,Sala A,-64,Sala A,movimento,Sala A,True,Sala A,False,Sala A,False,False,Sala A,-63.5,-63.5,,Sala A,False,True,True,True
2026-08-26 16:12:23,2026-08-26 16:12:21,658,998155149,2026-08-26 16:12:23,server,c3:00:00:13:3b:b7,ESP-01,ace05aed-c73f-4a8f-84f9-2fc4b78ef572,DIN2–BA-R14,,,Corredor,-73,Sala A,movimento,Corredor,True,Sala A,False,Sala A,False,False,Sala A,-64.0,-64.0,,Sala A,False,False,True,True
2026-08-26 16:12:24,2026-08-26 16:12:22,672,1242899341,2026-08-26 16:12:24,server,c3:00:00:13:3b:b7,ESP-03,ec5d6e22-6b02-4931-8d0e-f37d4b729980,DIN2–BA-R14,,,Sala B,-82,Sala A,movimento,Sala B,True,Sala A,False,Sala A,False,False,Sala A,-64.0,-64.0,,Sala A,False,False,True,True
2026-08-26 16:12:26,2026-08-26 16:12:25,211,1964215701,2026-08-26 16:12:26,server,c3:00:00:13:3b:b7,ESP-02,b49561c8-7461-4164-b1f7-e977eb94f363,DIN2–BA-R14,,,Sala A,-63,Sala A,movimento,Sala A,True,Sala A,False,Sala A,False,False,Sala A,-63.0,-63.0,,Sala A,False,True,True,True
2026-08-26 16:12:26,2026-08-26 16:12:25,659,998155149,2026-08-26 16:12:26,server,c3:00:00:13:3b:b7,ESP-01,66d2f12a-442d-4bf3-ac26-ea2ac176df2c,DIN2–BA-R14,,,Corredor,-82,Sala A,movimento,Corredor,True,Sala A,False,Sala A,False,False,Sala A,-63.0,-63.0,,Sala A,False,False,True,True
2026-08-26 16:12:27,2026-08-26 16:12:26,673,1242899341,2026-08-26 16:12:27,server,c3:00:00:13:3b:b7,ESP-03,48de2e85-5732-43e1-86a2-1e2f5f051e34,DIN2–BA-R14,,,Sala B,-83,Sala A,movimento,Sala B,True,Sala A,False,Sala A,False,False,Sala A,-63.0,-63.0,,Sala A,False,False,True,True
2026-08-26 16:12:29,2026-08-26 16:12:28,212,1964215701,2026-08-26 16:12:29,server,c3:00:00:13:3b:b7,ESP-02,5f410ce0-4fdf-47ec-bd17-5cd3dfaf97f2,DIN2–BA-R14,,,Sala A,-66,Sala A,movimento,Sala A,True,Sala A,False,Sala A,False,False,Sala A,-64.5,-64.5,,Sala A,False,True,True,True
2026-08-26 16:12:30,2026-08-26 16:12:29,660,998155149,2026-08-26 16:12:30,server,c3:00:00:13:3b:b7,ESP-01,412dd560-185b-474b-a01f-0c5eb55958a9,DIN2–BA-R14,,,Corredor,-82,Sala A,movimento,Corredor,True,Sala A,False,Sala A,False,False,Sala A,-66.0,-66.0,,Sala A,False,False,True,True
