time,node_time,node_seq,boot_id,effective_time,clock_source,mac,esp_id,batch_id,experiment_id,trial_type,trial_position,raw_room,raw_rssi,ground_truth_room,ground_truth_scenario,baseline_room,baseline_changed,median_room,median_changed,median_hysteresis_room,median_hysteresis_changed,median_hysteresis_rejected,median_hysteresis_candidate_room,median_hysteresis_candidate_rssi,median_hysteresis_current_room_rssi,median_hysteresis_difference_db,median_hysteresis_persistence_room,median_hysteresis_persistence_changed,baseline_agrees_with_final,median_agrees_with_final,median_hysteresis_agrees_with_final
2026-08-26 14:37:06,2026-08-26 14:37:05,17,4156849429,2026-08-26 14:37:06,server,c3:00:00:13:3b:b7,ESP-02,add140c5-7ab9-4bde-bb84-ef0b25573cc3,DIN2–AB-R2,,,Sala A,-69,,,Sala A,True,Sala A,True,Sala A,True,False,Sala A,-69.0,,,,False,False,False,False
2026-08-26 14:37:07,2026-08-26 14:37:06,2856,2605610151,2026-08-26 14:37:07,server,c3:00:00:13:3b:b7,ESP-01,0ed020b8-3964-4f59-819e-c99cef6ca24d,DIN2–AB-R2,,,Corredor,-75,Sala A,movimento,Corredor,True,Sala A,False,Sala A,False,False,Sala A,-69.0,-69.0,,,False,False,False,False
2026-08-26 14:37:10,2026-08-26 14:37:09,2870,1366431522,2026-08-26 14:37:10,server,c3:00:00:13:3b:b7,ESP-03,f2e2a3a9-492b-49c3-aa91-baafa541811f,DIN2–AB-R2,,,Sala B,-81,Sala A,movimento,Sala B,True,Sala A,False,Sala A,False,False,Sala A,-69.0,-69.0,,Sala A,True,False,True,True
2026-08-26 14:37:13,2026-08-26 14:37:12,18,4156849429,2026-08-26 14:37:13,server,c3:00:00:13:3b:b7,ESP-02,24cb4845-6766-4079-a315-5e1e5a3ef2fc,DIN2–AB-R2,,,Sala A,-65,Sala A,movimento,Sala A,True,Sala A,False,Sala A,False,False,Sala A,-67.0,-67.0,,Sala A,False,True,True,True
2026-08-26 14:37:13,2026-08-26 14:37:13,2857,2605610151,2026-08-26 14:37:13,server,c3:00:00:13:3b:b7,ESP-01,c7320fde-01f2-4875-82d6-3dc75a0a557d,DIN2–AB-R2,,,Corredor,-77,Sala A,movimento,Corredor,True,Sala A,False,Sala A,False,False,Sala A,-67.0,-67.0,,Sala A,False,False,True,True
2026-08-26 14:37:17,2026-08-26 14:37:16,2871,1366431522,2026-08-26 14:37:17,server,c3:00:00:13:3b:b7,ESP-03,d617062f-6829-4506-b922-eab5a982b176,DIN2–AB-R2,,,Sala B,-76,Sala A,movimento,Sala B,True,Sala A,False,Sala A,False,False,Sala A,-65.0,-65.0,,Sala A,False,False,True,True
2026-08-26 14:37:20,2026-08-26 14:37:19,19,4156849429,2026-08-26 14:37:20,server,c3:00:00:13:3b:b7,ESP-02,de4cfa0d-2213-4a77-8d91-25c68ecc2fda,DIN2–AB-R2,,,Sala A,-80,Sala A,movimento,Sala A,True,Sala A,False,Sala A,False,False,Sala A,-72.5,-72.5,,Sala A,False,True,True,True
2026-08-26 14:37:20,2026-08-26 14:37:19,2858,2605610151,2026-08-26 14:37:20,server,c3:00:00:13:3b:b7,ESP-01,d260ed67-16f8-4630-aa0d-0251154c4649,DIN2–AB-R2,,,Corredor,-68,Sala A,movimento,Corredor,True,Sala A,False,Sala A,False,False,Sala A,-72.5,-72.5,,Sala A,False,False,True,True
2026-08-26 14:37:23,2026-08-26 14:37:22,2872,1366431522,2026-08-26 14:37:23,server,c3:00:00:13:3b:b7,ESP-03,c84d9a75-9f6d-4fb8-9514-eee100576d45,DIN2–AB-R2,,,Sala B,-85,Sala A,movimento,Sala B,True,Corredor,True,Corredor,True,False,Corredor,-68.0,-80.0,12.0,Sala A,False,False,False,False
2026-08-26 14:37:26,2026-08-26 14:37:25,20,4156849429,2026-08-26 14:37:26,server,c3:00:00:13:3b:b7,ESP-02,9690d87b-cf06-42c1-8fd8-a3ed51d039fa,DIN2–AB-R2,,,Sala A,-63,Sala A,movimento,Sala A,True,Corredor,False,Corredor,False,False,Corredor,-68.0,-68.0,,Sala A,False,True,False,False
2026-08-26 14:37:27,2026-08-26 14:37:26,2859,2605610151,2026-08-26 14:37:27,server,c3:00:00:13:3b:b7,ESP-01,e8817859-d979-43c9-8da8-5c58d30542a7,DIN2–AB-R2,,,Corredor,-81,Corredor,movimento,Corredor,True,Sala A,True,Corredor,False,True,Sala A,-71.5,-74.5,3.0,Corredor,True,True,False,True
2026-08-26 14:37:30,2026-08-26 14:37:29,2873,1366431522,2026-08-26 14:37:30,server,c3:00:00:13:3b:b7,ESP-03,c2b429e5-86ce-45e5-9ff3-eef0bb7b03b0,DIN2–AB-R2,,,Sala B,-82,Corredor,movimento,Sala B,True,Sala A,False,Sala A,True,False,Sala A,-63.0,-81.0,18.0,Corredor,False,False,False,False
2026-08-26 14:37:33,2026-08-26 14:37:32,21,4156849429,2026-08-26 14:37:33,server,c3:00:00:13:3b:b7,ESP-02,3280bc24-943d-4803-94ba-d4e76a451440,DIN2–AB-R2,,,Sala A,-84,Sala B,movimento,Sala A,True,Sala A,False,Sala A,False,False,Sala A,-73.5,-73.5,,Corredor,False,False,False,False
2026-08-26 14:37:33,2026-08-26 14:37:32,2860,2605610151,2026-08-26 14:37:33,server,c3:00:00:13:3b:b7,ESP-01,105a7469-1867-4a4d-b477-df1019ae0f52,DIN2–AB-R2,,,Corredor,-50,Sala B,movimento,Corredor,True,Corredor,True,Corredor,True,False,Corredor,-65.5,-73.5,8.0,Corredor,False,True,True,True
2026-08-26 14:37:36,2026-08-26 14:37:36,2874,1366431522,2026-08-26 14:37:36,server,c3:00:00:13:3b:b7,ESP-03,9ea61baf-1374-43f5-879b-795d004c55eb,DIN2–AB-R2,,,Sala B,-64,Sala B,movimento,Sala B,True,Corredor,False,Corredor,False,False,Corredor,-50.0,-50.0,,Corredor,False,False,True,True
2026-08-26 14:37:40,2026-08-26 14:37:39,22,4156849429,2026-08-26 14:37:40,server,c3:00:00:13:3b:b7,ESP-02,8f454c0d-e1cd-4de2-bfff-18f5fc961391,DIN2–AB-R2,,,Sala A,-87,Sala B,movimento,Sala A,True,Corredor,False,Corredor,False,False,Corredor,-50.0,-50.0,,Corredor,False,False,True,True
2026-08-26 14:37:40,2026-08-26 14:37:39,2861,2605610151,2026-08-26 14:37:40,server,c3:00:00:13:3b:b7,ESP-01,887c7a01-ec9b-4332-ba33-27b9cf77cd91,DIN2–AB-R2,,,Corredor,-83,Sala B,movimento,Corredor,True,Sala B,True,Corredor,False,True,Sala B,-64.0,-66.5,2.5,Corredor,False,True,False,True
2026-08-26 14:37:43,2026-08-26 14:37:42,2875,1366431522,2026-08-26 14:37:43,server,c3:00:00:13:3b:b7,ESP-03,9d639825-3e7a-4954-a987-109e4c1840a7,DIN2–AB-R2,,,Sala B,-55,Sala B,movimento,Sala B,True,Sala B,False,Sala B,True,False,Sala B,-59.5,-83.0,23.5,Corredor,False,False,False,False
2026-08-26 14:37:46,2026-08-26 14:37:45,23,4156849429,2026-08-26 14:37:46,server,c3:00:00:13:3b:b7,ESP-02,1b4599b8-5e27-4a69-9bfb-e2b68fa50781,DIN2–AB-R2,,,Sala A,-90,Sala B,movimento,Sala A,True,Sala B,False,Sala B,False,False,Sala B,-55.0,-55.0,,Corredor,False,False,False,False
2026-08-26 14:37:47,2026-08-26 14:37:46,2862,2605610151,2026-08-26 14:37:47,server,c3:00:00:13:3b:b7,ESP-01,2fdebc30-3bf1-422f-92c3-866448a40293,DIN2–AB-R2,,,Corredor,-73,Sala B,movimento,Corredor,True,Sala B,False,Sala B,False,False,Sala B,-55.0,-55.0,,Sala B,True,False,True,True
2026-08-26 14:37:06,2026-08-26 14:37:05,17,4156849429,2026-08-26 14:37:06,server,c3:00:00:13:3b:f2,ESP-02,add140c5-7ab9-4bde-bb84-ef0b25573cc3,DIN2–AB-R2,,,Sala A,-74,,,Sala A,True,Sala A,True,Sala A,True,False,Sala A,-74.0,,,,False,False,False,False
2026-08-26 14:37:07,2026-08-26 14:37:06,2856,2605610151,2026-08-26 14:37:07,server,c3:00:00:13:3b:f2,ESP-01,0ed020b8-3964-4f59-819e-c99cef6ca24d,DIN2–AB-R2,,,Corredor,-90,,,Corredor,True,Sala A,False,Sala A,False,False,Sala A,-74.0,-74.0,,,False,False,False,False
2026-08-26 14:37:10,2026-08-26 14:37:09,2870,1366431522,2026-08-26 14:37:10,server,c3:00:00:13:3b:f2,ESP-03,f2e2a3a9-492b-49c3-aa91-baafa541811f,DIN2–AB-R2,,,Sala B,-96,,,Sala B,True,Sala A,False,Sala A,False,False,Sala A,-74.0,-74.0,,Sala A,True,False,True,True
2026-08-26 14:37:13,2026-08-26 14:37:12,18,4156849429,2026-08-26 14:37:13,server,c3:00:00:13:3b:f2,ESP-02,24cb4845-6766-4079-a315-5e1e5a3ef2fc,DIN2–AB-R2,,,Sala A,-70,,,Sala A,True,Sala A,False,Sala A,False,False,Sala A,-72.0,-72.0,,Sala A,False,True,True,True
2026-08-26 14:37:13,2026-08-26 14:37:13,2857,2605610151,2026-08-26 14:37:13,server,c3:00:00:13:3b:f2,ESP-01,c7320fde-01f2-4875-82d6-3dc75a0a557d,DIN2–AB-R2,,,Corredor,-96,,,Corredor,True,Sala A,False,Sala A,False,False,Sala A,-72.0,-72.0,,Sala A,False,False,True,True
2026-08-26 14:37:17,2026-08-26 14:37:16,2871,1366431522,2026-08-26 14:37:17,server,c3:00:00:13:3b:f2,ESP-03,d617062f-6829-4506-b922-eab5a982b176,DIN2–AB-R2,,,Sala B,-98,,,Sala B,True,Sala A,False,Sala A,False,False,Sala A,-70.0,-70.0,,Sala A,False,False,True,True
2026-08-26 14:37:20,2026-08-26 14:37:19,19,4156849429,2026-08-26 14:37:20,server,c3:00:00:13:3b:f2,ESP-02,de4cfa0d-2213-4a77-8d91-25c68ecc2fda,DIN2–AB-R2,,,Sala A,-73,,,Sala A,True,Sala A,False,Sala A,False,False,Sala A,-71.5,-71.5,,Sala A,False,True,True,True
2026-08-26 14:37:20,2026-08-26 14:37:19,2858,2605610151,2026-08-26 14:37:20,server,c3:00:00:13:3b:f2,ESP-01,d260ed67-16f8-4630-aa0d-0251154c4649,DIN2–AB-R2,,,Corredor,-74,,,Corredor,True,Sala A,False,Sala A,False,False,Sala A,-71.5,-71.5,,Sala A,False,False,True,True
2026-08-26 14:37:23,2026-08-26 14:37:22,2872,1366431522,2026-08-26 14:37:23,server,c3:00:00:13:3b:f2,ESP-03,c84d9a75-9f6d-4fb8-9514-eee100576d45,DIN2–AB-R2,,,Sala B,-87,,,Sala B,True,Sala A,False,Sala A,False,False,Sala A,-73.0,-73.0,,Sala A,False,False,True,True
2026-08-26 14:37:26,2026-08-26 14:37:25,20,4156849429,2026-08-26 14:37:26,server,c3:00:00:13:3b:f2,ESP-02,9690d87b-cf06-42c1-8fd8-a3ed51d039fa,DIN2–AB-R2,,,Sala A,-73,,,Sala A,True,Sala A,False,Sala A,False,False,Sala A,-73.0,-73.0,,Sala A,False,True,True,True
2026-08-26 14:37:27,2026-08-26 14:37:26,2859,2605610151,2026-08-26 14:37:27,server,c3:00:00:13:3b:f2,ESP-01,e8817859-d979-43c9-8da8-5c58d30542a7,DIN2–AB-R2,,,Corredor,-74,,,Corredor,True,Sala A,False,Sala A,False,False,Sala A,-73.0,-73.0,,Sala A,False,False,True,True
2026-08-26 14:37:30,2026-08-26 14:37:29,2873,1366431522,2026-08-26 14:37:30,server,c3:00:00:13:3b:f2,ESP-03,c2b429e5-86ce-45e5-9ff3-eef0bb7b03b0,DIN2–AB-R2,,,Sala B,-78,,,Sala B,True,Sala A,False,Sala A,False,False,Sala A,-73.0,-73.0,,Sala A,False,False,True,True
2026-08-26 14:37:33,2026-08-26 14:37:32,21,4156849429,2026-08-26 14:37:33,server,c3:00:00:13:3b:f2,ESP-02,3280bc24-943d-4803-94ba-d4e76a451440,DIN2–AB-R2,,,Sala A,-77,,,Sala A,True,Corredor,True,Sala A,False,True,Corredor,-74.0,-75.0,1.0,Sala A,False,True,False,True
2026-08-26 14:37:33,2026-08-26 14:37:32,2860,2605610151,2026-08-26 14:37:33,server,c3:00:00:13:3b:f2,ESP-01,105a7469-1867-4a4d-b477-df1019ae0f52,DIN2–AB-R2,,,Corredor,-77,,,Corredor,True,Sala A,True,Sala A,False,False,Sala A,-75.0,-75.0,,Sala A,False,False,True,True
2026-08-26 14:37:36,2026-08-26 14:37:36,2874,1366431522,2026-08-26 14:37:36,server,c3:00:00:13:3b:f2,ESP-03,9ea61baf-1374-43f5-879b-795d004c55eb,DIN2–AB-R2,,,Sala B,-86,,,Sala B,True,Sala A,False,Sala A,False,False,Sala A,-77.0,-77.0,,Sala A,False,False,True,True
2026-08-26 14:37:40,2026-08-26 14:37:39,22,4156849429,2026-08-26 14:37:40,server,c3:00:00:13:3b:f2,ESP-02,8f454c0d-e1cd-4de2-bfff-18f5fc961391,DIN2–AB-R2,,,Sala A,-76,,,Sala A,True,Sala A,False,Sala A,False,False,Sala A,-76.5,-76.5,,Sala A,False,True,True,True
2026-08-26 14:37:40,2026-08-26 14:37:39,2861,2605610151,2026-08-26 14:37:40,server,c3:00:00:13:3b:f2,ESP-01,887c7a01-ec9b-4332-ba33-27b9cf77cd91,DIN2–AB-R2,,,Corredor,-83,,,Corredor,True,Sala A,False,Sala A,False,False,Sala A,-76.5,-76.5,,Sala A,False,False,True,True
2026-08-26 14:37:43,2026-08-26 14:37:42,2875,1366431522,2026-08-26 14:37:43,server,c3:00:00:13:3b:f2,ESP-03,9d639825-3e7a-4954-a987-109e4c1840a7,DIN2–AB-R2,,,Sala B,-98,,,Sala B,True,Sala A,False,Sala A,False,False,Sala A,-76.0,-76.0,,Sala A,False,False,True,True
2026-08-26 14:37:46,2026-08-26 14:37:45,23,4156849429,2026-08-26 14:37:46,server,c3:00:00:13:3b:f2,ESP-02,1b4599b8-5e27-4a69-9bfb-e2b68fa50781,DIN2–AB-R2,,,Sala A,-74,,,Sala A,True,Sala A,False,Sala A,False,False,Sala A,-75.0,-75.0,,Sala A,False,True,True,True
2026-08-26 14:37:47,2026-08-26 14:37:46,2862,2605610151,2026-08-26 14:37:47,server,c3:00:00:13:3b:f2,ESP-01,2fdebc30-3bf1-422f-92c3-866448a40293,DIN2–AB-R2,,,Corredor,-74,,,Corredor,True,Sala A,False,Sala A,False,False,Sala A,-75.0,-75.0,,Sala A,False,False,True,True
2026-08-26 14:37:06,2026-08-26 14:37:05,17,4156849429,2026-08-26 14:37:06,server,c3:00:00:13:3c:1e,ESP-02,add140c5-7ab9-4bde-bb84-ef0b25573cc3,DIN2–AB-R2,,,Sala A,-73,,,Sala A,True,Sala A,True,Sala A,True,False,Sala A,-73.0,,,,False,False,False,False
2026-08-26 14:37:07,2026-08-26 14:37:06,2856,2605610151,2026-08-26 14:37:07,server,c3:00:00:13:3c:1e,ESP-01,0ed020b8-3964-4f59-819e-c99cef6ca24d,DIN2–AB-R2,,,Corredor,-87,,,Corredor,True,Sala A,False,Sala A,False,False,Sala A,-73.0,-73.0,,,False,False,False,False
2026-08-26 14:37:10,2026-08-26 14:37:09,2870,1366431522,2026-08-26 14:37:10,server,c3:00:00:13:3c:1e,ESP-03,f2e2a3a9-492b-49c3-aa91-baafa541811f,DIN2–AB-R2,,,Sala B,-94,,,Sala B,True,Sala A,False,Sala A,False,False,Sala A,-73.0,-73.0,,Sala A,True,False,True,True
2026-08-26 14:37:13,2026-08-26 14:37:12,18,4156849429,2026-08-26 14:37:13,server,c3:00:00:13:3c:1e,ESP-02,24cb4845-6766-4079-a315-5e1e5a3ef2fc,DIN2–AB-R2,,,Sala A,-84,,,Sala A,True,Sala A,False,Sala A,False,False,Sala A,-78.5,-78.5,,Sala A,False,True,True,True
2026-08-26 14:37:13,2026-08-26 14:37:13,2857,2605610151,2026-08-26 14:37:13,server,c3:00:00:13:3c:1e,ESP-01,c7320fde-01f2-4875-82d6-3dc75a0a557d,DIN2–AB-R2,,,Corredor,-80,,,Corredor,True,Sala A,False,Sala A,False,False,Sala A,-78.5,-78.5,,Sala A,False,False,True,True
2026-08-26 14:37:17,2026-08-26 14:37:16,2871,1366431522,2026-08-26 14:37:17,server,c3:00:00:13:3c:1e,ESP-03,d617062f-6829-4506-b922-eab5a982b176,DIN2–AB-R2,,,Sala B,-87,,,Sala B,True,Corredor,True,Sala A,False,True,Corredor,-80.0,-84.0,4.0,Sala A,False,False,False,True
2026-08-26 14:37:20,2026-08-26 14:37:19,19,4156849429,2026-08-26 14:37:20,server,c3:00:00:13:3c:1e,ESP-02,de4cfa0d-2213-4a77-8d91-25c68ecc2fda,DIN2–AB-R2,,,Sala A,-68,,,Sala A,True,Sala A,True,Sala A,False,False,Sala A,-76.0,-76.0,,Sala A,False,True,True,True
2026-08-26 14:37:20,2026-08-26 14:37:19,2858,2605610151,2026-08-26 14:37:20,server,c3:00:00:13:3c:1e,ESP-01,d260ed67-16f8-4630-aa0d-0251154c4649,DIN2–AB-R2,,,Corredor,-83,,,Corredor,True,Sala A,False,Sala A,False,False,Sala A,-76.0,-76.0,,Sala A,False,False,True,True
2026-08-26 14:37:23,2026-08-26 14:37:22,2872,1366431522,2026-08-26 14:37:23,server,c3:00:00:13:3c:1e,ESP-03,c84d9a75-9f6d-4fb8-9514-eee100576d45,DIN2–AB-R2,,,Sala B,-88,,,Sala B,True,Sala A,False,Sala A,False,False,Sala A,-68.0,-68.0,,Sala A,False,False,True,True
2026-08-26 14:37:26,2026-08-26 14:37:25,20,4156849429,2026-08-26 14:37:26,server,c3:00:00:13:3c:1e,ESP-02,9690d87b-cf06-42c1-8fd8-a3ed51d039fa,DIN2–AB-R2,,,Sala A,-68,,,Sala A,True,Sala A,False,Sala A,False,False,Sala A,-68.0,-68.0,,Sala A,False,True,True,True
2026-08-26 14:37:27,2026-08-26 14:37:26,2859,2605610151,2026-08-26 14:37:27,server,c3:00:00:13:3c:1e,ESP-01,e8817859-d979-43c9-8da8-5c58d30542a7,DIN2–AB-R2,,,Corredor,-88,,,Corredor,True,Sala A,False,Sala A,False,False,Sala A,-68.0,-68.0,,Sala A,False,False,True,True
2026-08-26 14:37:30,2026-08-26 14:37:29,2873,1366431522,2026-08-26 14:37:30,server,c3:00:00:13:3c:1e,ESP-03,c2b429e5-86ce-45e5-9ff3-eef0bb7b03b0,DIN2–AB-R2,,,Sala B,-86,,,Sala B,True,Sala A,False,Sala A,False,False,Sala A,-68.0,-68.0,,Sala A,False,False,True,True
2026-08-26 14:37:33,2026-08-26 14:37:32,21,4156849429,2026-08-26 14:37:33,server,c3:00:00:13:3c:1e,ESP-02,3280bc24-943d-4803-94ba-d4e76a451440,DIN2–AB-R2,,,Sala A,-66,,,Sala A,True,Sala A,False,Sala A,False,False,Sala A,-67.0,-67.0,,Sala A,False,True,True,True
2026-08-26 14:37:33,2026-08-26 14:37:32,2860,2605610151,2026-08-26 14:37:33,server,c3:00:00:13:3c:1e,ESP-01,105a7469-1867-4a4d-b477-df1019ae0f52,DIN2–AB-R2,,,Corredor,-91,,,Corredor,True,Sala A,False,Sala A,False,False,Sala A,-67.0,-67.0,,Sala A,False,False,True,True
2026-08-26 14:37:36,2026-08-26 14:37:36,2874,1366431522,2026-08-26 14:37:36,server,c3:00:00:13:3c:1e,ESP-03,9ea61baf-1374-43f5-879b-795d004c55eb,DIN2–AB-R2,,,Sala B,-78,,,Sala B,True,Sala A,False,Sala A,False,False,Sala A,-66.0,-66.0,,Sala A,False,False,True,True
2026-08-26 14:37:40,2026-08-26 14:37:39,22,4156849429,2026-08-26 14:37:40,server,c3:00:00:13:3c:1e,ESP-02,8f454c0d-e1cd-4de2-bfff-18f5fc961391,DIN2–AB-R2,,,Sala A,-72,,,Sala A,True,Sala A,False,Sala A,False,False,Sala A,-69.0,-69.0,,Sala A,False,True,True,True
2026-08-26 14:37:40,2026-08-26 14:37:39,2861,2605610151,2026-08-26 14:37:40,server,c3:00:00:13:3c:1e,ESP-01,887c7a01-ec9b-4332-ba33-27b9cf77cd91,DIN2–AB-R2,,,Corredor,-85,,,Corredor,True,Sala A,False,Sala A,False,False,Sala A,-69.0,-69.0,,Sala A,False,False,True,True
2026-08-26 14:37:43,2026-08-26 14:37:42,2875,1366431522,2026-08-26 14:37:43,server,c3:00:00:13:3c:1e,ESP-03,9d639825-3e7a-4954-a987-109e4c1840a7,DIN2–AB-R2,,,Sala B,-87,,,Sala B,True,Sala A,False,Sala A,False,False,Sala A,-72.0,-72.0,,Sala A,False,False,True,True
2026-08-26 14:37:46,2026-08-26 14:37:45,23,4156849429,2026-08-26 14:37:46,server,c3:00:00:13:3c:1e,ESP-02,1b4599b8-5e27-4a69-9bfb-e2b68fa50781,DIN2–AB-R2,,,Sala A,-71,,,Sala A,True,Sala A,False,Sala A,False,False,Sala A,-71.5,-71.5,,Sala A,False,True,True,True
2026-08-26 14:37:47,2026-08-26 14:37:46,2862,2605610151,2026-08-26 14:37:47,server,c3:00:00:13:3c:1e,ESP-01,2fdebc30-3bf1-422f-92c3-866448a40293,DIN2–AB-R2,,,Corredor,-85,,,Corredor,True,Sala A,False,Sala A,False,False,Sala A,-71.5,-71.5,,Sala A,False,False,True,True
2026-08-26 14:39:13,2026-08-26 14:39:12,36,4156849429,2026-08-26 14:39:13,server,c3:00:00:13:3b:b7,ESP-02,7a950177-437e-4cb5-a357-a5a43b69921b,DIN2–AB-R3,,,Sala A,-60,Sala A,movimento,Sala A,True,Sala A,True,Sala A,True,False,Sala A,-60.0,,,,False,False,False,False
2026-08-26 14:39:13,2026-08-26 14:39:12,2875,2605610151,2026-08-26 14:39:13,server,c3:00:00:13:3b:b7,ESP-01,e09a22a0-3815-42f6-a4c7-52472b821b8b,DIN2–AB-R3,,,Corredor,-75,Sala A,movimento,Corredor,True,Sala A,False,Sala A,False,False,Sala A,-60.0,-60.0,,,False,False,False,False
2026-08-26 14:39:16,2026-08-26 14:39:15,2889,1366431522,2026-08-26 14:39:16,server,c3:00:00:13:3b:b7,ESP-03,8991237d-ef04-4aca-b3e7-343925c80004,DIN2–AB-R3,,,Sala B,-90,Sala A,movimento,Sala B,True,Sala A,False,Sala A,False,False,Sala A,-60.0,-60.0,,Sala A,True,False,True,True
2026-08-26 14:39:19,2026-08-26 14:39:18,37,4156849429,2026-08-26 14:39:19,server,c3:00:00:13:3b:b7,ESP-02,f6b3dcef-b056-486a-b192-3d5509932b58,DIN2–AB-R3,,,Sala A,-59,Sala A,movimento,Sala A,True,Sala A,False,Sala A,False,False,Sala A,-59.5,-59.5,,Sala A,False,True,True,True
2026-08-26 14:39:20,2026-08-26 14:39:19,2876,2605610151,2026-08-26 14:39:20,server,c3:00:00:13:3b:b7,ESP-01,e73dc793-af9f-4493-9bdc-14e546bb89f9,DIN2–AB-R3,,,Corredor,-79,Sala A,movimento,Corredor,True,Sala A,False,Sala A,False,False,Sala A,-59.5,-59.5,,Sala A,False,False,True,True
2026-08-26 14:39:22,2026-08-26 14:39:22,2890,1366431522,2026-08-26 14:39:22,server,c3:00:00:13:3b:b7,ESP-03,3bde4bc8-d128-4e13-9a53-d6d9731b53b6,DIN2–AB-R3,,,Sala B,-84,Sala A,movimento,Sala B,True,Sala A,False,Sala A,False,False,Sala A,-59.0,-59.0,,Sala A,False,False,True,True
2026-08-26 14:39:26,2026-08-26 14:39:25,38,4156849429,2026-08-26 14:39:26,server,c3:00:00:13:3b:b7,ESP-02,a1f10816-8354-4b62-ab1f-7f2490b62e75,DIN2–AB-R3,,,Sala A,-57,Sala A,movimento,Sala A,True,Sala A,False,Sala A,False,False,Sala A,-58.0,-58.0,,Sala A,False,True,True,True
2026-08-26 14:39:27,2026-08-26 14:39:26,2877,2605610151,2026-08-26 14:39:27,server,c3:00:00:13:3b:b7,ESP-01,fbfc4778-1c41-4111-a8df-c8b0d0fd8f70,DIN2–AB-R3,,,Corredor,-88,Sala A,movimento,Corredor,True,Sala A,False,Sala A,False,False,Sala A,-58.0,-58.0,,Sala A,False,False,True,True
2026-08-26 14:39:29,2026-08-26 14:39:28,2891,1366431522,2026-08-26 14:39:29,server,c3:00:00:13:3b:b7,ESP-03,4ee8e6a7-08af-4650-b7be-162f45e65b21,DIN2–AB-R3,,,Sala B,-81,Sala A,movimento,Sala B,True,Sala A,False,Sala A,False,False,Sala A,-57.0,-57.0,,Sala A,False,False,True,True
2026-08-26 14:39:33,2026-08-26 14:39:32,39,4156849429,2026-08-26 14:39:33,server,c3:00:00:13:3b:b7,ESP-02,24618061-b6eb-4fc9-ac8b-99c363d0cf56,DIN2–AB-R3,,,Sala A,-48,Corredor,movimento,Sala A,True,Sala A,False,Sala A,False,False,Sala A,-52.5,-52.5,,Sala A,False,True,True,True
2026-08-26 14:39:33,2026-08-26 14:39:32,2878,2605610151,2026-08-26 14:39:33,server,c3:00:00:13:3b:b7,ESP-01,bcfabaa2-f5ef-40df-a955-14342b59289f,DIN2–AB-R3,,,Corredor,-81,Corredor,movimento,Corredor,True,Sala A,False,Sala A,False,False,Sala A,-52.5,-52.5,,Sala A,False,False,True,True
2026-08-26 14:39:36,2026-08-26 14:39:35,2892,1366431522,2026-08-26 14:39:36,server,c3:00:00:13:3b:b7,ESP-03,d0ec09f8-ebdb-4789-9139-e2f110b475fd,DIN2–AB-R3,,,Sala B,-81,Corredor,movimento,Sala B,True,Sala A,False,Sala A,False,False,Sala A,-48.0,-48.0,,Sala A,False,False,True,True
2026-08-26 14:39:39,2026-08-26 14:39:38,40,4156849429,2026-08-26 14:39:39,server,c3:00:00:13:3b:b7,ESP-02,411fbfc1-6200-488d-850e-d83606043ebf,DIN2–AB-R3,,,Sala A,-82,Sala B,movimento,Sala A,True,Sala A,False,Sala A,False,False,Sala A,-65.0,-65.0,,Sala A,False,True,True,True
2026-08-26 14:39:40,2026-08-26 14:39:39,2879,2605610151,2026-08-26 14:39:40,server,c3:00:00:13:3b:b7,ESP-01,a36f8ba6-4523-4eec-893b-d2b3e40fa391,DIN2–AB-R3,,,Corredor,-57,Sala B,movimento,Corredor,True,Sala A,False,Sala A,False,False,Sala A,-65.0,-65.0,,Sala A,False,False,True,True
2026-08-26 14:39:42,2026-08-26 14:39:42,2893,1366431522,2026-08-26 14:39:42,server,c3:00:00:13:3b:b7,ESP-03,17a31e2c-db22-4870-90dd-b6568d1c784a,DIN2–AB-R3,,,Sala B,-72,Sala B,movimento,Sala B,True,Corredor,True,Corredor,True,False,Corredor,-57.0,-82.0,25.0,Sala A,False,False,False,False
2026-08-26 14:39:46,2026-08-26 14:39:45,41,4156849429,2026-08-26 14:39:46,server,c3:00:00:13:3b:b7,ESP-02,b80b8006-4006-4af8-bdcd-0187ac275b40,DIN2–AB-R3,,,Sala A,-96,Sala B,movimento,Sala A,True,Corredor,False,Corredor,False,False,Corredor,-57.0,-57.0,,Sala A,False,True,False,False
2026-08-26 14:39:47,2026-08-26 14:39:46,2880,2605610151,2026-08-26 14:39:47,server,c3:00:00:13:3b:b7,ESP-01,4bc719e1-65ca-49fa-95b4-7c81615bd041,DIN2–AB-R3,,,Corredor,-77,Sala B,movimento,Corredor,True,Corredor,False,Corredor,False,False,Corredor,-67.0,-67.0,,Corredor,True,True,True,True
2026-08-26 14:39:49,2026-08-26 14:39:48,2894,1366431522,2026-08-26 14:39:49,server,c3:00:00:13:3b:b7,ESP-03,74c8839a-5d39-458b-8e27-9d31607c3066,DIN2–AB-R3,,,Sala B,-49,Sala B,movimento,Sala B,True,Sala B,True,Sala B,True,False,Sala B,-60.5,-77.0,16.5,Corredor,False,False,False,False
2026-08-26 14:39:53,2026-08-26 14:39:52,42,4156849429,2026-08-26 14:39:53,server,c3:00:00:13:3b:b7,ESP-02,4bc7d7bb-99c7-4759-9d53-d3f70a62a630,DIN2–AB-R3,,,Sala A,-78,Sala B,movimento,Sala A,True,Sala B,False,Sala B,False,False,Sala B,-49.0,-49.0,,Corredor,False,False,False,False
2026-08-26 14:39:53,2026-08-26 14:39:52,2881,2605610151,2026-08-26 14:39:53,server,c3:00:00:13:3b:b7,ESP-01,0ef83875-1258-4d97-91fb-c896b5ec7941,DIN2–AB-R3,,,Corredor,-80,Sala B,movimento,Corredor,True,Sala B,False,Sala B,False,False,Sala B,-49.0,-49.0,,Sala B,True,False,True,True
2026-08-26 14:39:56,2026-08-26 14:39:55,2895,1366431522,2026-08-26 14:39:56,server,c3:00:00:13:3b:b7,ESP-03,7992d3c8-3c40-4291-8e42-1131ed30f8c3,DIN2–AB-R3,,,Sala B,-58,Sala B,movimento,Sala B,True,Sala B,False,Sala B,False,False,Sala B,-53.5,-53.5,,Sala B,False,True,True,True
2026-08-26 14:39:13,2026-08-26 14:39:12,36,4156849429,2026-08-26 14:39:13,server,c3:00:00:13:3b:f2,ESP-02,7a950177-437e-4cb5-a357-a5a43b69921b,DIN2–AB-R3,,,Sala A,-73,,,Sala A,True,Sala A,True,Sala A,True,False,Sala A,-73.0,,,,False,False,False,False
2026-08-26 14:39:13,2026-08-26 14:39:12,2875,2605610151,2026-08-26 14:39:13,server,c3:00:00:13:3b:f2,ESP-01,e09a22a0-3815-42f6-a4c7-52472b821b8b,DIN2–AB-R3,,,Corredor,-84,,,Corredor,True,Sala A,False,Sala A,False,False,Sala A,-73.0,-73.0,,,False,False,False,False
2026-08-26 14:39:16,2026-08-26 14:39:15,2889,1366431522,2026-08-26 14:39:16,server,c3:00:00:13:3b:f2,ESP-03,8991237d-ef04-4aca-b3e7-343925c80004,DIN2–AB-R3,,,Sala B,-77,,,Sala B,True,Sala A,False,Sala A,False,False,Sala A,-73.0,-73.0,,Sala A,True,False,True,True
2026-08-26 14:39:19,2026-08-26 14:39:18,37,4156849429,2026-08-26 14:39:19,server,c3:00:00:13:3b:f2,ESP-02,f6b3dcef-b056-486a-b192-3d5509932b58,DIN2–AB-R3,,,Sala A,-73,,,Sala A,True,Sala A,False,Sala A,False,False,Sala A,-73.0,-73.0,,Sala A,False,True,True,True
2026-08-26 14:39:20,2026-08-26 14:39:19,2876,2605610151,2026-08-26 14:39:20,server,c3:00:00:13:3b:f2,ESP-01,e73dc793-af9f-4493-9bdc-14e546bb89f9,DIN2–AB-R3,,,Corredor,-86,,,Corredor,True,Sala A,False,Sala A,False,False,Sala A,-73.0,-73.0,,Sala A,False,False,True,True
2026-08-26 14:39:22,2026-08-26 14:39:22,2890,1366431522,2026-08-26 14:39:22,server,c3:00:00:13:3b:f2,ESP-03,3bde4bc8-d128-4e13-9a53-d6d9731b53b6,DIN2–AB-R3,,,Sala B,-77,,,Sala B,True,Sala A,False,Sala A,False,False,Sala A,-73.0,-73.0,,Sala A,False,False,True,True
2026-08-26 14:39:26,2026-08-26 14:39:25,38,4156849429,2026-08-26 14:39:26,server,c3:00:00:13:3b:f2,ESP-02,a1f10816-8354-4b62-ab1f-7f2490b62e75,DIN2–AB-R3,,,Sala A,-72,,,Sala A,True,Sala A,False,Sala A,False,False,Sala A,-72.5,-72.5,,Sala A,False,True,True,True
2026-08-26 14:39:27,2026-08-26 14:39:26,2877,2605610151,2026-08-26 14:39:27,server,c3:00:00:13:3b:f2,ESP-01,fbfc4778-1c41-4111-a8df-c8b0d0fd8f70,DIN2–AB-R3,,,Corredor,-84,,,Corredor,True,Sala A,False,Sala A,False,False,Sala A,-72.5,-72.5,,Sala A,False,False,True,True
2026-08-26 14:39:29,2026-08-26 14:39:28,2891,1366431522,2026-08-26 14:39:29,server,c3:00:00:13:3b:f2,ESP-03,4ee8e6a7-08af-4650-b7be-162f45e65b21,DIN2–AB-R3,,,Sala B,-85,,,Sala B,True,Sala A,False,Sala A,False,False,Sala A,-72.0,-72.0,,Sala A,False,False,True,True
2026-08-26 14:39:33,2026-08-26 14:39:32,39,4156849429,2026-08-26 14:39:33,server,c3:00:00:13:3b:f2,ESP-02,24618061-b6eb-4fc9-ac8b-99c363d0cf56,DIN2–AB-R3,,,Sala A,-70,,,Sala A,True,Sala A,False,Sala A,False,False,Sala A,-71.0,-71.0,,Sala A,False,True,True,True
2026-08-26 14:39:33,2026-08-26 14:39:32,2878,2605610151,2026-08-26 14:39:33,server,c3:00:00:13:3b:f2,ESP-01,bcfabaa2-f5ef-40df-a955-14342b59289f,DIN2–AB-R3,,,Corredor,-85,,,Corredor,True,Sala A,False,Sala A,False,False,Sala A,-71.0,-71.0,,Sala A,False,False,True,True
2026-08-26 14:39:36,2026-08-26 14:39:35,2892,1366431522,2026-08-26 14:39:36,server,c3:00:00:13:3b:f2,ESP-03,d0ec09f8-ebdb-4789-9139-e2f110b475fd,DIN2–AB-R3,,,Sala B,-100,,,Sala B,True,Sala A,False,Sala A,False,False,Sala A,-70.0,-70.0,,Sala A,False,False,True,True
2026-08-26 14:39:39,2026-08-26 14:39:38,40,4156849429,2026-08-26 14:39:39,server,c3:00:00:13:3b:f2,ESP-02,411fbfc1-6200-488d-850e-d83606043ebf,DIN2–AB-R3,,,Sala A,-73,,,Sala A,True,Sala A,False,Sala A,False,False,Sala A,-71.5,-71.5,,Sala A,False,True,True,True
2026-08-26 14:39:40,2026-08-26 14:39:39,2879,2605610151,2026-08-26 14:39:40,server,c3:00:00:13:3b:f2,ESP-01,a36f8ba6-4523-4eec-893b-d2b3e40fa391,DIN2–AB-R3,,,Corredor,-82,,,Corredor,True,Sala A,False,Sala A,False,False,Sala A,-71.5,-71.5,,Sala A,False,False,True,True
2026-08-26 14:39:42,2026-08-26 14:39:42,2893,1366431522,2026-08-26 14:39:42,server,c3:00:00:13:3b:f2,ESP-03,17a31e2c-db22-4870-90dd-b6568d1c784a,DIN2–AB-R3,,,Sala B,-77,,,Sala B,True,Sala A,False,Sala A,False,False,Sala A,-73.0,-73.0,,Sala A,False,False,True,True
2026-08-26 14:39:46,2026-08-26 14:39:45,41,4156849429,2026-08-26 14:39:46,server,c3:00:00:13:3b:f2,ESP-02,b80b8006-4006-4af8-bdcd-0187ac275b40,DIN2–AB-R3,,,Sala A,-74,,,Sala A,True,Sala A,False,Sala A,False,False,Sala A,-73.5,-73.5,,Sala A,False,True,True,True
2026-08-26 14:39:47,2026-08-26 14:39:46,2880,2605610151,2026-08-26 14:39:47,server,c3:00:00:13:3b:f2,ESP-01,4bc719e1-65ca-49fa-95b4-7c81615bd041,DIN2–AB-R3,,,Corredor,-84,,,Corredor,True,Sala A,False,Sala A,False,False,Sala A,-73.5,-73.5,,Sala A,False,False,True,True
2026-08-26 14:39:49,2026-08-26 14:39:48,2894,1366431522,2026-08-26 14:39:49,server,c3:00:00:13:3b:f2,ESP-03,74c8839a-5d39-458b-8e27-9d31607c3066,DIN2–AB-R3,,,Sala B,-77,,,Sala B,True,Sala A,False,Sala A,False,False,Sala A,-74.0,-74.0,,Sala A,False,False,True,True
2026-08-26 14:39:53,2026-08-26 14:39:52,42,4156849429,2026-08-26 14:39:53,server,c3:00:00:13:3b:f2,ESP-02,4bc7d7bb-99c7-4759-9d53-d3f70a62a630,DIN2–AB-R3,,,Sala A,-72,,,Sala A,True,Sala A,False,Sala A,False,False,Sala A,-73.0,-73.0,,Sala A,False,True,True,True
2026-08-26 14:39:53,2026-08-26 14:39:52,2881,2605610151,2026-08-26 14:39:53,server,c3:00:00:13:3b:f2,ESP-01,0ef83875-1258-4d97-91fb-c896b5ec7941,DIN2–AB-R3,,,Corredor,-74,,,Corredor,True,Sala A,False,Sala A,False,False,Sala A,-73.0,-73.0,,Sala A,False,False,True,True
2026-08-26 14:39:56,2026-08-26 14:39:55,2895,1366431522,2026-08-26 14:39:56,server,c3:00:00:13:3b:f2,ESP-03,7992d3c8-3c40-4291-8e42-1131ed30f8c3,DIN2–AB-R3,,,Sala B,-84,,,Sala B,True,Sala A,False,Sala A,False,False,Sala A,-72.0,-72.0,,Sala A,False,False,True,True
2026-08-26 14:39:13,2026-08-26 14:39:12,36,4156849429,2026-08-26 14:39:13,server,c3:00:00:13:3c:1e,ESP-02,7a950177-437e-4cb5-a357-a5a43b69921b,DIN2–AB-R3,,,Sala A,-67,,,Sala A,True,Sala A,True,Sala A,True,False,Sala A,-67.0,,,,False,False,False,False
2026-08-26 14:39:13,2026-08-26 14:39:12,2875,2605610151,2026-08-26 14:39:13,server,c3:00:00:13:3c:1e,ESP-01,e09a22a0-3815-42f6-a4c7-52472b821b8b,DIN2–AB-R3,,,Corredor,-84,,,Corredor,True,Sala A,False,Sala A,False,False,Sala A,-67.0,-67.0,,,False,False,False,False
2026-08-26 14:39:16,2026-08-26 14:39:15,2889,1366431522,2026-08-26 14:39:16,server,c3:00:00:13:3c:1e,ESP-03,8991237d-ef04-4aca-b3e7-343925c80004,DIN2–AB-R3,,,Sala B,-80,,,Sala B,True,Sala A,False,Sala A,False,False,Sala A,-67.0,-67.0,,Sala A,True,False,True,True
2026-08-26 14:39:19,2026-08-26 14:39:18,37,4156849429,2026-08-26 14:39:19,server,c3:00:00:13:3c:1e,ESP-02,f6b3dcef-b056-486a-b192-3d5509932b58,DIN2–AB-R3,,,Sala A,-76,,,Sala A,True,Sala A,False,Sala A,False,False,Sala A,-71.5,-71.5,,Sala A,False,True,True,True
2026-08-26 14:39:20,2026-08-26 14:39:19,2876,2605610151,2026-08-26 14:39:20,server,c3:00:00:13:3c:1e,ESP-01,e73dc793-af9f-4493-9bdc-14e546bb89f9,DIN2–AB-R3,,,Corredor,-79,,,Corredor,True,Sala A,False,Sala A,False,False,Sala A,-71.5,-71.5,,Sala A,False,False,True,True
2026-08-26 14:39:22,2026-08-26 14:39:22,2890,1366431522,2026-08-26 14:39:22,server,c3:00:00:13:3c:1e,ESP-03,3bde4bc8-d128-4e13-9a53-d6d9731b53b6,DIN2–AB-R3,,,Sala B,-98,,,Sala B,True,Sala A,False,Sala A,False,False,Sala A,-76.0,-76.0,,Sala A,False,False,True,True
2026-08-26 14:39:26,2026-08-26 14:39:25,38,4156849429,2026-08-26 14:39:26,server,c3:00:00:13:3c:1e,ESP-02,a1f10816-8354-4b62-ab1f-7f2490b62e75,DIN2–AB-R3,,,Sala A,-66,,,Sala A,True,Sala A,False,Sala A,False,False,Sala A,-71.0,-71.0,,Sala A,False,True,True,True
2026-08-26 14:39:27,2026-08-26 14:39:26,2877,2605610151,2026-08-26 14:39:27,server,c3:00:00:13:3c:1e,ESP-01,fbfc4778-1c41-4111-a8df-c8b0d0fd8f70,DIN2–AB-R3,,,Corredor,-88,,,Corredor,True,Sala A,False,Sala A,False,False,Sala A,-71.0,-71.0,,Sala A,False,False,True,True
2026-08-26 14:39:29,2026-08-26 14:39:28,2891,1366431522,2026-08-26 14:39:29,server,c3:00:00:13:3c:1e,ESP-03,4ee8e6a7-08af-4650-b7be-162f45e65b21,DIN2–AB-R3,,,Sala B,-79,,,Sala B,True,Sala A,False,Sala A,False,False,Sala A,-66.0,-66.0,,Sala A,False,False,True,True
2026-08-26 14:39:33,2026-08-26 14:39:32,39,4156849429,2026-08-26 14:39:33,server,c3:00:00:13:3c:1e,ESP-02,24618061-b6eb-4fc9-ac8b-99c363d0cf56,DIN2–AB-R3,,,Sala A,-76,,,Sala A,True,Sala A,False,Sala A,False,False,Sala A,-71.0,-71.0,,Sala A,False,True,True,True
2026-08-26 14:39:33,2026-08-26 14:39:32,2878,2605610151,2026-08-26 14:39:33,server,c3:00:00:13:3c:1e,ESP-01,bcfabaa2-f5ef-40df-a955-14342b59289f,DIN2–AB-R3,,,Corredor,-86,,,Corredor,True,Sala A,False,Sala A,False,False,Sala A,-71.0,-71.0,,Sala A,False,False,True,True
2026-08-26 14:39:36,2026-08-26 14:39:35,2892,1366431522,2026-08-26 14:39:36,server,c3:00:00:13:3c:1e,ESP-03,d0ec09f8-ebdb-4789-9139-e2f110b475fd,DIN2–AB-R3,,,Sala B,-96,,,Sala B,True,Sala A,False,Sala A,False,False,Sala A,-76.0,-76.0,,Sala A,False,False,True,True
2026-08-26 14:39:39,2026-08-26 14:39:38,40,4156849429,2026-08-26 14:39:39,server,c3:00:00:13:3c:1e,ESP-02,411fbfc1-6200-488d-850e-d83606043ebf,DIN2–AB-R3,,,Sala A,-66,,,Sala A,True,Sala A,False,Sala A,False,False,Sala A,-71.0,-71.0,,Sala A,False,True,True,True
2026-08-26 14:39:40,2026-08-26 14:39:39,2879,2605610151,2026-08-26 14:39:40,server,c3:00:00:13:3c:1e,ESP-01,a36f8ba6-4523-4eec-893b-d2b3e40fa391,DIN2–AB-R3,,,Corredor,-85,,,Corredor,True,Sala A,False,Sala A,False,False,Sala A,-71.0,-71.0,,Sala A,False,False,True,True
2026-08-26 14:39:42,2026-08-26 14:39:42,2893,1366431522,2026-08-26 14:39:42,server,c3:00:00:13:3c:1e,ESP-03,17a31e2c-db22-4870-90dd-b6568d1c784a,DIN2–AB-R3,,,Sala B,-87,,,Sala B,True,Sala A,False,Sala A,False,False,Sala A,-66.0,-66.0,,Sala A,False,False,True,True
2026-08-26 14:39:46,2026-08-26 14:39:45,41,4156849429,2026-08-26 14:39:46,server,c3:00:00:13:3c:1e,ESP-02,b80b8006-4006-4af8-bdcd-0187ac275b40,DIN2–AB-R3,,,Sala A,-72,,,Sala A,True,Sala A,False,Sala A,False,False,Sala A,-69.0,-69.0,,Sala A,False,True,True,True
2026-08-26 14:39:47,2026-08-26 14:39:46,2880,2605610151,2026-08-26 14:39:47,server,c3:00:00:13:3c:1e,ESP-01,4bc719e1-65ca-49fa-95b4-7c81615bd041,DIN2–AB-R3,,,Corredor,-77,,,Corredor,True,Sala A,False,Sala A,False,False,Sala A,-69.0,-69.0,,Sala A,False,False,True,True
2026-08-26 14:39:49,2026-08-26 14:39:48,2894,1366431522,2026-08-26 14:39:49,server,c3:00:00:13:3c:1e,ESP-03,74c8839a-5d39-458b-8e27-9d31607c3066,DIN2–AB-R3,,,Sala B,-78,,,Sala B,True,Sala A,False,Sala A,False,False,Sala A,-72.0,-72.0,,Sala A,False,False,True,True
2026-08-26 14:39:53,2026-08-26 14:39:52,42,4156849429,2026-08-26 14:39:53,server,c3:00:00:13:3c:1e,ESP-02,4bc7d7bb-99c7-4759-9d53-d3f70a62a630,DIN2–AB-R3,,,Sala A,-72,,,Sala A,True,Sala A,False,Sala A,False,False,Sala A,-72.0,-72.0,,Sala A,False,True,True,True
2026-08-26 14:39:53,2026-08-26 14:39:52,2881,2605610151,2026-08-26 14:39:53,server,c3:00:00:13:3c:1e,ESP-01,0ef83875-1258-4d97-91fb-c896b5ec7941,DIN2–AB-R3,,,Corredor,-78,,,Corredor,True,Sala A,False,Sala A,False,False,Sala A,-72.0,-72.0,,Sala A,False,False,True,True
2026-08-26 14:39:56,2026-08-26 14:39:55,2895,1366431522,2026-08-26 14:39:56,server,c3:00:00:13:3c:1e,ESP-03,7992d3c8-3c40-4291-8e42-1131ed30f8c3,DIN2–AB-R3,,,Sala B,-77,,,Sala B,True,Sala A,False,Sala A,False,False,Sala A,-72.0,-72.0,,Sala A,False,False,True,True
2026-08-26 14:41:52,2026-08-26 14:41:51,2912,1366431522,2026-08-26 14:41:52,server,c3:00:00:13:3b:b7,ESP-03,75057738-79a0-4da5-83c2-78e224a93173,DIN2–AB-R4,,,Sala B,-83,,,Sala B,True,Sala B,True,Sala B,True,False,Sala B,-83.0,,,,False,False,False,False
2026-08-26 14:41:52,2026-08-26 14:41:52,60,4156849429,2026-08-26 14:41:52,server,c3:00:00:13:3b:b7,ESP-02,bdc33a19-4661-47b0-a70b-e5cfe6bbc19d,DIN2–AB-R4,,,Sala A,-64,,,Sala A,True,Sala A,True,Sala A,True,False,Sala A,-64.0,-83.0,19.0,,False,False,False,False
2026-08-26 14:41:53,2026-08-26 14:41:52,2899,2605610151,2026-08-26 14:41:53,server,c3:00:00:13:3b:b7,ESP-01,a146f5b8-b17e-458c-823f-c4748b4bf301,DIN2–AB-R4,,,Corredor,-80,,,Corredor,True,Sala A,False,Sala A,False,False,Sala A,-64.0,-64.0,,,False,False,False,False
2026-08-26 14:41:58,2026-08-26 14:41:57,2913,1366431522,2026-08-26 14:41:58,server,c3:00:00:13:3b:b7,ESP-03,75966d6b-f73d-450f-a93e-022abc0bdeed,DIN2–AB-R4,,,Sala B,-84,,,Sala B,True,Sala A,False,Sala A,False,False,Sala A,-64.0,-64.0,,Sala A,True,False,True,True
2026-08-26 14:41:59,2026-08-26 14:41:58,61,4156849429,2026-08-26 14:41:59,server,c3:00:00:13:3b:b7,ESP-02,30450f4a-70ee-4c02-9a9d-f528af8dd88c,DIN2–AB-R4,,,Sala A,-71,,,Sala A,True,Sala A,False,Sala A,False,False,Sala A,-67.5,-67.5,,Sala A,False,True,True,True
2026-08-26 14:42:00,2026-08-26 14:41:59,2900,2605610151,2026-08-26 14:42:00,server,c3:00:00:13:3b:b7,ESP-01,2c6df89a-c405-4eb6-a897-a29bc2d65efe,DIN2–AB-R4,,,Corredor,-81,,,Corredor,True,Sala A,False,Sala A,False,False,Sala A,-67.5,-67.5,,Sala A,False,False,True,True
2026-08-26 14:42:05,2026-08-26 14:42:04,2914,1366431522,2026-08-26 14:42:05,server,c3:00:00:13:3b:b7,ESP-03,404d70f0-ec9d-43c9-bef1-117c9bb9f9ff,DIN2–AB-R4,,,Sala B,-88,,,Sala B,True,Sala A,False,Sala A,False,False,Sala A,-71.0,-71.0,,Sala A,False,False,True,True
2026-08-26 14:42:06,2026-08-26 14:42:05,62,4156849429,2026-08-26 14:42:06,server,c3:00:00:13:3b:b7,ESP-02,c7f89134-4595-4e5d-83fa-4de73c9a7e10,DIN2–AB-R4,,,Sala A,-66,,,Sala A,True,Sala A,False,Sala A,False,False,Sala A,-68.5,-68.5,,Sala A,False,True,True,True
2026-08-26 14:42:06,2026-08-26 14:42:05,2901,2605610151,2026-08-26 14:42:06,server,c3:00:00:13:3b:b7,ESP-01,9391ac71-b14a-491e-a03d-03aaf5d2f012,DIN2–AB-R4,,,Corredor,-83,,,Corredor,True,Sala A,False,Sala A,False,False,Sala A,-68.5,-68.5,,Sala A,False,False,True,True
2026-08-26 14:42:18,2026-08-26 14:42:17,2916,1366431522,2026-08-26 14:42:18,server,c3:00:00:13:3b:b7,ESP-03,e39f4828-c1d9-4aeb-8470-5ea096dd8afd,DIN2–AB-R4,,,Sala B,-89,Sala A,movimento,Sala B,True,Sala B,True,Sala B,True,False,Sala B,-89.0,,,Sala A,False,False,False,False
2026-08-26 14:42:19,2026-08-26 14:42:18,64,4156849429,2026-08-26 14:42:19,server,c3:00:00:13:3b:b7,ESP-02,9bdaf12e-72af-4ba8-9f6d-c72bf60ab49f,DIN2–AB-R4,,,Sala A,-65,Sala A,movimento,Sala A,True,Sala A,True,Sala A,True,False,Sala A,-65.0,-89.0,24.0,Sala A,False,True,True,True
2026-08-26 14:42:20,2026-08-26 14:42:19,2903,2605610151,2026-08-26 14:42:20,server,c3:00:00:13:3b:b7,ESP-01,73e74289-0ff8-48b9-8b6a-9dbe456be197,DIN2–AB-R4,,,Corredor,-78,Sala A,movimento,Corredor,True,Sala A,False,Sala A,False,False,Sala A,-65.0,-65.0,,Sala A,False,False,True,True
2026-08-26 14:42:25,2026-08-26 14:42:24,2917,1366431522,2026-08-26 14:42:25,server,c3:00:00:13:3b:b7,ESP-03,f8e41b1c-132e-46a3-88bc-ac06990d879a,DIN2–AB-R4,,,Sala B,-85,Sala A,movimento,Sala B,True,Sala A,False,Sala A,False,False,Sala A,-65.0,-65.0,,Sala A,False,False,True,True
2026-08-26 14:42:26,2026-08-26 14:42:25,65,4156849429,2026-08-26 14:42:26,server,c3:00:00:13:3b:b7,ESP-02,7b0e282d-0f4f-46af-b9b1-cd2bc267d6f9,DIN2–AB-R4,,,Sala A,-62,Sala A,movimento,Sala A,True,Sala A,False,Sala A,False,False,Sala A,-63.5,-63.5,,Sala A,False,True,True,True
2026-08-26 14:42:26,2026-08-26 14:42:25,2904,2605610151,2026-08-26 14:42:26,server,c3:00:00:13:3b:b7,ESP-01,00f0dfb0-7153-4451-ae69-bb0473846c20,DIN2–AB-R4,,,Corredor,-81,Sala A,movimento,Corredor,True,Sala A,False,Sala A,False,False,Sala A,-63.5,-63.5,,Sala A,False,False,True,True
2026-08-26 14:42:32,2026-08-26 14:42:31,2918,1366431522,2026-08-26 14:42:32,server,c3:00:00:13:3b:b7,ESP-03,f3952b5c-fc8e-4aea-b247-7beabd1b326d,DIN2–AB-R4,,,Sala B,-95,Sala A,movimento,Sala B,True,Sala A,False,Sala A,False,False,Sala A,-62.0,-62.0,,Sala A,False,False,True,True
2026-08-26 14:42:32,2026-08-26 14:42:32,66,4156849429,2026-08-26 14:42:32,server,c3:00:00:13:3b:b7,ESP-02,111214e8-c618-415d-a3e6-99803a9a5fba,DIN2–AB-R4,,,Sala A,-60,Sala A,movimento,Sala A,True,Sala A,False,Sala A,False,False,Sala A,-61.0,-61.0,,Sala A,False,True,True,True
2026-08-26 14:42:33,2026-08-26 14:42:32,2905,2605610151,2026-08-26 14:42:33,server,c3:00:00:13:3b:b7,ESP-01,9f0346c0-1a66-41e4-94c7-64e7753452db,DIN2–AB-R4,,,Corredor,-79,Sala A,movimento,Corredor,True,Sala A,False,Sala A,False,False,Sala A,-61.0,-61.0,,Sala A,False,False,True,True
2026-08-26 14:42:38,2026-08-26 14:42:37,2919,1366431522,2026-08-26 14:42:38,server,c3:00:00:13:3b:b7,ESP-03,1cc59771-22c6-4d7d-b296-237e924d0a7e,DIN2–AB-R4,,,Sala B,-92,Corredor,movimento,Sala B,True,Sala A,False,Sala A,False,False,Sala A,-60.0,-60.0,,Sala A,False,False,True,True
2026-08-26 14:42:39,2026-08-26 14:42:38,67,4156849429,2026-08-26 14:42:39,server,c3:00:00:13:3b:b7,ESP-02,729c1407-f948-4bac-8fbc-dc1806cbc889,DIN2–AB-R4,,,Sala A,-47,Corredor,movimento,Sala A,True,Sala A,False,Sala A,False,False,Sala A,-53.5,-53.5,,Sala A,False,True,True,True
2026-08-26 14:42:40,2026-08-26 14:42:39,2906,2605610151,2026-08-26 14:42:40,server,c3:00:00:13:3b:b7,ESP-01,f11d4697-1ee0-4558-8c40-f7ddd2c98306,DIN2–AB-R4,,,Corredor,-68,Corredor,movimento,Corredor,True,Sala A,False,Sala A,False,False,Sala A,-53.5,-53.5,,Sala A,False,False,True,True
2026-08-26 14:42:44,2026-08-26 14:42:43,2920,1366431522,2026-08-26 14:42:44,server,c3:00:00:13:3b:b7,ESP-03,8869429e-c44f-46fa-993b-cf49ce5c41dd,DIN2–AB-R4,,,Sala B,-75,Sala B,movimento,Sala B,True,Sala A,False,Sala A,False,False,Sala A,-47.0,-47.0,,Sala A,False,False,True,True
2026-08-26 14:42:46,2026-08-26 14:42:45,68,4156849429,2026-08-26 14:42:46,server,c3:00:00:13:3b:b7,ESP-02,b9b9daa8-8d36-474b-a30a-4d83e53fafce,DIN2–AB-R4,,,Sala A,-88,Sala B,movimento,Sala A,True,Sala A,False,Sala A,False,False,Sala A,-67.5,-67.5,,Sala A,False,True,True,True
2026-08-26 14:42:46,2026-08-26 14:42:45,2907,2605610151,2026-08-26 14:42:46,server,c3:00:00:13:3b:b7,ESP-01,4942eddf-13cc-4f1f-8ea9-4cfcb43baa86,DIN2–AB-R4,,,Corredor,-78,Sala B,movimento,Corredor,True,Sala A,False,Sala A,False,False,Sala A,-67.5,-67.5,,Sala A,False,False,True,True
2026-08-26 14:42:51,2026-08-26 14:42:50,2921,1366431522,2026-08-26 14:42:51,server,c3:00:00:13:3b:b7,ESP-03,34909ded-357b-4cb3-8a57-0fbfc78d7386,DIN2–AB-R4,,,Sala B,-54,Sala B,movimento,Sala B,True,Sala B,True,Sala B,True,False,Sala B,-64.5,-88.0,23.5,Sala A,False,False,False,False
2026-08-26 14:42:52,2026-08-26 14:42:51,69,4156849429,2026-08-26 14:42:52,server,c3:00:00:13:3b:b7,ESP-02,ada546bb-0308-476d-a92a-070f9adaf1aa,DIN2–AB-R4,,,Sala A,-90,Sala B,movimento,Sala A,True,Sala B,False,Sala B,False,False,Sala B,-64.5,-64.5,,Sala A,False,True,False,False
2026-08-26 14:42:52,2026-08-26 14:42:51,2908,2605610151,2026-08-26 14:42:52,server,c3:00:00:13:3b:b7,ESP-01,814023f2-3e4e-4a5c-800d-643944f81001,DIN2–AB-R4,,,Corredor,-85,Sala B,movimento,Corredor,True,Sala B,False,Sala B,False,False,Sala B,-64.5,-64.5,,Sala B,True,False,True,True
2026-08-26 14:42:58,2026-08-26 14:42:57,2922,1366431522,2026-08-26 14:42:58,server,c3:00:00:13:3b:b7,ESP-03,69c4e23a-951b-4443-b32c-e3a7f0f353e8,DIN2–AB-R4,,,Sala B,-69,Sala B,movimento,Sala B,True,Sala B,False,Sala B,False,False,Sala B,-61.5,-61.5,,Sala B,False,True,True,True
2026-08-26 14:42:59,2026-08-26 14:42:58,2909,2605610151,2026-08-26 14:42:59,server,c3:00:00:13:3b:b7,ESP-01,17b50dda-6ceb-41d0-a4b6-6f73d1a20226,DIN2–AB-R4,,,Corredor,-85,Sala B,movimento,Corredor,True,Sala B,False,Sala B,False,False,Sala B,-61.5,-61.5,,Sala B,False,False,True,True
2026-08-26 14:42:59,2026-08-26 14:42:58,70,4156849429,2026-08-26 14:42:59,server,c3:00:00:13:3b:b7,ESP-02,5fe607f2-3e50-44fa-ad6b-d1177203d5e8,DIN2–AB-R4,,,Sala A,-91,Sala B,movimento,Sala A,True,Sala B,False,Sala B,False,False,Sala B,-61.5,-61.5,,Sala B,False,False,True,True
2026-08-26 14:41:52,2026-08-26 14:41:51,2912,1366431522,2026-08-26 14:41:52,server,c3:00:00:13:3b:f2,ESP-03,75057738-79a0-4da5-83c2-78e224a93173,DIN2–AB-R4,,,Sala B,-78,,,Sala B,True,Sala B,True,Sala B,True,False,Sala B,-78.0,,,,False,False,False,False
2026-08-26 14:41:52,2026-08-26 14:41:52,60,4156849429,2026-08-26 14:41:52,server,c3:00:00:13:3b:f2,ESP-02,bdc33a19-4661-47b0-a70b-e5cfe6bbc19d,DIN2–AB-R4,,,Sala A,-75,,,Sala A,True,Sala A,True,Sala B,False,True,Sala A,-75.0,-78.0,3.0,,False,False,False,False
2026-08-26 14:41:53,2026-08-26 14:41:52,2899,2605610151,2026-08-26 14:41:53,server,c3:00:00:13:3b:f2,ESP-01,a146f5b8-b17e-458c-823f-c4748b4bf301,DIN2–AB-R4,,,Corredor,-73,,,Corredor,True,Corredor,True,Corredor,True,False,Corredor,-73.0,-78.0,5.0,,False,False,False,False
2026-08-26 14:41:58,2026-08-26 14:41:57,2913,1366431522,2026-08-26 14:41:58,server,c3:00:00:13:3b:f2,ESP-03,75966d6b-f73d-450f-a93e-022abc0bdeed,DIN2–AB-R4,,,Sala B,-84,,,Sala B,True,Corredor,False,Corredor,False,False,Corredor,-73.0,-73.0,,,False,False,False,False
2026-08-26 14:41:59,2026-08-26 14:41:58,61,4156849429,2026-08-26 14:41:59,server,c3:00:00:13:3b:f2,ESP-02,30450f4a-70ee-4c02-9a9d-f528af8dd88c,DIN2–AB-R4,,,Sala A,-73,,,Sala A,True,Corredor,False,Corredor,False,False,Corredor,-73.0,-73.0,,Corredor,True,False,True,True
2026-08-26 14:42:00,2026-08-26 14:41:59,2900,2605610151,2026-08-26 14:42:00,server,c3:00:00:13:3b:f2,ESP-01,2c6df89a-c405-4eb6-a897-a29bc2d65efe,DIN2–AB-R4,,,Corredor,-82,,,Corredor,True,Sala A,True,Corredor,False,True,Sala A,-74.0,-77.5,3.5,Corredor,False,True,False,True
2026-08-26 14:42:05,2026-08-26 14:42:04,2914,1366431522,2026-08-26 14:42:05,server,c3:00:00:13:3b:f2,ESP-03,404d70f0-ec9d-43c9-bef1-117c9bb9f9ff,DIN2–AB-R4,,,Sala B,-77,,,Sala B,True,Sala A,False,Sala A,True,False,Sala A,-73.0,-82.0,9.0,Corredor,False,False,False,False
2026-08-26 14:42:06,2026-08-26 14:42:05,62,4156849429,2026-08-26 14:42:06,server,c3:00:00:13:3b:f2,ESP-02,c7f89134-4595-4e5d-83fa-4de73c9a7e10,DIN2–AB-R4,,,Sala A,-71,,,Sala A,True,Sala A,False,Sala A,False,False,Sala A,-72.0,-72.0,,Corredor,False,False,False,False
2026-08-26 14:42:06,2026-08-26 14:42:05,2901,2605610151,2026-08-26 14:42:06,server,c3:00:00:13:3b:f2,ESP-01,9391ac71-b14a-491e-a03d-03aaf5d2f012,DIN2–AB-R4,,,Corredor,-75,,,Corredor,True,Sala A,False,Sala A,False,False,Sala A,-72.0,-72.0,,Sala A,True,False,True,True
2026-08-26 14:42:18,2026-08-26 14:42:17,2916,1366431522,2026-08-26 14:42:18,server,c3:00:00:13:3b:f2,ESP-03,e39f4828-c1d9-4aeb-8470-5ea096dd8afd,DIN2–AB-R4,,,Sala B,-78,,,Sala B,True,Sala B,True,Sala B,True,False,Sala B,-78.0,,,Sala A,False,False,False,False
2026-08-26 14:42:19,2026-08-26 14:42:18,64,4156849429,2026-08-26 14:42:19,server,c3:00:00:13:3b:f2,ESP-02,9bdaf12e-72af-4ba8-9f6d-c72bf60ab49f,DIN2–AB-R4,,,Sala A,-71,,,Sala A,True,Sala A,True,Sala A,True,False,Sala A,-71.0,-78.0,7.0,Sala A,False,True,True,True
2026-08-26 14:42:20,2026-08-26 14:42:19,2903,2605610151,2026-08-26 14:42:20,server,c3:00:00:13:3b:f2,ESP-01,73e74289-0ff8-48b9-8b6a-9dbe456be197,DIN2–AB-R4,,,Corredor,-76,,,Corredor,True,Sala A,False,Sala A,False,False,Sala A,-71.0,-71.0,,Sala A,False,False,True,True
2026-08-26 14:42:25,2026-08-26 14:42:24,2917,1366431522,2026-08-26 14:42:25,server,c3:00:00:13:3b:f2,ESP-03,f8e41b1c-132e-46a3-88bc-ac06990d879a,DIN2–AB-R4,,,Sala B,-85,,,Sala B,True,Sala A,False,Sala A,False,False,Sala A,-71.0,-71.0,,Sala A,False,False,True,True
2026-08-26 14:42:26,2026-08-26 14:42:25,65,4156849429,2026-08-26 14:42:26,server,c3:00:00:13:3b:f2,ESP-02,7b0e282d-0f4f-46af-b9b1-cd2bc267d6f9,DIN2–AB-R4,,,Sala A,-73,,,Sala A,True,Sala A,False,Sala A,False,False,Sala A,-72.0,-72.0,,Sala A,False,True,True,True
2026-08-26 14:42:26,2026-08-26 14:42:25,2904,2605610151,2026-08-26 14:42:26,server,c3:00:00:13:3b:f2,ESP-01,00f0dfb0-7153-4451-ae69-bb0473846c20,DIN2–AB-R4,,,Corredor,-88,,,Corredor,True,Sala A,False,Sala A,False,False,Sala A,-72.0,-72.0,,Sala A,False,False,True,True
2026-08-26 14:42:32,2026-08-26 14:42:31,2918,1366431522,2026-08-26 14:42:32,server,c3:00:00:13:3b:f2,ESP-03,f3952b5c-fc8e-4aea-b247-7beabd1b326d,DIN2–AB-R4,,,Sala B,-100,,,Sala B,True,Sala A,False,Sala A,False,False,Sala A,-73.0,-73.0,,Sala A,False,False,True,True
2026-08-26 14:42:32,2026-08-26 14:42:32,66,4156849429,2026-08-26 14:42:32,server,c3:00:00:13:3b:f2,ESP-02,111214e8-c618-415d-a3e6-99803a9a5fba,DIN2–AB-R4,,,Sala A,-73,,,Sala A,True,Sala A,False,Sala A,False,False,Sala A,-73.0,-73.0,,Sala A,False,True,True,True
2026-08-26 14:42:33,2026-08-26 14:42:32,2905,2605610151,2026-08-26 14:42:33,server,c3:00:00:13:3b:f2,ESP-01,9f0346c0-1a66-41e4-94c7-64e7753452db,DIN2–AB-R4,,,Corredor,-74,,,Corredor,True,Sala A,False,Sala A,False,False,Sala A,-73.0,-73.0,,Sala A,False,False,True,True
2026-08-26 14:42:38,2026-08-26 14:42:37,2919,1366431522,2026-08-26 14:42:38,server,c3:00:00:13:3b:f2,ESP-03,1cc59771-22c6-4d7d-b296-237e924d0a7e,DIN2–AB-R4,,,Sala B,-78,,,Sala B,True,Sala A,False,Sala A,False,False,Sala A,-73.0,-73.0,,Sala A,False,False,True,True
2026-08-26 14:42:39,2026-08-26 14:42:38,67,4156849429,2026-08-26 14:42:39,server,c3:00:00:13:3b:f2,ESP-02,729c1407-f948-4bac-8fbc-dc1806cbc889,DIN2–AB-R4,,,Sala A,-73,,,Sala A,True,Sala A,False,Sala A,False,False,Sala A,-73.0,-73.0,,Sala A,False,True,True,True
2026-08-26 14:42:40,2026-08-26 14:42:39,2906,2605610151,2026-08-26 14:42:40,server,c3:00:00:13:3b:f2,ESP-01,f11d4697-1ee0-4558-8c40-f7ddd2c98306,DIN2–AB-R4,,,Corredor,-82,,,Corredor,True,Sala A,False,Sala A,False,False,Sala A,-73.0,-73.0,,Sala A,False,False,True,True
2026-08-26 14:42:44,2026-08-26 14:42:43,2920,1366431522,2026-08-26 14:42:44,server,c3:00:00:13:3b:f2,ESP-03,8869429e-c44f-46fa-993b-cf49ce5c41dd,DIN2–AB-R4,,,Sala B,-79,,,Sala B,True,Sala A,False,Sala A,False,False,Sala A,-73.0,-73.0,,Sala A,False,False,True,True
2026-08-26 14:42:46,2026-08-26 14:42:45,68,4156849429,2026-08-26 14:42:46,server,c3:00:00:13:3b:f2,ESP-02,b9b9daa8-8d36-474b-a30a-4d83e53fafce,DIN2–AB-R4,,,Sala A,-73,,,Sala A,True,Sala A,False,Sala A,False,False,Sala A,-73.0,-73.0,,Sala A,False,True,True,True
2026-08-26 14:42:46,2026-08-26 14:42:45,2907,2605610151,2026-08-26 14:42:46,server,c3:00:00:13:3b:f2,ESP-01,4942eddf-13cc-4f1f-8ea9-4cfcb43baa86,DIN2–AB-R4,,,Corredor,-85,,,Corredor,True,Sala A,False,Sala A,False,False,Sala A,-73.0,-73.0,,Sala A,False,False,True,True
2026-08-26 14:42:51,2026-08-26 14:42:50,2921,1366431522,2026-08-26 14:42:51,server,c3:00:00:13:3b:f2,ESP-03,34909ded-357b-4cb3-8a57-0fbfc78d7386,DIN2–AB-R4,,,Sala B,-86,,,Sala B,True,Sala A,False,Sala A,False,False,Sala A,-73.0,-73.0,,Sala A,False,False,True,True
2026-08-26 14:42:52,2026-08-26 14:42:51,69,4156849429,2026-08-26 14:42:52,server,c3:00:00:13:3b:f2,ESP-02,ada546bb-0308-476d-a92a-070f9adaf1aa,DIN2–AB-R4,,,Sala A,-74,,,Sala A,True,Sala A,False,Sala A,False,False,Sala A,-73.5,-73.5,,Sala A,False,True,True,True
2026-08-26 14:42:52,2026-08-26 14:42:51,2908,2605610151,2026-08-26 14:42:52,server,c3:00:00:13:3b:f2,ESP-01,814023f2-3e4e-4a5c-800d-643944f81001,DIN2–AB-R4,,,Corredor,-74,,,Corredor,True,Sala A,False,Sala A,False,False,Sala A,-73.5,-73.5,,Sala A,False,False,True,True
2026-08-26 14:42:58,2026-08-26 14:42:57,2922,1366431522,2026-08-26 14:42:58,server,c3:00:00:13:3b:f2,ESP-03,69c4e23a-951b-4443-b32c-e3a7f0f353e8,DIN2–AB-R4,,,Sala B,-83,,,Sala B,True,Sala A,False,Sala A,False,False,Sala A,-74.0,-74.0,,Sala A,False,False,True,True
2026-08-26 14:42:59,2026-08-26 14:42:58,70,4156849429,2026-08-26 14:42:59,server,c3:00:00:13:3b:f2,ESP-02,5fe607f2-3e50-44fa-ad6b-d1177203d5e8,DIN2–AB-R4,,,Sala A,-73,,,Sala A,True,Sala A,False,Sala A,False,False,Sala A,-73.5,-73.5,,Sala A,False,True,True,True
2026-08-26 14:42:59,2026-08-26 14:42:58,2909,2605610151,2026-08-26 14:42:59,server,c3:00:00:13:3b:f2,ESP-01,17b50dda-6ceb-41d0-a4b6-6f73d1a20226,DIN2–AB-R4,,,Corredor,-74,,,Corredor,True,Sala A,False,Sala A,False,False,Sala A,-73.5,-73.5,,Sala A,False,False,True,True
2026-08-26 14:41:52,2026-08-26 14:41:51,2912,1366431522,2026-08-26 14:41:52,server,c3:00:00:13:3c:1e,ESP-03,75057738-79a0-4da5-83c2-78e224a93173,DIN2–AB-R4,,,Sala B,-78,,,Sala B,True,Sala B,True,Sala B,True,False,Sala B,-78.0,,,,False,False,False,False
2026-08-26 14:41:52,2026-08-26 14:41:52,60,4156849429,2026-08-26 14:41:52,server,c3:00:00:13:3c:1e,ESP-02,bdc33a19-4661-47b0-a70b-e5cfe6bbc19d,DIN2–AB-R4,,,Sala A,-67,,,Sala A,True,Sala A,True,Sala A,True,False,Sala A,-67.0,-78.0,11.0,,False,False,False,False
2026-08-26 14:41:53,2026-08-26 14:41:52,2899,2605610151,2026-08-26 14:41:53,server,c3:00:00:13:3c:1e,ESP-01,a146f5b8-b17e-458c-823f-c4748b4bf301,DIN2–AB-R4,,,Corredor,-83,,,Corredor,True,Sala A,False,Sala A,False,False,Sala A,-67.0,-67.0,,,False,False,False,False
2026-08-26 14:41:58,2026-08-26 14:41:57,2913,1366431522,2026-08-26 14:41:58,server,c3:00:00:13:3c:1e,ESP-03,75966d6b-f73d-450f-a93e-022abc0bdeed,DIN2–AB-R4,,,Sala B,-84,,,Sala B,True,Sala A,False,Sala A,False,False,Sala A,-67.0,-67.0,,Sala A,True,False,True,True
2026-08-26 14:41:59,2026-08-26 14:41:58,61,4156849429,2026-08-26 14:41:59,server,c3:00:00:13:3c:1e,ESP-02,30450f4a-70ee-4c02-9a9d-f528af8dd88c,DIN2–AB-R4,,,Sala A,-72,,,Sala A,True,Sala A,False,Sala A,False,False,Sala A,-69.5,-69.5,,Sala A,False,True,True,True
2026-08-26 14:42:00,2026-08-26 14:41:59,2900,2605610151,2026-08-26 14:42:00,server,c3:00:00:13:3c:1e,ESP-01,2c6df89a-c405-4eb6-a897-a29bc2d65efe,DIN2–AB-R4,,,Corredor,-81,,,Corredor,True,Sala A,False,Sala A,False,False,Sala A,-69.5,-69.5,,Sala A,False,False,True,True
2026-08-26 14:42:05,2026-08-26 14:42:04,2914,1366431522,2026-08-26 14:42:05,server,c3:00:00:13:3c:1e,ESP-03,404d70f0-ec9d-43c9-bef1-117c9bb9f9ff,DIN2–AB-R4,,,Sala B,-85,,,Sala B,True,Sala A,False,Sala A,False,False,Sala A,-72.0,-72.0,,Sala A,False,False,True,True
2026-08-26 14:42:06,2026-08-26 14:42:05,62,4156849429,2026-08-26 14:42:06,server,c3:00:00:13:3c:1e,ESP-02,c7f89134-4595-4e5d-83fa-4de73c9a7e10,DIN2–AB-R4,,,Sala A,-74,,,Sala A,True,Sala A,False,Sala A,False,False,Sala A,-73.0,-73.0,,Sala A,False,True,True,True
2026-08-26 14:42:06,2026-08-26 14:42:05,2901,2605610151,2026-08-26 14:42:06,server,c3:00:00:13:3c:1e,ESP-01,9391ac71-b14a-491e-a03d-03aaf5d2f012,DIN2–AB-R4,,,Corredor,-85,,,Corredor,True,Sala A,False,Sala A,False,False,Sala A,-73.0,-73.0,,Sala A,False,False,True,True
2026-08-26 14:42:18,2026-08-26 14:42:17,2916,1366431522,2026-08-26 14:42:18,server,c3:00:00:13:3c:1e,ESP-03,e39f4828-c1d9-4aeb-8470-5ea096dd8afd,DIN2–AB-R4,,,Sala B,-84,,,Sala B,True,Sala B,True,Sala B,True,False,Sala B,-84.0,,,Sala A,False,False,False,False
2026-08-26 14:42:19,2026-08-26 14:42:18,64,4156849429,2026-08-26 14:42:19,server,c3:00:00:13:3c:1e,ESP-02,9bdaf12e-72af-4ba8-9f6d-c72bf60ab49f,DIN2–AB-R4,,,Sala A,-66,,,Sala A,True,Sala A,True,Sala A,True,False,Sala A,-66.0,-84.0,18.0,Sala A,False,True,True,True
2026-08-26 14:42:20,2026-08-26 14:42:19,2903,2605610151,2026-08-26 14:42:20,server,c3:00:00:13:3c:1e,ESP-01,73e74289-0ff8-48b9-8b6a-9dbe456be197,DIN2–AB-R4,,,Corredor,-77,,,Corredor,True,Sala A,False,Sala A,False,False,Sala A,-66.0,-66.0,,Sala A,False,False,True,True
2026-08-26 14:42:25,2026-08-26 14:42:24,2917,1366431522,2026-08-26 14:42:25,server,c3:00:00:13:3c:1e,ESP-03,f8e41b1c-132e-46a3-88bc-ac06990d879a,DIN2–AB-R4,,,Sala B,-86,,,Sala B,True,Sala A,False,Sala A,False,False,Sala A,-66.0,-66.0,,Sala A,False,False,True,True
2026-08-26 14:42:26,2026-08-26 14:42:25,65,4156849429,2026-08-26 14:42:26,server,c3:00:00:13:3c:1e,ESP-02,7b0e282d-0f4f-46af-b9b1-cd2bc267d6f9,DIN2–AB-R4,,,Sala A,-71,,,Sala A,True,Sala A,False,Sala A,False,False,Sala A,-68.5,-68.5,,Sala A,False,True,True,True
2026-08-26 14:42:26,2026-08-26 14:42:25,2904,2605610151,2026-08-26 14:42:26,server,c3:00:00:13:3c:1e,ESP-01,00f0dfb0-7153-4451-ae69-bb0473846c20,DIN2–AB-R4,,,Corredor,-81,,,Corredor,True,Sala A,False,Sala A,False,False,Sala A,-68.5,-68.5,,Sala A,False,False,True,True
2026-08-26 14:42:32,2026-08-26 14:42:31,2918,1366431522,2026-08-26 14:42:32,server,c3:00:00:13:3c:1e,ESP-03,f3952b5c-fc8e-4aea-b247-7beabd1b326d,DIN2–AB-R4,,,Sala B,-78,,,Sala B,True,Sala A,False,Sala A,False,False,Sala A,-71.0,-71.0,,Sala A,False,False,True,True
2026-08-26 14:42:32,2026-08-26 14:42:32,66,4156849429,2026-08-26 14:42:32,server,c3:00:00:13:3c:1e,ESP-02,111214e8-c618-415d-a3e6-99803a9a5fba,DIN2–AB-R4,,,Sala A,-71,,,Sala A,True,Sala A,False,Sala A,False,False,Sala A,-71.0,-71.0,,Sala A,False,True,True,True
2026-08-26 14:42:33,2026-08-26 14:42:32,2905,2605610151,2026-08-26 14:42:33,server,c3:00:00:13:3c:1e,ESP-01,9f0346c0-1a66-41e4-94c7-64e7753452db,DIN2–AB-R4,,,Corredor,-82,,,Corredor,True,Sala A,False,Sala A,False,False,Sala A,-71.0,-71.0,,Sala A,False,False,True,True
2026-08-26 14:42:38,2026-08-26 14:42:37,2919,1366431522,2026-08-26 14:42:38,server,c3:00:00:13:3c:1e,ESP-03,1cc59771-22c6-4d7d-b296-237e924d0a7e,DIN2–AB-R4,,,Sala B,-78,,,Sala B,True,Sala A,False,Sala A,False,False,Sala A,-71.0,-71.0,,Sala A,False,False,True,True
2026-08-26 14:42:39,2026-08-26 14:42:38,67,4156849429,2026-08-26 14:42:39,server,c3:00:00:13:3c:1e,ESP-02,729c1407-f948-4bac-8fbc-dc1806cbc889,DIN2–AB-R4,,,Sala A,-69,,,Sala A,True,Sala A,False,Sala A,False,False,Sala A,-70.0,-70.0,,Sala A,False,True,True,True
2026-08-26 14:42:40,2026-08-26 14:42:39,2906,2605610151,2026-08-26 14:42:40,server,c3:00:00:13:3c:1e,ESP-01,f11d4697-1ee0-4558-8c40-f7ddd2c98306,DIN2–AB-R4,,,Corredor,-77,,,Corredor,True,Sala A,False,Sala A,False,False,Sala A,-70.0,-70.0,,Sala A,False,False,True,True
2026-08-26 14:42:44,2026-08-26 14:42:43,2920,1366431522,2026-08-26 14:42:44,server,c3:00:00:13:3c:1e,ESP-03,8869429e-c44f-46fa-993b-cf49ce5c41dd,DIN2–AB-R4,,,Sala B,-90,,,Sala B,True,Sala A,False,Sala A,False,False,Sala A,-69.0,-69.0,,Sala A,False,False,True,True
2026-08-26 14:42:46,2026-08-26 14:42:45,68,4156849429,2026-08-26 14:42:46,server,c3:00:00:13:3c:1e,ESP-02,b9b9daa8-8d36-474b-a30a-4d83e53fafce,DIN2–AB-R4,,,Sala A,-66,,,Sala A,True,Sala A,False,Sala A,False,False,Sala A,-67.5,-67.5,,Sala A,False,True,True,True
2026-08-26 14:42:46,2026-08-26 14:42:45,2907,2605610151,2026-08-26 14:42:46,server,c3:00:00:13:3c:1e,ESP-01,4942eddf-13cc-4f1f-8ea9-4cfcb43baa86,DIN2–AB-R4,,,Corredor,-83,,,Corredor,True,Sala A,False,Sala A,False,False,Sala A,-67.5,-67.5,,Sala A,False,False,True,True
2026-08-26 14:42:51,2026-08-26 14:42:50,2921,1366431522,2026-08-26 14:42:51,server,c3:00:00:13:3c:1e,ESP-03,34909ded-357b-4cb3-8a57-0fbfc78d7386,DIN2–AB-R4,,,Sala B,-85,,,Sala B,True,Sala A,False,Sala A,False,False,Sala A,-66.0,-66.0,,Sala A,False,False,True,True
2026-08-26 14:42:52,2026-08-26 14:42:51,69,4156849429,2026-08-26 14:42:52,server,c3:00:00:13:3c:1e,ESP-02,ada546bb-0308-476d-a92a-070f9adaf1aa,DIN2–AB-R4,,,Sala A,-74,,,Sala A,True,Sala A,False,Sala A,False,False,Sala A,-70.0,-70.0,,Sala A,False,True,True,True
2026-08-26 14:42:52,2026-08-26 14:42:51,2908,2605610151,2026-08-26 14:42:52,server,c3:00:00:13:3c:1e,ESP-01,814023f2-3e4e-4a5c-800d-643944f81001,DIN2–AB-R4,,,Corredor,-78,,,Corredor,True,Sala A,False,Sala A,False,False,Sala A,-70.0,-70.0,,Sala A,False,False,True,True
2026-08-26 14:42:58,2026-08-26 14:42:57,2922,1366431522,2026-08-26 14:42:58,server,c3:00:00:13:3c:1e,ESP-03,69c4e23a-951b-4443-b32c-e3a7f0f353e8,DIN2–AB-R4,,,Sala B,-78,,,Sala B,True,Sala A,False,Sala A,False,False,Sala A,-74.0,-74.0,,Sala A,False,False,True,True
2026-08-26 14:38:03,2026-08-26 14:38:02,2878,1366431522,2026-08-26 14:38:03,server,c3:00:00:13:3b:b7,ESP-03,b81e0c6d-1457-4b30-9c4a-bffc7d7f09c1,DIN2–BA-R2,,,Sala B,-64,,,Sala B,True,Sala B,True,Sala B,True,False,Sala B,-64.0,,,,False,False,False,False
2026-08-26 14:38:06,2026-08-26 14:38:05,26,4156849429,2026-08-26 14:38:06,server,c3:00:00:13:3b:b7,ESP-02,462afc5b-0e13-43f8-80b6-e24fe4f89dd7,DIN2–BA-R2,,,Sala A,-93,Sala B,movimento,Sala A,True,Sala B,False,Sala B,False,False,Sala B,-64.0,-64.0,,,False,False,False,False
2026-08-26 14:38:07,2026-08-26 14:38:06,2865,2605610151,2026-08-26 14:38:07,server,c3:00:00:13:3b:b7,ESP-01,9a95bbe9-4076-4290-a4d3-0360996856be,DIN2–BA-R2,,,Corredor,-91,Sala B,movimento,Corredor,True,Sala B,False,Sala B,False,False,Sala B,-64.0,-64.0,,Sala B,True,False,True,True
2026-08-26 14:38:09,2026-08-26 14:38:09,2879,1366431522,2026-08-26 14:38:09,server,c3:00:00:13:3b:b7,ESP-03,238eee29-1790-42df-99a7-ea0c489b28b5,DIN2–BA-R2,,,Sala B,-50,Sala B,movimento,Sala B,True,Sala B,False,Sala B,False,False,Sala B,-57.0,-57.0,,Sala B,False,True,True,True
2026-08-26 14:38:13,2026-08-26 14:38:12,27,4156849429,2026-08-26 14:38:13,server,c3:00:00:13:3b:b7,ESP-02,3da15dd3-4e69-4548-9936-29dda7246322,DIN2–BA-R2,,,Sala A,-87,Sala B,movimento,Sala A,True,Sala B,False,Sala B,False,False,Sala B,-50.0,-50.0,,Sala B,False,False,True,True
2026-08-26 14:38:13,2026-08-26 14:38:12,2866,2605610151,2026-08-26 14:38:13,server,c3:00:00:13:3b:b7,ESP-01,829bb13c-2fdc-4bd6-a740-359edb4ead0b,DIN2–BA-R2,,,Corredor,-81,Sala B,movimento,Corredor,True,Sala B,False,Sala B,False,False,Sala B,-50.0,-50.0,,Sala B,False,False,True,True
2026-08-26 14:38:16,2026-08-26 14:38:15,2880,1366431522,2026-08-26 14:38:16,server,c3:00:00:13:3b:b7,ESP-03,212a01c3-7df5-4b27-bb55-2419f0e12ab0,DIN2–BA-R2,,,Sala B,-52,Sala B,movimento,Sala B,True,Sala B,False,Sala B,False,False,Sala B,-51.0,-51.0,,Sala B,False,True,True,True
2026-08-26 14:38:19,2026-08-26 14:38:19,28,4156849429,2026-08-26 14:38:19,server,c3:00:00:13:3b:b7,ESP-02,d67f1054-f4fa-4631-8d53-f2cfc78f9107,DIN2–BA-R2,,,Sala A,-86,Sala B,movimento,Sala A,True,Sala B,False,Sala B,False,False,Sala B,-52.0,-52.0,,Sala B,False,False,True,True
2026-08-26 14:38:20,2026-08-26 14:38:19,2867,2605610151,2026-08-26 14:38:20,server,c3:00:00:13:3b:b7,ESP-01,43a962ff-97ae-4d01-9716-155f371c3757,DIN2–BA-R2,,,Corredor,-79,Sala B,movimento,Corredor,True,Sala B,False,Sala B,False,False,Sala B,-52.0,-52.0,,Sala B,False,False,True,True
2026-08-26 14:38:23,2026-08-26 14:38:22,2881,1366431522,2026-08-26 14:38:23,server,c3:00:00:13:3b:b7,ESP-03,9c2cc596-4e94-4291-9a0b-113bf652b7a4,DIN2–BA-R2,,,Sala B,-59,Sala B,movimento,Sala B,True,Sala B,False,Sala B,False,False,Sala B,-55.5,-55.5,,Sala B,False,True,True,True
2026-08-26 14:38:26,2026-08-26 14:38:25,29,4156849429,2026-08-26 14:38:26,server,c3:00:00:13:3b:b7,ESP-02,44b3d175-fd3f-4887-80eb-2d7b3fcb4fb1,DIN2–BA-R2,,,Sala A,-88,Corredor,movimento,Sala A,True,Sala B,False,Sala B,False,False,Sala B,-59.0,-59.0,,Sala B,False,False,True,True
2026-08-26 14:38:27,2026-08-26 14:38:26,2868,2605610151,2026-08-26 14:38:27,server,c3:00:00:13:3b:b7,ESP-01,19e6cafb-2866-4500-a948-ff4a0e538ef6,DIN2–BA-R2,,,Corredor,-86,Corredor,movimento,Corredor,True,Sala B,False,Sala B,False,False,Sala B,-59.0,-59.0,,Sala B,False,False,True,True
2026-08-26 14:38:29,2026-08-26 14:38:28,2882,1366431522,2026-08-26 14:38:29,server,c3:00:00:13:3b:b7,ESP-03,1ec54fdd-a130-4398-91f4-f3001aba8716,DIN2–BA-R2,,,Sala B,-66,Corredor,movimento,Sala B,True,Sala B,False,Sala B,False,False,Sala B,-62.5,-62.5,,Sala B,False,True,True,True
2026-08-26 14:38:33,2026-08-26 14:38:32,30,4156849429,2026-08-26 14:38:33,server,c3:00:00:13:3b:b7,ESP-02,5a9b2fee-02e1-4831-be22-8550b47f99ba,DIN2–BA-R2,,,Sala A,-80,Sala A,movimento,Sala A,True,Sala B,False,Sala B,False,False,Sala B,-66.0,-66.0,,Sala B,False,False,True,True
2026-08-26 14:38:33,2026-08-26 14:38:32,2869,2605610151,2026-08-26 14:38:33,server,c3:00:00:13:3b:b7,ESP-01,eb60a235-4377-4c7b-b04f-e30602d957d9,DIN2–BA-R2,,,Corredor,-64,Sala A,movimento,Corredor,True,Sala B,False,Sala B,False,False,Sala B,-66.0,-66.0,,Sala B,False,False,True,True
2026-08-26 14:38:36,2026-08-26 14:38:35,2883,1366431522,2026-08-26 14:38:36,server,c3:00:00:13:3b:b7,ESP-03,65656708-1dad-4d7c-97de-b06f686f25d9,DIN2–BA-R2,,,Sala B,-83,Sala A,movimento,Sala B,True,Corredor,True,Corredor,True,False,Corredor,-64.0,-74.5,10.5,Sala B,False,True,False,False
2026-08-26 14:38:39,2026-08-26 14:38:39,31,4156849429,2026-08-26 14:38:39,server,c3:00:00:13:3b:b7,ESP-02,ea3bd660-a272-4700-a8ff-7b12c9debd81,DIN2–BA-R2,,,Sala A,-57,Sala A,movimento,Sala A,True,Corredor,False,Corredor,False,False,Corredor,-64.0,-64.0,,Sala B,False,False,False,False
2026-08-26 14:38:40,2026-08-26 14:38:39,2870,2605610151,2026-08-26 14:38:40,server,c3:00:00:13:3b:b7,ESP-01,12e4e044-6316-4c67-b5dd-c50ffcf07536,DIN2–BA-R2,,,Corredor,-76,Sala A,movimento,Corredor,True,Sala A,True,Corredor,False,True,Sala A,-68.5,-70.0,1.5,Corredor,True,True,False,True
2026-08-26 14:38:43,2026-08-26 14:38:42,2884,1366431522,2026-08-26 14:38:43,server,c3:00:00:13:3b:b7,ESP-03,5a76f799-1451-4fba-9b80-3b2f11ab7469,DIN2–BA-R2,,,Sala B,-84,Sala A,movimento,Sala B,True,Sala A,False,Sala A,True,False,Sala A,-57.0,-76.0,19.0,Corredor,False,False,False,False
2026-08-26 14:38:46,2026-08-26 14:38:45,32,4156849429,2026-08-26 14:38:46,server,c3:00:00:13:3b:b7,ESP-02,5cd2b149-61f3-40c4-a9dc-6abb378953d5,DIN2–BA-R2,,,Sala A,-63,Sala A,movimento,Sala A,True,Sala A,False,Sala A,False,False,Sala A,-60.0,-60.0,,Corredor,False,False,False,False
2026-08-26 14:38:47,2026-08-26 14:38:46,2871,2605610151,2026-08-26 14:38:47,server,c3:00:00:13:3b:b7,ESP-01,6443115b-905c-472c-91d6-669e05ce500d,DIN2–BA-R2,,,Corredor,-90,Sala A,movimento,Corredor,True,Sala A,False,Sala A,False,False,Sala A,-60.0,-60.0,,Sala A,True,False,True,True
2026-08-26 14:38:49,2026-08-26 14:38:48,2885,1366431522,2026-08-26 14:38:49,server,c3:00:00:13:3b:b7,ESP-03,aa8e2e65-4fff-4789-9ac5-e0aa9d55b09d,DIN2–BA-R2,,,Sala B,-83,Sala A,movimento,Sala B,True,Sala A,False,Sala A,False,False,Sala A,-63.0,-63.0,,Sala A,False,False,True,True
2026-08-26 14:38:03,2026-08-26 14:38:02,2878,1366431522,2026-08-26 14:38:03,server,c3:00:00:13:3b:f2,ESP-03,b81e0c6d-1457-4b30-9c4a-bffc7d7f09c1,DIN2–BA-R2,,,Sala B,-78,,,Sala B,True,Sala B,True,Sala B,True,False,Sala B,-78.0,,,,False,False,False,False
2026-08-26 14:38:06,2026-08-26 14:38:05,26,4156849429,2026-08-26 14:38:06,server,c3:00:00:13:3b:f2,ESP-02,462afc5b-0e13-43f8-80b6-e24fe4f89dd7,DIN2–BA-R2,,,Sala A,-75,,,Sala A,True,Sala A,True,Sala B,False,True,Sala A,-75.0,-78.0,3.0,,False,False,False,False
2026-08-26 14:38:07,2026-08-26 14:38:06,2865,2605610151,2026-08-26 14:38:07,server,c3:00:00:13:3b:f2,ESP-01,9a95bbe9-4076-4290-a4d3-0360996856be,DIN2–BA-R2,,,Corredor,-75,,,Corredor,True,Sala A,False,Sala B,False,True,Sala A,-75.0,-78.0,3.0,Sala B,True,False,False,True
2026-08-26 14:38:09,2026-08-26 14:38:09,2879,1366431522,2026-08-26 14:38:09,server,c3:00:00:13:3b:f2,ESP-03,238eee29-1790-42df-99a7-ea0c489b28b5,DIN2–BA-R2,,,Sala B,-98,,,Sala B,True,Sala A,False,Sala A,True,False,Sala A,-75.0,-88.0,13.0,Sala B,False,True,False,False
2026-08-26 14:38:13,2026-08-26 14:38:12,27,4156849429,2026-08-26 14:38:13,server,c3:00:00:13:3b:f2,ESP-02,3da15dd3-4e69-4548-9936-29dda7246322,DIN2–BA-R2,,,Sala A,-78,,,Sala A,True,Corredor,True,Sala A,False,True,Corredor,-75.0,-76.5,1.5,Sala B,False,False,False,False
2026-08-26 14:38:13,2026-08-26 14:38:12,2866,2605610151,2026-08-26 14:38:13,server,c3:00:00:13:3b:f2,ESP-01,829bb13c-2fdc-4bd6-a740-359edb4ead0b,DIN2–BA-R2,,,Corredor,-74,,,Corredor,True,Corredor,False,Sala A,False,True,Corredor,-74.5,-76.5,2.0,Sala A,True,False,False,True
2026-08-26 14:38:16,2026-08-26 14:38:15,2880,1366431522,2026-08-26 14:38:16,server,c3:00:00:13:3b:f2,ESP-03,212a01c3-7df5-4b27-bb55-2419f0e12ab0,DIN2–BA-R2,,,Sala B,-94,,,Sala B,True,Corredor,False,Sala A,False,True,Corredor,-74.0,-78.0,4.0,Sala A,False,False,False,True
2026-08-26 14:38:19,2026-08-26 14:38:19,28,4156849429,2026-08-26 14:38:19,server,c3:00:00:13:3b:f2,ESP-02,d67f1054-f4fa-4631-8d53-f2cfc78f9107,DIN2–BA-R2,,,Sala A,-76,,,Sala A,True,Corredor,False,Sala A,False,True,Corredor,-74.0,-77.0,3.0,Sala A,False,True,False,True
2026-08-26 14:38:20,2026-08-26 14:38:19,2867,2605610151,2026-08-26 14:38:20,server,c3:00:00:13:3b:f2,ESP-01,43a962ff-97ae-4d01-9716-155f371c3757,DIN2–BA-R2,,,Corredor,-82,,,Corredor,True,Sala A,True,Sala A,False,False,Sala A,-77.0,-77.0,,Sala A,False,False,True,True
2026-08-26 14:38:23,2026-08-26 14:38:22,2881,1366431522,2026-08-26 14:38:23,server,c3:00:00:13:3b:f2,ESP-03,9c2cc596-4e94-4291-9a0b-113bf652b7a4,DIN2–BA-R2,,,Sala B,-77,,,Sala B,True,Sala A,False,Sala A,False,False,Sala A,-76.0,-76.0,,Sala A,False,False,True,True
2026-08-26 14:38:26,2026-08-26 14:38:25,29,4156849429,2026-08-26 14:38:26,server,c3:00:00:13:3b:f2,ESP-02,44b3d175-fd3f-4887-80eb-2d7b3fcb4fb1,DIN2–BA-R2,,,Sala A,-75,,,Sala A,True,Sala A,False,Sala A,False,False,Sala A,-75.5,-75.5,,Sala A,False,True,True,True
2026-08-26 14:38:27,2026-08-26 14:38:26,2868,2605610151,2026-08-26 14:38:27,server,c3:00:00:13:3b:f2,ESP-01,19e6cafb-2866-4500-a948-ff4a0e538ef6,DIN2–BA-R2,,,Corredor,-84,,,Corredor,True,Sala A,False,Sala A,False,False,Sala A,-75.5,-75.5,,Sala A,False,False,True,True
2026-08-26 14:38:29,2026-08-26 14:38:28,2882,1366431522,2026-08-26 14:38:29,server,c3:00:00:13:3b:f2,ESP-03,1ec54fdd-a130-4398-91f4-f3001aba8716,DIN2–BA-R2,,,Sala B,-84,,,Sala B,True,Sala A,False,Sala A,False,False,Sala A,-75.0,-75.0,,Sala A,False,False,True,True
2026-08-26 14:38:33,2026-08-26 14:38:32,30,4156849429,2026-08-26 14:38:33,server,c3:00:00:13:3b:f2,ESP-02,5a9b2fee-02e1-4831-be22-8550b47f99ba,DIN2–BA-R2,,,Sala A,-73,,,Sala A,True,Sala A,False,Sala A,False,False,Sala A,-74.0,-74.0,,Sala A,False,True,True,True
2026-08-26 14:38:33,2026-08-26 14:38:32,2869,2605610151,2026-08-26 14:38:33,server,c3:00:00:13:3b:f2,ESP-01,eb60a235-4377-4c7b-b04f-e30602d957d9,DIN2–BA-R2,,,Corredor,-85,,,Corredor,True,Sala A,False,Sala A,False,False,Sala A,-74.0,-74.0,,Sala A,False,False,True,True
2026-08-26 14:38:36,2026-08-26 14:38:35,2883,1366431522,2026-08-26 14:38:36,server,c3:00:00:13:3b:f2,ESP-03,65656708-1dad-4d7c-97de-b06f686f25d9,DIN2–BA-R2,,,Sala B,-96,,,Sala B,True,Sala A,False,Sala A,False,False,Sala A,-73.0,-73.0,,Sala A,False,False,True,True
2026-08-26 14:38:39,2026-08-26 14:38:39,31,4156849429,2026-08-26 14:38:39,server,c3:00:00:13:3b:f2,ESP-02,ea3bd660-a272-4700-a8ff-7b12c9debd81,DIN2–BA-R2,,,Sala A,-77,,,Sala A,True,Sala A,False,Sala A,False,False,Sala A,-75.0,-75.0,,Sala A,False,True,True,True
2026-08-26 14:38:40,2026-08-26 14:38:39,2870,2605610151,2026-08-26 14:38:40,server,c3:00:00:13:3b:f2,ESP-01,12e4e044-6316-4c67-b5dd-c50ffcf07536,DIN2–BA-R2,,,Corredor,-75,,,Corredor,True,Sala A,False,Sala A,False,False,Sala A,-75.0,-75.0,,Sala A,False,False,True,True
2026-08-26 14:38:43,2026-08-26 14:38:42,2884,1366431522,2026-08-26 14:38:43,server,c3:00:00:13:3b:f2,ESP-03,5a76f799-1451-4fba-9b80-3b2f11ab7469,DIN2–BA-R2,,,Sala B,-78,,,Sala B,True,Corredor,True,Sala A,False,True,Corredor,-75.0,-77.0,2.0,Sala A,False,False,False,True
2026-08-26 14:38:46,2026-08-26 14:38:45,32,4156849429,2026-08-26 14:38:46,server,c3:00:00:13:3b:f2,ESP-02,5cd2b149-61f3-40c4-a9dc-6abb378953d5,DIN2–BA-R2,,,Sala A,-72,,,Sala A,True,Sala A,True,Sala A,False,False,Sala A,-74.5,-74.5,,Sala A,False,True,True,True
2026-08-26 14:38:47,2026-08-26 14:38:46,2871,2605610151,2026-08-26 14:38:47,server,c3:00:00:13:3b:f2,ESP-01,6443115b-905c-472c-91d6-669e05ce500d,DIN2–BA-R2,,,Corredor,-85,,,Corredor,True,Sala A,False,Sala A,False,False,Sala A,-74.5,-74.5,,Sala A,False,False,True,True
2026-08-26 14:38:49,2026-08-26 14:38:48,2885,1366431522,2026-08-26 14:38:49,server,c3:00:00:13:3b:f2,ESP-03,aa8e2e65-4fff-4789-9ac5-e0aa9d55b09d,DIN2–BA-R2,,,Sala B,-77,,,Sala B,True,Sala A,False,Sala A,False,False,Sala A,-72.0,-72.0,,Sala A,False,False,True,True
2026-08-26 14:38:03,2026-08-26 14:38:02,2878,1366431522,2026-08-26 14:38:03,server,c3:00:00:13:3c:1e,ESP-03,b81e0c6d-1457-4b30-9c4a-bffc7d7f09c1,DIN2–BA-R2,,,Sala B,-86,,,Sala B,True,Sala B,True,Sala B,True,False,Sala B,-86.0,,,,False,False,False,False
2026-08-26 14:38:06,2026-08-26 14:38:05,26,4156849429,2026-08-26 14:38:06,server,c3:00:00:13:3c:1e,ESP-02,462afc5b-0e13-43f8-80b6-e24fe4f89dd7,DIN2–BA-R2,,,Sala A,-72,,,Sala A,True,Sala A,True,Sala A,True,False,Sala A,-72.0,-86.0,14.0,,False,False,False,False
2026-08-26 14:38:07,2026-08-26 14:38:06,2865,2605610151,2026-08-26 14:38:07,server,c3:00:00:13:3c:1e,ESP-01,9a95bbe9-4076-4290-a4d3-0360996856be,DIN2–BA-R2,,,Corredor,-79,,,Corredor,True,Sala A,False,Sala A,False,False,Sala A,-72.0,-72.0,,,False,False,False,False
2026-08-26 14:38:09,2026-08-26 14:38:09,2879,1366431522,2026-08-26 14:38:09,server,c3:00:00:13:3c:1e,ESP-03,238eee29-1790-42df-99a7-ea0c489b28b5,DIN2–BA-R2,,,Sala B,-98,,,Sala B,True,Sala A,False,Sala A,False,False,Sala A,-72.0,-72.0,,Sala A,True,False,True,True
2026-08-26 14:38:13,2026-08-26 14:38:12,27,4156849429,2026-08-26 14:38:13,server,c3:00:00:13:3c:1e,ESP-02,3da15dd3-4e69-4548-9936-29dda7246322,DIN2–BA-R2,,,Sala A,-73,,,Sala A,True,Sala A,False,Sala A,False,False,Sala A,-72.5,-72.5,,Sala A,False,True,True,True
2026-08-26 14:38:13,2026-08-26 14:38:12,2866,2605610151,2026-08-26 14:38:13,server,c3:00:00:13:3c:1e,ESP-01,829bb13c-2fdc-4bd6-a740-359edb4ead0b,DIN2–BA-R2,,,Corredor,-83,,,Corredor,True,Sala A,False,Sala A,False,False,Sala A,-72.5,-72.5,,Sala A,False,False,True,True
2026-08-26 14:38:16,2026-08-26 14:38:15,2880,1366431522,2026-08-26 14:38:16,server,c3:00:00:13:3c:1e,ESP-03,212a01c3-7df5-4b27-bb55-2419f0e12ab0,DIN2–BA-R2,,,Sala B,-77,,,Sala B,True,Sala A,False,Sala A,False,False,Sala A,-73.0,-73.0,,Sala A,False,False,True,True
2026-08-26 14:38:19,2026-08-26 14:38:19,28,4156849429,2026-08-26 14:38:19,server,c3:00:00:13:3c:1e,ESP-02,d67f1054-f4fa-4631-8d53-f2cfc78f9107,DIN2–BA-R2,,,Sala A,-66,,,Sala A,True,Sala A,False,Sala A,False,False,Sala A,-69.5,-69.5,,Sala A,False,True,True,True
2026-08-26 14:38:20,2026-08-26 14:38:19,2867,2605610151,2026-08-26 14:38:20,server,c3:00:00:13:3c:1e,ESP-01,43a962ff-97ae-4d01-9716-155f371c3757,DIN2–BA-R2,,,Corredor,-82,,,Corredor,True,Sala A,False,Sala A,False,False,Sala A,-69.5,-69.5,,Sala A,False,False,True,True
2026-08-26 14:38:23,2026-08-26 14:38:22,2881,1366431522,2026-08-26 14:38:23,server,c3:00:00:13:3c:1e,ESP-03,9c2cc596-4e94-4291-9a0b-113bf652b7a4,DIN2–BA-R2,,,Sala B,-86,,,Sala B,True,Sala A,False,Sala A,False,False,Sala A,-66.0,-66.0,,Sala A,False,False,True,True
2026-08-26 14:38:26,2026-08-26 14:38:25,29,4156849429,2026-08-26 14:38:26,server,c3:00:00:13:3c:1e,ESP-02,44b3d175-fd3f-4887-80eb-2d7b3fcb4fb1,DIN2–BA-R2,,,Sala A,-72,,,Sala A,True,Sala A,False,Sala A,False,False,Sala A,-69.0,-69.0,,Sala A,False,True,True,True
2026-08-26 14:38:27,2026-08-26 14:38:26,2868,2605610151,2026-08-26 14:38:27,server,c3:00:00:13:3c:1e,ESP-01,19e6cafb-2866-4500-a948-ff4a0e538ef6,DIN2–BA-R2,,,Corredor,-79,,,Corredor,True,Sala A,False,Sala A,False,False,Sala A,-69.0,-69.0,,Sala A,False,False,True,True
2026-08-26 14:38:29,2026-08-26 14:38:28,2882,1366431522,2026-08-26 14:38:29,server,c3:00:00:13:3c:1e,ESP-03,1ec54fdd-a130-4398-91f4-f3001aba8716,DIN2–BA-R2,,,Sala B,-87,,,Sala B,True,Sala A,False,Sala A,False,False,Sala A,-72.0,-72.0,,Sala A,False,False,True,True
2026-08-26 14:38:33,2026-08-26 14:38:32,30,4156849429,2026-08-26 14:38:33,server,c3:00:00:13:3c:1e,ESP-02,5a9b2fee-02e1-4831-be22-8550b47f99ba,DIN2–BA-R2,,,Sala A,-66,,,Sala A,True,Sala A,False,Sala A,False,False,Sala A,-69.0,-69.0,,Sala A,False,True,True,True
2026-08-26 14:38:33,2026-08-26 14:38:32,2869,2605610151,2026-08-26 14:38:33,server,c3:00:00:13:3c:1e,ESP-01,eb60a235-4377-4c7b-b04f-e30602d957d9,DIN2–BA-R2,,,Corredor,-78,,,Corredor,True,Sala A,False,Sala A,False,False,Sala A,-69.0,-69.0,,Sala A,False,False,True,True
2026-08-26 14:38:36,2026-08-26 14:38:35,2883,1366431522,2026-08-26 14:38:36,server,c3:00:00:13:3c:1e,ESP-03,65656708-1dad-4d7c-97de-b06f686f25d9,DIN2–BA-R2,,,Sala B,-79,,,Sala B,True,Sala A,False,Sala A,False,False,Sala A,-66.0,-66.0,,Sala A,False,False,True,True
2026-08-26 14:38:39,2026-08-26 14:38:39,31,4156849429,2026-08-26 14:38:39,server,c3:00:00:13:3c:1e,ESP-02,ea3bd660-a272-4700-a8ff-7b12c9debd81,DIN2–BA-R2,,,Sala A,-66,,,Sala A,True,Sala A,False,Sala A,False,False,Sala A,-66.0,-66.0,,Sala A,False,True,True,True
2026-08-26 14:38:40,2026-08-26 14:38:39,2870,2605610151,2026-08-26 14:38:40,server,c3:00:00:13:3c:1e,ESP-01,12e4e044-6316-4c67-b5dd-c50ffcf07536,DIN2–BA-R2,,,Corredor,-88,,,Corredor,True,Sala A,False,Sala A,False,False,Sala A,-66.0,-66.0,,Sala A,False,False,True,True
2026-08-26 14:38:43,2026-08-26 14:38:42,2884,1366431522,2026-08-26 14:38:43,server,c3:00:00:13:3c:1e,ESP-03,5a76f799-1451-4fba-9b80-3b2f11ab7469,DIN2–BA-R2,,,Sala B,-78,,,Sala B,True,Sala A,False,Sala A,False,False,Sala A,-66.0,-66.0,,Sala A,False,False,True,True
2026-08-26 14:38:46,2026-08-26 14:38:45,32,4156849429,2026-08-26 14:38:46,server,c3:00:00:13:3c:1e,ESP-02,5cd2b149-61f3-40c4-a9dc-6abb378953d5,DIN2–BA-R2,,,Sala A,-77,,,Sala A,True,Sala A,False,Sala A,False,False,Sala A,-71.5,-71.5,,Sala A,False,True,True,True
2026-08-26 14:38:47,2026-08-26 14:38:46,2871,2605610151,2026-08-26 14:38:47,server,c3:00:00:13:3c:1e,ESP-01,6443115b-905c-472c-91d6-669e05ce500d,DIN2–BA-R2,,,Corredor,-85,,,Corredor,True,Sala A,False,Sala A,False,False,Sala A,-71.5,-71.5,,Sala A,False,False,True,True
2026-08-26 14:38:49,2026-08-26 14:38:48,2885,1366431522,2026-08-26 14:38:49,server,c3:00:00:13:3c:1e,ESP-03,aa8e2e65-4fff-4789-9ac5-e0aa9d55b09d,DIN2–BA-R2,,,Sala B,-99,,,Sala B,True,Sala A,False,Sala A,False,False,Sala A,-77.0,-77.0,,Sala A,False,False,True,True
2026-08-26 14:40:13,2026-08-26 14:40:12,45,4156849429,2026-08-26 14:40:13,server,c3:00:00:13:3b:b7,ESP-02,003ebf77-cd97-4137-86e0-c920d3afea1f,DIN2–BA-R3,,,Sala A,-92,Sala B,movimento,Sala A,True,Sala A,True,Sala A,True,False,Sala A,-92.0,,,,False,False,False,False
2026-08-26 14:40:13,2026-08-26 14:40:12,2884,2605610151,2026-08-26 14:40:13,server,c3:00:00:13:3b:b7,ESP-01,8a7a9896-8936-4e60-ac44-3f2ef0d960a1,DIN2–BA-R3,,,Corredor,-84,Sala B,movimento,Corredor,True,Corredor,True,Corredor,True,False,Corredor,-84.0,-92.0,8.0,,False,False,False,False
2026-08-26 14:40:16,2026-08-26 14:40:15,2898,1366431522,2026-08-26 14:40:16,server,c3:00:00:13:3b:b7,ESP-03,00055275-65dd-4f29-9ed8-47dc8d42d426,DIN2–BA-R3,,,Sala B,-56,Sala B,movimento,Sala B,True,Sala B,True,Sala B,True,False,Sala B,-56.0,-84.0,28.0,,False,False,False,False
2026-08-26 14:40:19,2026-08-26 14:40:18,46,4156849429,2026-08-26 14:40:19,server,c3:00:00:13:3b:b7,ESP-02,19bba7cc-ee48-403e-b8d2-fdc51f9844a5,DIN2–BA-R3,,,Sala A,-85,Sala B,movimento,Sala A,True,Sala B,False,Sala B,False,False,Sala B,-56.0,-56.0,,,False,False,False,False
2026-08-26 14:40:20,2026-08-26 14:40:19,2885,2605610151,2026-08-26 14:40:20,server,c3:00:00:13:3b:b7,ESP-01,02b58807-474e-4330-ad3e-4d582bd95f87,DIN2–BA-R3,,,Corredor,-77,Sala B,movimento,Corredor,True,Sala B,False,Sala B,False,False,Sala B,-56.0,-56.0,,Sala B,True,False,True,True
2026-08-26 14:40:22,2026-08-26 14:40:21,2899,1366431522,2026-08-26 14:40:22,server,c3:00:00:13:3b:b7,ESP-03,1197ce07-839f-4abd-8bb3-7373a973bb5d,DIN2–BA-R3,,,Sala B,-57,Sala B,movimento,Sala B,True,Sala B,False,Sala B,False,False,Sala B,-56.5,-56.5,,Sala B,False,True,True,True
2026-08-26 14:40:26,2026-08-26 14:40:25,47,4156849429,2026-08-26 14:40:26,server,c3:00:00:13:3b:b7,ESP-02,f7f49d9b-523d-42a1-b2e6-80c07f82352f,DIN2–BA-R3,,,Sala A,-89,Sala B,movimento,Sala A,True,Sala B,False,Sala B,False,False,Sala B,-57.0,-57.0,,Sala B,False,False,True,True
2026-08-26 14:40:26,2026-08-26 14:40:26,2886,2605610151,2026-08-26 14:40:26,server,c3:00:00:13:3b:b7,ESP-01,79312dd4-114c-480d-a451-75e4b79c8970,DIN2–BA-R3,,,Corredor,-96,Sala B,movimento,Corredor,True,Sala B,False,Sala B,False,False,Sala B,-57.0,-57.0,,Sala B,False,False,True,True
2026-08-26 14:40:32,2026-08-26 14:40:28,2900,1366431522,2026-08-26 14:40:32,server,c3:00:00:13:3b:b7,ESP-03,59595e67-bca8-4fc3-9acb-789c3c6e7eb3,DIN2–BA-R3,,,Sala B,-49,Corredor,movimento,Sala B,True,Sala B,False,Sala B,False,False,Sala B,-49.0,-49.0,,Sala B,False,True,True,True
2026-08-26 14:40:33,2026-08-26 14:40:32,48,4156849429,2026-08-26 14:40:33,server,c3:00:00:13:3b:b7,ESP-02,8ada6cb1-5327-472c-8574-41b64d6b193c,DIN2–BA-R3,,,Sala A,-84,Corredor,movimento,Sala A,True,Sala B,False,Sala B,False,False,Sala B,-49.0,-49.0,,Sala B,False,False,True,True
2026-08-26 14:40:33,2026-08-26 14:40:32,2887,2605610151,2026-08-26 14:40:33,server,c3:00:00:13:3b:b7,ESP-01,b199994a-48a1-4ab3-9a5a-7d5dd5ae3771,DIN2–BA-R3,,,Corredor,-87,Corredor,movimento,Corredor,True,Sala B,False,Sala B,False,False,Sala B,-49.0,-49.0,,Sala B,False,False,True,True
2026-08-26 14:40:38,2026-08-26 14:40:37,2901,1366431522,2026-08-26 14:40:38,server,c3:00:00:13:3b:b7,ESP-03,b5731c3b-c273-44db-a13a-e26c9888d6fd,DIN2–BA-R3,,,Sala B,-91,Sala A,movimento,Sala B,True,Sala B,False,Sala B,False,False,Sala B,-70.0,-70.0,,Sala B,False,True,True,True
2026-08-26 14:40:39,2026-08-26 14:40:38,49,4156849429,2026-08-26 14:40:39,server,c3:00:00:13:3b:b7,ESP-02,12749d85-950d-4842-a74f-4b66843b4f66,DIN2–BA-R3,,,Sala A,-75,Sala A,movimento,Sala A,True,Sala B,False,Sala B,False,False,Sala B,-70.0,-70.0,,Sala B,False,False,True,True
2026-08-26 14:40:40,2026-08-26 14:40:39,2888,2605610151,2026-08-26 14:40:40,server,c3:00:00:13:3b:b7,ESP-01,1aba9b03-8f45-4fc3-b24d-fefa37a45f53,DIN2–BA-R3,,,Corredor,-44,Sala A,movimento,Corredor,True,Corredor,True,Sala B,False,True,Corredor,-65.5,-70.0,4.5,Sala B,False,False,False,True
2026-08-26 14:40:45,2026-08-26 14:40:44,2902,1366431522,2026-08-26 14:40:45,server,c3:00:00:13:3b:b7,ESP-03,96a98fe3-4784-47b9-9226-070e00a7061a,DIN2–BA-R3,,,Sala B,-89,Sala A,movimento,Sala B,True,Corredor,False,Corredor,True,False,Corredor,-44.0,-90.0,46.0,Sala B,False,True,False,False
2026-08-26 14:40:46,2026-08-26 14:40:45,50,4156849429,2026-08-26 14:40:46,server,c3:00:00:13:3b:b7,ESP-02,c48164ef-7dbb-433b-bba5-5a5ce795ae1a,DIN2–BA-R3,,,Sala A,-52,Sala A,movimento,Sala A,True,Corredor,False,Corredor,False,False,Corredor,-44.0,-44.0,,Sala B,False,False,False,False
2026-08-26 14:40:46,2026-08-26 14:40:46,2889,2605610151,2026-08-26 14:40:46,server,c3:00:00:13:3b:b7,ESP-01,30ee7da8-e4e9-4ff2-bc0e-4bca7ed2fdcd,DIN2–BA-R3,,,Corredor,-92,Sala A,movimento,Corredor,True,Sala A,True,Corredor,False,True,Sala A,-63.5,-68.0,4.5,Corredor,True,True,False,True
2026-08-26 14:40:52,2026-08-26 14:40:51,2903,1366431522,2026-08-26 14:40:52,server,c3:00:00:13:3b:b7,ESP-03,193f9a84-3e54-4601-8906-4a0c18ec044f,DIN2–BA-R3,,,Sala B,-93,Sala A,movimento,Sala B,True,Sala A,False,Sala A,True,False,Sala A,-52.0,-92.0,40.0,Corredor,False,False,False,False
2026-08-26 14:40:53,2026-08-26 14:40:52,51,4156849429,2026-08-26 14:40:53,server,c3:00:00:13:3b:b7,ESP-02,3fc60147-d72c-4ae7-8ed0-98837221439b,DIN2–BA-R3,,,Sala A,-51,Sala A,movimento,Sala A,True,Sala A,False,Sala A,False,False,Sala A,-51.5,-51.5,,Corredor,False,False,False,False
2026-08-26 14:40:53,2026-08-26 14:40:52,2890,2605610151,2026-08-26 14:40:53,server,c3:00:00:13:3b:b7,ESP-01,8571a276-e6d1-4c5a-bc66-cf476d682048,DIN2–BA-R3,,,Corredor,-77,Sala A,movimento,Corredor,True,Sala A,False,Sala A,False,False,Sala A,-51.5,-51.5,,Sala A,True,False,True,True
2026-08-26 14:40:13,2026-08-26 14:40:12,45,4156849429,2026-08-26 14:40:13,server,c3:00:00:13:3b:f2,ESP-02,003ebf77-cd97-4137-86e0-c920d3afea1f,DIN2–BA-R3,,,Sala A,-74,,,Sala A,True,Sala A,True,Sala A,True,False,Sala A,-74.0,,,,False,False,False,False
2026-08-26 14:40:13,2026-08-26 14:40:12,2884,2605610151,2026-08-26 14:40:13,server,c3:00:00:13:3b:f2,ESP-01,8a7a9896-8936-4e60-ac44-3f2ef0d960a1,DIN2–BA-R3,,,Corredor,-83,,,Corredor,True,Sala A,False,Sala A,False,False,Sala A,-74.0,-74.0,,,False,False,False,False
2026-08-26 14:40:16,2026-08-26 14:40:15,2898,1366431522,2026-08-26 14:40:16,server,c3:00:00:13:3b:f2,ESP-03,00055275-65dd-4f29-9ed8-47dc8d42d426,DIN2–BA-R3,,,Sala B,-77,,,Sala B,True,Sala A,False,Sala A,False,False,Sala A,-74.0,-74.0,,Sala A,True,False,True,True
2026-08-26 14:40:19,2026-08-26 14:40:18,46,4156849429,2026-08-26 14:40:19,server,c3:00:00:13:3b:f2,ESP-02,19bba7cc-ee48-403e-b8d2-fdc51f9844a5,DIN2–BA-R3,,,Sala A,-77,,,Sala A,True,Sala A,False,Sala A,False,False,Sala A,-75.5,-75.5,,Sala A,False,True,True,True
2026-08-26 14:40:20,2026-08-26 14:40:19,2885,2605610151,2026-08-26 14:40:20,server,c3:00:00:13:3b:f2,ESP-01,02b58807-474e-4330-ad3e-4d582bd95f87,DIN2–BA-R3,,,Corredor,-84,,,Corredor,True,Sala A,False,Sala A,False,False,Sala A,-75.5,-75.5,,Sala A,False,False,True,True
2026-08-26 14:40:22,2026-08-26 14:40:21,2899,1366431522,2026-08-26 14:40:22,server,c3:00:00:13:3b:f2,ESP-03,1197ce07-839f-4abd-8bb3-7373a973bb5d,DIN2–BA-R3,,,Sala B,-83,,,Sala B,True,Sala A,False,Sala A,False,False,Sala A,-77.0,-77.0,,Sala A,False,False,True,True
2026-08-26 14:40:26,2026-08-26 14:40:25,47,4156849429,2026-08-26 14:40:26,server,c3:00:00:13:3b:f2,ESP-02,f7f49d9b-523d-42a1-b2e6-80c07f82352f,DIN2–BA-R3,,,Sala A,-76,,,Sala A,True,Sala A,False,Sala A,False,False,Sala A,-76.5,-76.5,,Sala A,False,True,True,True
2026-08-26 14:40:26,2026-08-26 14:40:26,2886,2605610151,2026-08-26 14:40:26,server,c3:00:00:13:3b:f2,ESP-01,79312dd4-114c-480d-a451-75e4b79c8970,DIN2–BA-R3,,,Corredor,-74,,,Corredor,True,Sala A,False,Sala A,False,False,Sala A,-76.5,-76.5,,Sala A,False,False,True,True
2026-08-26 14:40:32,2026-08-26 14:40:28,2900,1366431522,2026-08-26 14:40:32,server,c3:00:00:13:3b:f2,ESP-03,59595e67-bca8-4fc3-9acb-789c3c6e7eb3,DIN2–BA-R3,,,Sala B,-96,,,Sala B,True,Corredor,True,Sala A,False,True,Corredor,-74.0,-76.0,2.0,Sala A,False,False,False,True
2026-08-26 14:40:33,2026-08-26 14:40:32,48,4156849429,2026-08-26 14:40:33,server,c3:00:00:13:3b:f2,ESP-02,8ada6cb1-5327-472c-8574-41b64d6b193c,DIN2–BA-R3,,,Sala A,-73,,,Sala A,True,Corredor,False,Sala A,False,True,Corredor,-74.0,-74.5,0.5,Sala A,False,True,False,True
2026-08-26 14:40:33,2026-08-26 14:40:32,2887,2605610151,2026-08-26 14:40:33,server,c3:00:00:13:3b:f2,ESP-01,b199994a-48a1-4ab3-9a5a-7d5dd5ae3771,DIN2–BA-R3,,,Corredor,-82,,,Corredor,True,Sala A,True,Sala A,False,False,Sala A,-74.5,-74.5,,Sala A,False,False,True,True
2026-08-26 14:40:38,2026-08-26 14:40:37,2901,1366431522,2026-08-26 14:40:38,server,c3:00:00:13:3b:f2,ESP-03,b5731c3b-c273-44db-a13a-e26c9888d6fd,DIN2–BA-R3,,,Sala B,-85,,,Sala B,True,Sala A,False,Sala A,False,False,Sala A,-73.0,-73.0,,Sala A,False,False,True,True
2026-08-26 14:40:39,2026-08-26 14:40:38,49,4156849429,2026-08-26 14:40:39,server,c3:00:00:13:3b:f2,ESP-02,12749d85-950d-4842-a74f-4b66843b4f66,DIN2–BA-R3,,,Sala A,-77,,,Sala A,True,Sala A,False,Sala A,False,False,Sala A,-75.0,-75.0,,Sala A,False,True,True,True
2026-08-26 14:40:40,2026-08-26 14:40:39,2888,2605610151,2026-08-26 14:40:40,server,c3:00:00:13:3b:f2,ESP-01,1aba9b03-8f45-4fc3-b24d-fefa37a45f53,DIN2–BA-R3,,,Corredor,-84,,,Corredor,True,Sala A,False,Sala A,False,False,Sala A,-75.0,-75.0,,Sala A,False,False,True,True
2026-08-26 14:40:45,2026-08-26 14:40:44,2902,1366431522,2026-08-26 14:40:45,server,c3:00:00:13:3b:f2,ESP-03,96a98fe3-4784-47b9-9226-070e00a7061a,DIN2–BA-R3,,,Sala B,-78,,,Sala B,True,Sala A,False,Sala A,False,False,Sala A,-77.0,-77.0,,Sala A,False,False,True,True
2026-08-26 14:40:46,2026-08-26 14:40:45,50,4156849429,2026-08-26 14:40:46,server,c3:00:00:13:3b:f2,ESP-02,c48164ef-7dbb-433b-bba5-5a5ce795ae1a,DIN2–BA-R3,,,Sala A,-77,,,Sala A,True,Sala A,False,Sala A,False,False,Sala A,-77.0,-77.0,,Sala A,False,True,True,True
2026-08-26 14:40:46,2026-08-26 14:40:46,2889,2605610151,2026-08-26 14:40:46,server,c3:00:00:13:3b:f2,ESP-01,30ee7da8-e4e9-4ff2-bc0e-4bca7ed2fdcd,DIN2–BA-R3,,,Corredor,-83,,,Corredor,True,Sala A,False,Sala A,False,False,Sala A,-77.0,-77.0,,Sala A,False,False,True,True
2026-08-26 14:40:52,2026-08-26 14:40:51,2903,1366431522,2026-08-26 14:40:52,server,c3:00:00:13:3b:f2,ESP-03,193f9a84-3e54-4601-8906-4a0c18ec044f,DIN2–BA-R3,,,Sala B,-78,,,Sala B,True,Sala A,False,Sala A,False,False,Sala A,-77.0,-77.0,,Sala A,False,False,True,True
2026-08-26 14:40:53,2026-08-26 14:40:52,51,4156849429,2026-08-26 14:40:53,server,c3:00:00:13:3b:f2,ESP-02,3fc60147-d72c-4ae7-8ed0-98837221439b,DIN2–BA-R3,,,Sala A,-75,,,Sala A,True,Sala A,False,Sala A,False,False,Sala A,-76.0,-76.0,,Sala A,False,True,True,True
2026-08-26 14:40:53,2026-08-26 14:40:52,2890,2605610151,2026-08-26 14:40:53,server,c3:00:00:13:3b:f2,ESP-01,8571a276-e6d1-4c5a-bc66-cf476d682048,DIN2–BA-R3,,,Corredor,-89,,,Corredor,True,Sala A,False,Sala A,False,False,Sala A,-76.0,-76.0,,Sala A,False,False,True,True
2026-08-26 14:40:13,2026-08-26 14:40:12,45,4156849429,2026-08-26 14:40:13,server,c3:00:00:13:3c:1e,ESP-02,003ebf77-cd97-4137-86e0-c920d3afea1f,DIN2–BA-R3,,,Sala A,-72,,,Sala A,True,Sala A,True,Sala A,True,False,Sala A,-72.0,,,,False,False,False,False
2026-08-26 14:40:13,2026-08-26 14:40:12,2884,2605610151,2026-08-26 14:40:13,server,c3:00:00:13:3c:1e,ESP-01,8a7a9896-8936-4e60-ac44-3f2ef0d960a1,DIN2–BA-R3,,,Corredor,-78,,,Corredor,True,Sala A,False,Sala A,False,False,Sala A,-72.0,-72.0,,,False,False,False,False
2026-08-26 14:40:16,2026-08-26 14:40:15,2898,1366431522,2026-08-26 14:40:16,server,c3:00:00:13:3c:1e,ESP-03,00055275-65dd-4f29-9ed8-47dc8d42d426,DIN2–BA-R3,,,Sala B,-94,,,Sala B,True,Sala A,False,Sala A,False,False,Sala A,-72.0,-72.0,,Sala A,True,False,True,True
2026-08-26 14:40:19,2026-08-26 14:40:18,46,4156849429,2026-08-26 14:40:19,server,c3:00:00:13:3c:1e,ESP-02,19bba7cc-ee48-403e-b8d2-fdc51f9844a5,DIN2–BA-R3,,,Sala A,-71,,,Sala A,True,Sala A,False,Sala A,False,False,Sala A,-71.5,-71.5,,Sala A,False,True,True,True
2026-08-26 14:40:20,2026-08-26 14:40:19,2885,2605610151,2026-08-26 14:40:20,server,c3:00:00:13:3c:1e,ESP-01,02b58807-474e-4330-ad3e-4d582bd95f87,DIN2–BA-R3,,,Corredor,-83,,,Corredor,True,Sala A,False,Sala A,False,False,Sala A,-71.5,-71.5,,Sala A,False,False,True,True
2026-08-26 14:40:22,2026-08-26 14:40:21,2899,1366431522,2026-08-26 14:40:22,server,c3:00:00:13:3c:1e,ESP-03,1197ce07-839f-4abd-8bb3-7373a973bb5d,DIN2–BA-R3,,,Sala B,-77,,,Sala B,True,Sala A,False,Sala A,False,False,Sala A,-71.0,-71.0,,Sala A,False,False,True,True
2026-08-26 14:40:26,2026-08-26 14:40:25,47,4156849429,2026-08-26 14:40:26,server,c3:00:00:13:3c:1e,ESP-02,f7f49d9b-523d-42a1-b2e6-80c07f82352f,DIN2–BA-R3,,,Sala A,-71,,,Sala A,True,Sala A,False,Sala A,False,False,Sala A,-71.0,-71.0,,Sala A,False,True,True,True
2026-08-26 14:40:26,2026-08-26 14:40:26,2886,2605610151,2026-08-26 14:40:26,server,c3:00:00:13:3c:1e,ESP-01,79312dd4-114c-480d-a451-75e4b79c8970,DIN2–BA-R3,,,Corredor,-79,,,Corredor,True,Sala A,False,Sala A,False,False,Sala A,-71.0,-71.0,,Sala A,False,False,True,True
2026-08-26 14:40:32,2026-08-26 14:40:28,2900,1366431522,2026-08-26 14:40:32,server,c3:00:00:13:3c:1e,ESP-03,59595e67-bca8-4fc3-9acb-789c3c6e7eb3,DIN2–BA-R3,,,Sala B,-84,,,Sala B,True,Sala A,False,Sala A,False,False,Sala A,-71.0,-71.0,,Sala A,False,False,True,True
2026-08-26 14:40:33,2026-08-26 14:40:32,48,4156849429,2026-08-26 14:40:33,server,c3:00:00:13:3c:1e,ESP-02,8ada6cb1-5327-472c-8574-41b64d6b193c,DIN2–BA-R3,,,Sala A,-72,,,Sala A,True,Sala A,False,Sala A,False,False,Sala A,-71.5,-71.5,,Sala A,False,True,True,True
2026-08-26 14:40:33,2026-08-26 14:40:32,2887,2605610151,2026-08-26 14:40:33,server,c3:00:00:13:3c:1e,ESP-01,b199994a-48a1-4ab3-9a5a-7d5dd5ae3771,DIN2–BA-R3,,,Corredor,-77,,,Corredor,True,Sala A,False,Sala A,False,False,Sala A,-71.5,-71.5,,Sala A,False,False,True,True
2026-08-26 14:40:38,2026-08-26 14:40:37,2901,1366431522,2026-08-26 14:40:38,server,c3:00:00:13:3c:1e,ESP-03,b5731c3b-c273-44db-a13a-e26c9888d6fd,DIN2–BA-R3,,,Sala B,-78,,,Sala B,True,Sala A,False,Sala A,False,False,Sala A,-72.0,-72.0,,Sala A,False,False,True,True
2026-08-26 14:40:39,2026-08-26 14:40:38,49,4156849429,2026-08-26 14:40:39,server,c3:00:00:13:3c:1e,ESP-02,12749d85-950d-4842-a74f-4b66843b4f66,DIN2–BA-R3,,,Sala A,-66,,,Sala A,True,Sala A,False,Sala A,False,False,Sala A,-69.0,-69.0,,Sala A,False,True,True,True
2026-08-26 14:40:40,2026-08-26 14:40:39,2888,2605610151,2026-08-26 14:40:40,server,c3:00:00:13:3c:1e,ESP-01,1aba9b03-8f45-4fc3-b24d-fefa37a45f53,DIN2–BA-R3,,,Corredor,-80,,,Corredor,True,Sala A,False,Sala A,False,False,Sala A,-69.0,-69.0,,Sala A,False,False,True,True
2026-08-26 14:40:45,2026-08-26 14:40:44,2902,1366431522,2026-08-26 14:40:45,server,c3:00:00:13:3c:1e,ESP-03,96a98fe3-4784-47b9-9226-070e00a7061a,DIN2–BA-R3,,,Sala B,-89,,,Sala B,True,Sala A,False,Sala A,False,False,Sala A,-66.0,-66.0,,Sala A,False,False,True,True
2026-08-26 14:40:46,2026-08-26 14:40:45,50,4156849429,2026-08-26 14:40:46,server,c3:00:00:13:3c:1e,ESP-02,c48164ef-7dbb-433b-bba5-5a5ce795ae1a,DIN2–BA-R3,,,Sala A,-68,,,Sala A,True,Sala A,False,Sala A,False,False,Sala A,-67.0,-67.0,,Sala A,False,True,True,True
2026-08-26 14:40:46,2026-08-26 14:40:46,2889,2605610151,2026-08-26 14:40:46,server,c3:00:00:13:3c:1e,ESP-01,30ee7da8-e4e9-4ff2-bc0e-4bca7ed2fdcd,DIN2–BA-R3,,,Corredor,-95,,,Corredor,True,Sala A,False,Sala A,False,False,Sala A,-67.0,-67.0,,Sala A,False,False,True,True
2026-08-26 14:40:52,2026-08-26 14:40:51,2903,1366431522,2026-08-26 14:40:52,server,c3:00:00:13:3c:1e,ESP-03,193f9a84-3e54-4601-8906-4a0c18ec044f,DIN2–BA-R3,,,Sala B,-78,,,Sala B,True,Sala A,False,Sala A,False,False,Sala A,-68.0,-68.0,,Sala A,False,False,True,True
2026-08-26 14:40:53,2026-08-26 14:40:52,51,4156849429,2026-08-26 14:40:53,server,c3:00:00:13:3c:1e,ESP-02,3fc60147-d72c-4ae7-8ed0-98837221439b,DIN2–BA-R3,,,Sala A,-75,,,Sala A,True,Sala A,False,Sala A,False,False,Sala A,-71.5,-71.5,,Sala A,False,True,True,True
2026-08-26 14:40:53,2026-08-26 14:40:52,2890,2605610151,2026-08-26 14:40:53,server,c3:00:00:13:3c:1e,ESP-01,8571a276-e6d1-4c5a-bc66-cf476d682048,DIN2–BA-R3,,,Corredor,-78,,,Corredor,True,Sala A,False,Sala A,False,False,Sala A,-71.5,-71.5,,Sala A,False,False,True,True
2026-08-26 14:43:11,2026-08-26 14:43:10,2924,1366431522,2026-08-26 14:43:11,server,c3:00:00:13:3b:b7,ESP-03,b9e3263d-33de-4839-aafb-f9b5b002ff2d,DIN2–BA-R4,,,Sala B,-84,Sala B,movimento,Sala B,True,Sala B,True,Sala B,True,False,Sala B,-84.0,,,,False,False,False,False
2026-08-26 14:43:12,2026-08-26 14:43:11,2911,2605610151,2026-08-26 14:43:12,server,c3:00:00:13:3b:b7,ESP-01,5f386af5-1c77-4f1c-99cd-13a0df688513,DIN2–BA-R4,,,Corredor,-85,Sala B,movimento,Corredor,True,Sala B,False,Sala B,False,False,Sala B,-84.0,-84.0,,,False,False,False,False
2026-08-26 14:43:15,2026-08-26 14:43:11,72,4156849429,2026-08-26 14:43:15,server,c3:00:00:13:3b:b7,ESP-02,99a6f235-3905-4bc3-8805-b90b09a135ac,DIN2–BA-R4,,,Sala A,-103,Sala B,movimento,Sala A,True,Sala B,False,Sala B,False,False,Sala B,-84.0,-84.0,,Sala B,True,False,True,True
2026-08-26 14:43:18,2026-08-26 14:43:17,2925,1366431522,2026-08-26 14:43:18,server,c3:00:00:13:3b:b7,ESP-03,d63ff597-bae8-48fe-9bfe-dead27c5f492,DIN2–BA-R4,,,Sala B,-56,Sala B,movimento,Sala B,True,Sala B,False,Sala B,False,False,Sala B,-70.0,-70.0,,Sala B,False,True,True,True
2026-08-26 14:43:19,2026-08-26 14:43:18,2912,2605610151,2026-08-26 14:43:19,server,c3:00:00:13:3b:b7,ESP-01,7bfe0931-ce6e-4756-84c1-e3b27d375095,DIN2–BA-R4,,,Corredor,-85,Sala B,movimento,Corredor,True,Sala B,False,Sala B,False,False,Sala B,-70.0,-70.0,,Sala B,False,False,True,True
2026-08-26 14:43:21,2026-08-26 14:43:20,73,4156849429,2026-08-26 14:43:21,server,c3:00:00:13:3b:b7,ESP-02,e00ec745-485c-40b6-b0db-4fdde672ab34,DIN2–BA-R4,,,Sala A,-94,Sala B,movimento,Sala A,True,Sala B,False,Sala B,False,False,Sala B,-56.0,-56.0,,Sala B,False,False,True,True
2026-08-26 14:43:24,2026-08-26 14:43:23,2926,1366431522,2026-08-26 14:43:24,server,c3:00:00:13:3b:b7,ESP-03,b67eb917-ce54-4cef-9c6c-55e5ce191db9,DIN2–BA-R4,,,Sala B,-62,Sala B,movimento,Sala B,True,Sala B,False,Sala B,False,False,Sala B,-59.0,-59.0,,Sala B,False,True,True,True
2026-08-26 14:43:26,2026-08-26 14:43:25,2913,2605610151,2026-08-26 14:43:26,server,c3:00:00:13:3b:b7,ESP-01,0669591c-11e4-4d21-8020-5d8102742697,DIN2–BA-R4,,,Corredor,-85,Sala B,movimento,Corredor,True,Sala B,False,Sala B,False,False,Sala B,-59.0,-59.0,,Sala B,False,False,True,True
2026-08-26 14:43:28,2026-08-26 14:43:27,74,4156849429,2026-08-26 14:43:28,server,c3:00:00:13:3b:b7,ESP-02,82cd75d5-6a89-4aee-8edd-662a166e6cf1,DIN2–BA-R4,,,Sala A,-101,Corredor,movimento,Sala A,True,Sala B,False,Sala B,False,False,Sala B,-62.0,-62.0,,Sala B,False,False,True,True
2026-08-26 14:43:31,2026-08-26 14:43:30,2927,1366431522,2026-08-26 14:43:31,server,c3:00:00:13:3b:b7,ESP-03,6dde4323-7d4a-443a-9b9b-f90aaf993521,DIN2–BA-R4,,,Sala B,-72,Corredor,movimento,Sala B,True,Sala B,False,Sala B,False,False,Sala B,-67.0,-67.0,,Sala B,False,True,True,True
2026-08-26 14:43:32,2026-08-26 14:43:31,2914,2605610151,2026-08-26 14:43:32,server,c3:00:00:13:3b:b7,ESP-01,b082e057-b119-4c97-aa26-90d31f37595a,DIN2–BA-R4,,,Corredor,-69,Corredor,movimento,Corredor,True,Sala B,False,Sala B,False,False,Sala B,-67.0,-67.0,,Sala B,False,False,True,True
2026-08-26 14:43:34,2026-08-26 14:43:33,75,4156849429,2026-08-26 14:43:34,server,c3:00:00:13:3b:b7,ESP-02,a5be664d-1afc-4e00-b07d-9f5e5816c49b,DIN2–BA-R4,,,Sala A,-78,Sala A,movimento,Sala A,True,Sala B,False,Sala B,False,False,Sala B,-72.0,-72.0,,Sala B,False,False,True,True
2026-08-26 14:43:37,2026-08-26 14:43:37,2928,1366431522,2026-08-26 14:43:37,server,c3:00:00:13:3b:b7,ESP-03,4b9d3d6f-e8fe-4122-b7cd-50678a87f248,DIN2–BA-R4,,,Sala B,-94,Sala A,movimento,Sala B,True,Corredor,True,Corredor,True,False,Corredor,-69.0,-83.0,14.0,Sala B,False,True,False,False
2026-08-26 14:43:39,2026-08-26 14:43:38,2915,2605610151,2026-08-26 14:43:39,server,c3:00:00:13:3b:b7,ESP-01,2dfcc23b-e16f-4822-bb2f-92bc5abfaaaf,DIN2–BA-R4,,,Corredor,-83,Sala A,movimento,Corredor,True,Corredor,False,Corredor,False,False,Corredor,-76.0,-76.0,,Sala B,False,False,False,False
2026-08-26 14:43:41,2026-08-26 14:43:40,76,4156849429,2026-08-26 14:43:41,server,c3:00:00:13:3b:b7,ESP-02,4b0e1b7b-7471-4ca4-997c-9cf13a6d7d9f,DIN2–BA-R4,,,Sala A,-76,Sala A,movimento,Sala A,True,Sala A,True,Sala A,True,False,Sala A,-77.0,-83.0,6.0,Sala B,False,False,False,False
2026-08-26 14:43:44,2026-08-26 14:43:43,2929,1366431522,2026-08-26 14:43:44,server,c3:00:00:13:3b:b7,ESP-03,25789cea-8a1e-48cb-a45e-c259f1f62ab9,DIN2–BA-R4,,,Sala B,-89,Sala A,movimento,Sala B,True,Sala A,False,Sala A,False,False,Sala A,-76.0,-76.0,,Sala B,False,True,False,False
2026-08-26 14:43:46,2026-08-26 14:43:45,2916,2605610151,2026-08-26 14:43:46,server,c3:00:00:13:3b:b7,ESP-01,aa1c7bd9-38a5-4c38-bfa0-2e3e557313f5,DIN2–BA-R4,,,Corredor,-89,Sala A,movimento,Corredor,True,Sala A,False,Sala A,False,False,Sala A,-76.0,-76.0,,Sala A,True,False,True,True
2026-08-26 14:43:47,2026-08-26 14:43:46,77,4156849429,2026-08-26 14:43:47,server,c3:00:00:13:3b:b7,ESP-02,eace6e01-a1c7-425b-af18-95a4239d95a3,DIN2–BA-R4,,,Sala A,-62,Sala A,movimento,Sala A,True,Sala A,False,Sala A,False,False,Sala A,-69.0,-69.0,,Sala A,False,True,True,True
2026-08-26 14:43:11,2026-08-26 14:43:10,2924,1366431522,2026-08-26 14:43:11,server,c3:00:00:13:3b:f2,ESP-03,b9e3263d-33de-4839-aafb-f9b5b002ff2d,DIN2–BA-R4,,,Sala B,-83,,,Sala B,True,Sala B,True,Sala B,True,False,Sala B,-83.0,,,,False,False,False,False
2026-08-26 14:43:12,2026-08-26 14:43:11,2911,2605610151,2026-08-26 14:43:12,server,c3:00:00:13:3b:f2,ESP-01,5f386af5-1c77-4f1c-99cd-13a0df688513,DIN2–BA-R4,,,Corredor,-74,,,Corredor,True,Corredor,True,Corredor,True,False,Corredor,-74.0,-83.0,9.0,,False,False,False,False
2026-08-26 14:43:15,2026-08-26 14:43:11,72,4156849429,2026-08-26 14:43:15,server,c3:00:00:13:3b:f2,ESP-02,99a6f235-3905-4bc3-8805-b90b09a135ac,DIN2–BA-R4,,,Sala A,-77,,,Sala A,True,Corredor,False,Corredor,False,False,Corredor,-74.0,-74.0,,,False,False,False,False
2026-08-26 14:43:18,2026-08-26 14:43:17,2925,1366431522,2026-08-26 14:43:18,server,c3:00:00:13:3b:f2,ESP-03,d63ff597-bae8-48fe-9bfe-dead27c5f492,DIN2–BA-R4,,,Sala B,-85,,,Sala B,True,Corredor,False,Corredor,False,False,Corredor,-74.0,-74.0,,Corredor,True,False,True,True
2026-08-26 14:43:19,2026-08-26 14:43:18,2912,2605610151,2026-08-26 14:43:19,server,c3:00:00:13:3b:f2,ESP-01,7bfe0931-ce6e-4756-84c1-e3b27d375095,DIN2–BA-R4,,,Corredor,-82,,,Corredor,True,Sala A,True,Corredor,False,True,Sala A,-77.0,-78.0,1.0,Corredor,False,True,False,True
2026-08-26 14:43:21,2026-08-26 14:43:20,73,4156849429,2026-08-26 14:43:21,server,c3:00:00:13:3b:f2,ESP-02,e00ec745-485c-40b6-b0db-4fdde672ab34,DIN2–BA-R4,,,Sala A,-78,,,Sala A,True,Sala A,False,Corredor,False,True,Sala A,-77.5,-82.0,4.5,Corredor,False,False,False,True
2026-08-26 14:43:24,2026-08-26 14:43:23,2926,1366431522,2026-08-26 14:43:24,server,c3:00:00:13:3b:f2,ESP-03,b67eb917-ce54-4cef-9c6c-55e5ce191db9,DIN2–BA-R4,,,Sala B,-84,,,Sala B,True,Sala A,False,Corredor,False,True,Sala A,-78.0,-82.0,4.0,Corredor,False,False,False,True
2026-08-26 14:43:26,2026-08-26 14:43:25,2913,2605610151,2026-08-26 14:43:26,server,c3:00:00:13:3b:f2,ESP-01,0669591c-11e4-4d21-8020-5d8102742697,DIN2–BA-R4,,,Corredor,-85,,,Corredor,True,Sala A,False,Sala A,True,False,Sala A,-78.0,-83.5,5.5,Corredor,False,True,False,False
2026-08-26 14:43:28,2026-08-26 14:43:27,74,4156849429,2026-08-26 14:43:28,server,c3:00:00:13:3b:f2,ESP-02,82cd75d5-6a89-4aee-8edd-662a166e6cf1,DIN2–BA-R4,,,Sala A,-74,,,Sala A,True,Sala A,False,Sala A,False,False,Sala A,-76.0,-76.0,,Corredor,False,False,False,False
2026-08-26 14:43:31,2026-08-26 14:43:30,2927,1366431522,2026-08-26 14:43:31,server,c3:00:00:13:3b:f2,ESP-03,6dde4323-7d4a-443a-9b9b-f90aaf993521,DIN2–BA-R4,,,Sala B,-78,,,Sala B,True,Sala A,False,Sala A,False,False,Sala A,-74.0,-74.0,,Sala A,True,False,True,True
2026-08-26 14:43:32,2026-08-26 14:43:31,2914,2605610151,2026-08-26 14:43:32,server,c3:00:00:13:3b:f2,ESP-01,b082e057-b119-4c97-aa26-90d31f37595a,DIN2–BA-R4,,,Corredor,-74,,,Corredor,True,Sala A,False,Sala A,False,False,Sala A,-74.0,-74.0,,Sala A,False,False,True,True
2026-08-26 14:43:34,2026-08-26 14:43:33,75,4156849429,2026-08-26 14:43:34,server,c3:00:00:13:3b:f2,ESP-02,a5be664d-1afc-4e00-b07d-9f5e5816c49b,DIN2–BA-R4,,,Sala A,-74,,,Sala A,True,Sala A,False,Sala A,False,False,Sala A,-74.0,-74.0,,Sala A,False,True,True,True
2026-08-26 14:43:37,2026-08-26 14:43:37,2928,1366431522,2026-08-26 14:43:37,server,c3:00:00:13:3b:f2,ESP-03,4b9d3d6f-e8fe-4122-b7cd-50678a87f248,DIN2–BA-R4,,,Sala B,-78,,,Sala B,True,Sala A,False,Sala A,False,False,Sala A,-74.0,-74.0,,Sala A,False,False,True,True
2026-08-26 14:43:39,2026-08-26 14:43:38,2915,2605610151,2026-08-26 14:43:39,server,c3:00:00:13:3b:f2,ESP-01,2dfcc23b-e16f-4822-bb2f-92bc5abfaaaf,DIN2–BA-R4,,,Corredor,-75,,,Corredor,True,Sala A,False,Sala A,False,False,Sala A,-74.0,-74.0,,Sala A,False,False,True,True
2026-08-26 14:43:41,2026-08-26 14:43:40,76,4156849429,2026-08-26 14:43:41,server,c3:00:00:13:3b:f2,ESP-02,4b0e1b7b-7471-4ca4-997c-9cf13a6d7d9f,DIN2–BA-R4,,,Sala A,-74,,,Sala A,True,Sala A,False,Sala A,False,False,Sala A,-74.0,-74.0,,Sala A,False,True,True,True
2026-08-26 14:43:44,2026-08-26 14:43:43,2929,1366431522,2026-08-26 14:43:44,server,c3:00:00:13:3b:f2,ESP-03,25789cea-8a1e-48cb-a45e-c259f1f62ab9,DIN2–BA-R4,,,Sala B,-78,,,Sala B,True,Sala A,False,Sala A,False,False,Sala A,-74.0,-74.0,,Sala A,False,False,True,True
2026-08-26 14:43:46,2026-08-26 14:43:45,2916,2605610151,2026-08-26 14:43:46,server,c3:00:00:13:3b:f2,ESP-01,aa1c7bd9-38a5-4c38-bfa0-2e3e557313f5,DIN2–BA-R4,,,Corredor,-85,,,Corredor,True,Sala A,False,Sala A,False,False,Sala A,-74.0,-74.0,,Sala A,False,False,True,True
2026-08-26 14:43:47,2026-08-26 14:43:46,77,4156849429,2026-08-26 14:43:47,server,c3:00:00:13:3b:f2,ESP-02,eace6e01-a1c7-425b-af18-95a4239d95a3,DIN2–BA-R4,,,Sala A,-72,,,Sala A,True,Sala A,False,Sala A,False,False,Sala A,-73.0,-73.0,,Sala A,False,True,True,True
2026-08-26 14:43:11,2026-08-26 14:43:10,2924,1366431522,2026-08-26 14:43:11,server,c3:00:00:13:3c:1e,ESP-03,b9e3263d-33de-4839-aafb-f9b5b002ff2d,DIN2–BA-R4,,,Sala B,-90,,,Sala B,True,Sala B,True,Sala B,True,False,Sala B,-90.0,,,,False,False,False,False
2026-08-26 14:43:12,2026-08-26 14:43:11,2911,2605610151,2026-08-26 14:43:12,server,c3:00:00:13:3c:1e,ESP-01,5f386af5-1c77-4f1c-99cd-13a0df688513,DIN2–BA-R4,,,Corredor,-82,,,Corredor,True,Corredor,True,Corredor,True,False,Corredor,-82.0,-90.0,8.0,,False,False,False,False
2026-08-26 14:43:15,2026-08-26 14:43:11,72,4156849429,2026-08-26 14:43:15,server,c3:00:00:13:3c:1e,ESP-02,99a6f235-3905-4bc3-8805-b90b09a135ac,DIN2–BA-R4,,,Sala A,-73,,,Sala A,True,Sala A,True,Sala A,True,False,Sala A,-73.0,-82.0,9.0,,False,False,False,False
2026-08-26 14:43:18,2026-08-26 14:43:17,2925,1366431522,2026-08-26 14:43:18,server,c3:00:00:13:3c:1e,ESP-03,d63ff597-bae8-48fe-9bfe-dead27c5f492,DIN2–BA-R4,,,Sala B,-78,,,Sala B,True,Sala A,False,Sala A,False,False,Sala A,-73.0,-73.0,,,False,False,False,False
2026-08-26 14:43:19,2026-08-26 14:43:18,2912,2605610151,2026-08-26 14:43:19,server,c3:00:00:13:3c:1e,ESP-01,7bfe0931-ce6e-4756-84c1-e3b27d375095,DIN2–BA-R4,,,Corredor,-84,,,Corredor,True,Sala A,False,Sala A,False,False,Sala A,-73.0,-73.0,,Sala A,True,False,True,True
2026-08-26 14:43:21,2026-08-26 14:43:20,73,4156849429,2026-08-26 14:43:21,server,c3:00:00:13:3c:1e,ESP-02,e00ec745-485c-40b6-b0db-4fdde672ab34,DIN2–BA-R4,,,Sala A,-73,,,Sala A,True,Sala A,False,Sala A,False,False,Sala A,-73.0,-73.0,,Sala A,False,True,True,True
2026-08-26 14:43:24,2026-08-26 14:43:23,2926,1366431522,2026-08-26 14:43:24,server,c3:00:00:13:3c:1e,ESP-03,b67eb917-ce54-4cef-9c6c-55e5ce191db9,DIN2–BA-R4,,,Sala B,-83,,,Sala B,True,Sala A,False,Sala A,False,False,Sala A,-73.0,-73.0,,Sala A,False,False,True,True
2026-08-26 14:43:26,2026-08-26 14:43:25,2913,2605610151,2026-08-26 14:43:26,server,c3:00:00:13:3c:1e,ESP-01,0669591c-11e4-4d21-8020-5d8102742697,DIN2–BA-R4,,,Corredor,-85,,,Corredor,True,Sala A,False,Sala A,False,False,Sala A,-73.0,-73.0,,Sala A,False,False,True,True
2026-08-26 14:43:28,2026-08-26 14:43:27,74,4156849429,2026-08-26 14:43:28,server,c3:00:00:13:3c:1e,ESP-02,82cd75d5-6a89-4aee-8edd-662a166e6cf1,DIN2–BA-R4,,,Sala A,-66,,,Sala A,True,Sala A,False,Sala A,False,False,Sala A,-69.5,-69.5,,Sala A,False,True,True,True
2026-08-26 14:43:31,2026-08-26 14:43:30,2927,1366431522,2026-08-26 14:43:31,server,c3:00:00:13:3c:1e,ESP-03,6dde4323-7d4a-443a-9b9b-f90aaf993521,DIN2–BA-R4,,,Sala B,-85,,,Sala B,True,Sala A,False,Sala A,False,False,Sala A,-66.0,-66.0,,Sala A,False,False,True,True
2026-08-26 14:43:32,2026-08-26 14:43:31,2914,2605610151,2026-08-26 14:43:32,server,c3:00:00:13:3c:1e,ESP-01,b082e057-b119-4c97-aa26-90d31f37595a,DIN2–BA-R4,,,Corredor,-78,,,Corredor,True,Sala A,False,Sala A,False,False,Sala A,-66.0,-66.0,,Sala A,False,False,True,True
2026-08-26 14:43:34,2026-08-26 14:43:33,75,4156849429,2026-08-26 14:43:34,server,c3:00:00:13:3c:1e,ESP-02,a5be664d-1afc-4e00-b07d-9f5e5816c49b,DIN2–BA-R4,,,Sala A,-72,,,Sala A,True,Sala A,False,Sala A,False,False,Sala A,-69.0,-69.0,,Sala A,False,True,True,True
2026-08-26 14:43:37,2026-08-26 14:43:37,2928,1366431522,2026-08-26 14:43:37,server,c3:00:00:13:3c:1e,ESP-03,4b9d3d6f-e8fe-4122-b7cd-50678a87f248,DIN2–BA-R4,,,Sala B,-78,,,Sala B,True,Sala A,False,Sala A,False,False,Sala A,-72.0,-72.0,,Sala A,False,False,True,True
2026-08-26 14:43:39,2026-08-26 14:43:38,2915,2605610151,2026-08-26 14:43:39,server,c3:00:00:13:3c:1e,ESP-01,2dfcc23b-e16f-4822-bb2f-92bc5abfaaaf,DIN2–BA-R4,,,Corredor,-81,,,Corredor,True,Sala A,False,Sala A,False,False,Sala A,-72.0,-72.0,,Sala A,False,False,True,True
2026-08-26 14:43:41,2026-08-26 14:43:40,76,4156849429,2026-08-26 14:43:41,server,c3:00:00:13:3c:1e,ESP-02,4b0e1b7b-7471-4ca4-997c-9cf13a6d7d9f,DIN2–BA-R4,,,Sala A,-68,,,Sala A,True,Sala A,False,Sala A,False,False,Sala A,-70.0,-70.0,,Sala A,False,True,True,True
2026-08-26 14:43:44,2026-08-26 14:43:43,2929,1366431522,2026-08-26 14:43:44,server,c3:00:00:13:3c:1e,ESP-03,25789cea-8a1e-48cb-a45e-c259f1f62ab9,DIN2–BA-R4,,,Sala B,-78,,,Sala B,True,Sala A,False,Sala A,False,False,Sala A,-68.0,-68.0,,Sala A,False,False,True,True
2026-08-26 14:43:46,2026-08-26 14:43:45,2916,2605610151,2026-08-26 14:43:46,server,c3:00:00:13:3c:1e,ESP-01,aa1c7bd9-38a5-4c38-bfa0-2e3e557313f5,DIN2–BA-R4,,,Corredor,-90,,,Corredor,True,Sala A,False,Sala A,False,False,Sala A,-68.0,-68.0,,Sala A,False,False,True,True
2026-08-26 14:43:47,2026-08-26 14:43:46,77,4156849429,2026-08-26 14:43:47,server,c3:00:00:13:3c:1e,ESP-02,eace6e01-a1c7-425b-af18-95a4239d95a3,DIN2–BA-R4,,,Sala A,-68,,,Sala A,True,Sala A,False,Sala A,False,False,Sala A,-68.0,-68.0,,Sala A,False,True,True,True
